tokenizer,lang_code,median_premium,p90_premium,total_premium,tokens_per_char,bytes_per_char,script
cl100k,ace_Arab,3.736842105263158,4.713445378151261,3.772937973659039,0.9186395435286951,1.79061080805095,Arab
cl100k,ace_Latn,1.967741935483871,2.532941176470588,1.9943344860569494,0.3818923431324894,1.0177807835098027,Latn
cl100k,acm_Arab,2.9642857142857144,3.6869318181818183,2.9767125303509676,0.7120993434601236,1.8170577156636685,Arab
cl100k,acq_Arab,3.0,3.721875,3.003090280332573,0.7090676928155104,1.8180120392970995,Arab
cl100k,aeb_Arab,2.90180006428801,3.652972493345164,2.9128099477595466,0.7062853472730192,1.815739237480152,Arab
cl100k,afr_Latn,1.6923076923076923,2.0,1.6885071002869545,0.32856089511851155,1.0114681690302167,Latn
cl100k,ajp_Arab,2.8554006968641117,3.5,2.8319108233389745,0.7058807347021119,1.805192066097514,Arab
cl100k,aka_Latn,2.648529411764706,3.649705882352941,2.6950555514678833,0.5522453318055378,1.0998846614852285,Latn
cl100k,als_Latn,2.2222222222222223,2.8181818181818183,2.2464130674711207,0.4151618166983954,1.0777943976067446,Latn
cl100k,amh_Ethi,7.622023809523809,9.586987522281639,7.593407401957178,2.3688656291603545,2.5874535187990633,Ethi
cl100k,apc_Arab,2.8333333333333335,3.4782608695652173,2.81686410124347,0.709061443719035,1.8142705005324813,Arab
cl100k,arb_Arab,3.0208423795049937,3.7723776223776224,3.0272974762710616,0.7074277854195323,1.8163342503438789,Arab
cl100k,arb_Latn,2.449944382647386,3.124621212121212,2.4496357883893753,0.4327644252641978,1.0004289558175508,Latn
cl100k,ars_Arab,3.0285714285714285,3.764235294117647,3.032043263924656,0.7078613084144257,1.8169130214461784,Arab
cl100k,ary_Arab,2.945195195195195,3.75,2.957251122066073,0.7078174805839776,1.8151999718225524,Arab
cl100k,arz_Arab,2.943650793650794,3.7080882352941176,2.9521006548451183,0.7053177463303155,1.8150654829920014,Arab
cl100k,asm_Beng,6.171572750210261,7.714285714285714,6.15201236112133,1.3277752634128137,2.660536909554322,Beng
cl100k,ast_Latn,1.581989247311828,1.9583333333333333,1.5886984033551614,0.3160005268626791,1.034677808836658,Latn
cl100k,awa_Deva,4.738791423001949,5.9523809523809526,4.746339489367964,1.006255215929742,2.5784436835578295,Deva
cl100k,ayr_Latn,2.1666666666666665,2.875,2.176513869472445,0.4267926706103015,1.0235247439041986,Latn
cl100k,azb_Arab,3.3100961538461537,4.23041958041958,3.321131631226547,0.7707643181585329,1.83661760185786,Arab
cl100k,azj_Latn,2.64,3.44375,2.638915458759473,0.4988698561066021,1.1586026553165447,Latn
cl100k,bak_Cyrl,4.264245014245015,5.655172413793103,4.256015009933044,0.868240733096673,1.840426889217445,Cyrl
cl100k,bam_Latn,2.530330882352941,3.4163793103448272,2.558788904422044,0.5498217405396004,1.0883708429182377,Latn
cl100k,ban_Latn,1.7894736842105263,2.2285714285714286,1.7912221322934294,0.33427161070185435,1.002656926889885,Latn
cl100k,bel_Cyrl,3.4409302325581397,4.590151515151515,3.498234125524244,0.6424541750839476,1.8304224743089947,Cyrl
cl100k,bem_Latn,2.1923076923076925,2.8179425837320573,2.2140754911338387,0.37433757121886896,1.0024257955365363,Latn
cl100k,ben_Beng,5.804417122040073,7.2327272727272724,5.798911044073284,1.2215092760496582,2.6710838331705955,Beng
cl100k,bho_Deva,4.605661881977672,5.894152046783625,4.680965344713413,0.989132124755123,2.5543316023508194,Deva
cl100k,bjn_Arab,3.75,4.768974358974359,3.776028253991612,0.8395910020449898,1.8284498977505113,Arab
cl100k,bjn_Latn,1.70479302832244,2.133157894736842,1.7099183283054964,0.3363120649484089,1.0016569948336493,Latn
cl100k,bod_Tibt,11.359237536656892,14.695217391304347,11.185085718490177,2.0510756859226476,2.962302082560328,Tibt
cl100k,bos_Latn,1.875,2.3333333333333335,1.8730409830034582,0.3851239419360207,1.0278670791760907,Latn
cl100k,bug_Latn,1.9375,2.6064285714285713,1.9639835185048928,0.38299291909691585,1.0303539016708636,Latn
cl100k,bul_Cyrl,2.607919254658385,3.25,2.6307482893091017,0.5188353431137811,1.8180894751353156,Cyrl
cl100k,cat_Latn,1.71875,2.1169934640522876,1.710028695460231,0.31881533101045295,1.0208030398639194,Latn
cl100k,ceb_Latn,1.9411764705882353,2.4328571428571424,1.9303583253623722,0.3306613731606642,1.0003402968144437,Latn
cl100k,ces_Latn,2.105295566502463,2.646638655462185,2.101243469943345,0.448824033255538,1.1191132904280314,Latn
cl100k,cjk_Latn,1.9607692307692308,2.5763736263736265,1.961224339636524,0.3827486681696127,1.0036975344983559,Latn
cl100k,ckb_Arab,4.8125,6.149285714285715,4.795820763740711,1.0137962142068344,1.838209447373742,Arab
cl100k,crh_Latn,2.1052631578947367,2.6816363636363634,2.1102935766315944,0.4266228357232106,1.0991179270542035,Latn
cl100k,cym_Latn,2.1363636363636362,2.676344086021505,2.1348686630858658,0.41076497278319285,1.0038223864432694,Latn
cl100k,dan_Latn,1.625,2.0354761904761904,1.627694798028107,0.32662281575975016,1.0214456034667316,Latn
cl100k,deu_Latn,1.570436507936508,1.9628205128205127,1.5857184901773231,0.2802371772783127,1.0165725022592955,Latn
cl100k,dik_Latn,2.1471861471861473,3.210526315789474,2.238834522846001,0.5438086982941193,1.1302331400180508,Latn
cl100k,dyu_Latn,2.0357142857142856,2.764425770308123,2.0623942314767127,0.42196061901607756,1.0655973384717288,Latn
cl100k,dzo_Tibt,12.183501683501683,16.165384615384617,12.142116106246782,2.0197725937530597,2.9262337217272103,Tibt
cl100k,ell_Grek,5.145502645502646,6.529849137931034,5.130196453535428,0.8838136404256532,1.8219113834999143,Grek
cl100k,eng_Latn,1.0,1.0,1.0,0.20597729718260765,1.0009851022232998,Latn
cl100k,epo_Latn,1.8571428571428572,2.3157894736842106,1.8656463836362298,0.3862535417237912,1.0186606952441886,Latn
cl100k,est_Latn,1.8628526645768024,2.357142857142857,1.872010889559267,0.3930588062629867,1.0310523022733067,Latn
cl100k,eus_Latn,1.875,2.4,1.8814656758148776,0.36570227249974974,1.0031963731533258,Latn
cl100k,ewe_Latn,2.68711943793911,3.816363636363636,2.7341991023471417,0.5830515654786654,1.0985259161050922,Latn
cl100k,fao_Latn,2.08,2.611111111111111,2.0778088440879996,0.42054982203755825,1.0772759087998331,Latn
cl100k,fij_Latn,2.1297335203366057,2.7723776223776224,2.1623500846148187,0.37877391623758677,1.0009473053351978,Latn
cl100k,fin_Latn,2.0,2.5,1.9938562283864323,0.38673193426620334,1.0405948294931533,Latn
cl100k,fon_Latn,3.5833333333333335,5.115274725274725,3.661835037892723,0.7357776463630987,1.2342770549970432,Latn
cl100k,fra_Latn,1.6,1.9472261735419631,1.6080494444853213,0.27719293795342703,1.0401932930850795,Latn
cl100k,fur_Latn,1.8509259259259259,2.3122844827586206,1.8493120447354867,0.34778397376468473,1.034302397985305,Latn
cl100k,fuv_Latn,1.7609523809523808,2.691826923076923,1.8528437936869988,0.41227222867994956,1.024402023542509,Latn
cl100k,gaz_Latn,2.3,2.9130434782608696,2.3142888676329925,0.4021723842524518,1.0153754682964877,Latn
cl100k,gla_Latn,2.4082491582491583,3.074074074074074,2.4120373776764037,0.4031333776039745,1.0401325659755527,Latn
cl100k,gle_Latn,2.3190909090909093,2.9968749999999993,2.3240011772496505,0.41428496478272847,1.0640075549900971,Latn
cl100k,glg_Latn,1.5571895424836601,1.9061011904761904,1.5616216613935692,0.29045523904668713,1.024592351327125,Latn
cl100k,grn_Latn,2.16,2.825296442687747,2.1675005518357735,0.44307824203591734,1.0753466895286226,Latn
cl100k,guj_Gujr,7.653010033444817,9.666666666666666,7.662350084614818,1.6474040560635301,2.618628784762869,Gujr
cl100k,hat_Latn,1.72,2.1760649087221093,1.7382826870723274,0.3895750540045842,1.027950464192075,Latn
cl100k,hau_Latn,2.0,2.518390804597701,1.9940401736443234,0.3869664236911808,1.011708515088992,Latn
cl100k,heb_Hebr,3.68,4.5,3.643256566845707,0.9703784271072178,1.7939620201070021,Hebr
cl100k,hin_Deva,4.760262725779967,5.944444444444445,4.759178868368774,0.9869162871245585,2.5716857772793507,Deva
cl100k,hne_Deva,4.701851851851852,5.788304093567252,4.668273121918917,0.999464402454297,2.568395018942825,Deva
cl100k,hrv_Latn,1.84,2.2857142857142856,1.842174968729306,0.3884294956327474,1.0288021471678794,Latn
cl100k,hun_Latn,2.130434782608696,2.7684981684981684,2.1489220807887572,0.42133660331085226,1.1007321383489017,Latn
cl100k,hye_Armn,9.808608058608058,12.777272727272727,9.880509160473842,1.840088793883088,1.8475088382800295,Armn
cl100k,ibo_Latn,2.4615384615384617,3.217080745341615,2.4643881980722537,0.49782253269916765,1.1966409036860879,Latn
cl100k,ilo_Latn,2.0416666666666665,2.6,2.0491869619601206,0.34882890781563125,1.0023421843687375,Latn
cl100k,ind_Latn,1.5555555555555556,1.8695652173913044,1.5510999926421898,0.2960689858573375,1.0009058607081163,Latn
cl100k,isl_Latn,2.1455026455026456,2.7083333333333335,2.1391729821205208,0.44802558076819354,1.1052972223292368,Latn
cl100k,ita_Latn,1.6363636363636365,2.04,1.6405709660804944,0.2856063226120483,1.007179546298787,Latn
cl100k,jav_Latn,1.7257053291536049,2.128205128205128,1.728386432197778,0.3431073264781491,1.0018915050245385,Latn
cl100k,jpn_Jpan,2.2564102564102564,2.875,2.265580163343389,1.0814849937656956,2.934671513618882,Jpan
cl100k,kab_Latn,2.4545454545454546,3.1666666666666665,2.4637995732470017,0.5128929733869424,1.069707064905227,Latn
cl100k,kac_Latn,2.3614066193853427,3.1818181818181817,2.380398793319108,0.3807304630267083,1.0001176837484627,Latn
cl100k,kam_Latn,2.0,3.279272727272727,2.1724302847472594,0.46004565320702095,1.041422884254318,Latn
cl100k,kan_Knda,8.830459770114942,11.447360703812315,8.859465822971083,1.743289416533951,2.7181120602287536,Knda
cl100k,kas_Arab,4.584770114942529,6.0,4.604333750275918,0.9914916540573085,1.808641437387605,Arab
cl100k,kas_Deva,4.688577586206897,5.777777777777778,4.661761459789567,1.0016679182641002,2.5099086992608988,Deva
cl100k,kat_Geor,9.728501228501228,12.68421052631579,9.75104848796998,1.8415154378456493,2.7067156712892197,Geor
cl100k,kaz_Cyrl,3.778888888888889,4.8229946524064164,3.7827974394820103,0.7592016952531435,1.8459800497648353,Cyrl
cl100k,kbp_Latn,4.6461100569259965,6.635227272727273,4.703737767640351,0.8939173599944068,1.2639865762427462,Latn
cl100k,kea_Latn,1.72,2.1,1.7262894562578177,0.35867762277852094,1.0242155551309,Latn
cl100k,khk_Cyrl,3.70479302832244,4.8327586206896544,3.747443160915312,0.7431566813552397,1.838715090320133,Cyrl
cl100k,khm_Khmr,8.8,11.203663003663003,8.715142373629607,1.5461707154698656,2.8402234782722204,Khmr
cl100k,kik_Latn,3.1801948051948052,4.591666666666667,3.2602089618129644,0.5768564807582148,1.1119616726553143,Latn
cl100k,kin_Latn,2.118823529411765,2.6741666666666664,2.1314472812890886,0.3971470287833401,1.0225386097077795,Latn
cl100k,kir_Cyrl,3.4814814814814814,4.534774436090225,3.5050768891177984,0.7028771670970122,1.845946145333825,Cyrl
cl100k,kmb_Latn,2.1234756097560976,2.7607142857142852,2.133470679125892,0.39784584776866877,1.005440263437725,Latn
cl100k,kmr_Latn,2.1835016835016834,2.8,2.20164079170039,0.4590326143650477,1.1101386800846809,Latn
cl100k,knc_Arab,3.5175757575757576,5.609999999999999,3.623758369509234,0.848992854741814,1.8220494565638978,Arab
cl100k,knc_Latn,2.3333333333333335,3.1330434782608694,2.38540210433375,0.4664949566168324,1.0547505647725801,Latn
cl100k,kon_Latn,1.971825396825397,2.5450757575757574,1.9917960414980502,0.36111333440051224,1.0012139160130196,Latn
cl100k,kor_Hang,2.3594871794871795,2.9626666666666663,2.3669340004414687,0.9753354051390889,2.3921625104221937,Hang
cl100k,lao_Laoo,9.681818181818182,12.390883590462833,9.544661908615996,1.9943500219080783,2.7730092475151626,Laoo
cl100k,lij_Latn,2.0,2.4701960784313726,1.9785151938783019,0.3683208459462791,1.0576794006054213,Latn
cl100k,lim_Latn,1.8,2.263157894736842,1.811456110661467,0.35756352255150425,1.0331791412201268,Latn
cl100k,lin_Latn,1.8571428571428572,2.3198181818181816,1.8707232727540284,0.35760248106500137,1.0013361744621898,Latn
cl100k,lit_Latn,2.1863425925925926,2.761904761904762,2.1890589360606283,0.45655993677539153,1.06809689324709,Latn
cl100k,lmo_Latn,2.039230769230769,2.582894736842105,2.039069972776102,0.39118620621510797,1.0810024914071157,Latn
cl100k,ltg_Latn,2.1923076923076925,2.772121212121212,2.1968214259436394,0.45972392236567583,1.0618980529828856,Latn
cl100k,ltz_Latn,1.9714285714285715,2.5,1.9846221764402914,0.36562156886665853,1.029340002439917,Latn
cl100k,lua_Latn,1.9298029556650247,2.526065162907268,1.9522478110514312,0.3710960992461433,1.0007202897942629,Latn
cl100k,lug_Latn,1.9591666666666665,2.5,1.9628430579059672,0.3949164335094965,1.012449852703883,Latn
cl100k,luo_Latn,1.7923850574712645,2.3496153846153844,1.8217202560517989,0.36001046922484115,1.0025809547351432,Latn
cl100k,lus_Latn,1.9636243386243386,2.7,1.9873813553086601,0.3690765741145606,1.002165773939659,Latn
cl100k,lvs_Latn,2.3333333333333335,3.0,2.3428371716577145,0.4746901018955403,1.0931818690042263,Latn
cl100k,mag_Deva,4.697222222222223,5.823529411764706,4.6832830549628435,1.0047831406132839,2.578649512609022,Deva
cl100k,mai_Deva,4.886752136752137,6.071182266009852,4.876241630490766,1.0242251431485732,2.591448949471065,Deva
cl100k,mal_Mlym,8.901098901098901,11.344871794871795,8.937237878007505,1.6267477366475598,2.7572253174050463,Mlym
cl100k,mar_Deva,5.0364721485411135,6.30462962962963,5.055183577367376,1.0312040344610212,2.6694683757091826,Deva
cl100k,min_Arab,3.9642857142857144,4.928571428571429,3.971966742697373,0.8540397728171621,1.8307361293486688,Arab
cl100k,min_Latn,1.7777777777777777,2.2,1.7791553233757633,0.3425436670397076,1.0009278803246873,Latn
cl100k,mkd_Cyrl,2.76,3.4579545454545455,2.7609447428445293,0.5445086956837194,1.8225383995878892,Cyrl
cl100k,mlt_Latn,2.389200561009818,3.125,2.4174821573099847,0.4491961063108389,1.0513302526523023,Latn
cl100k,mni_Beng,6.7100840336134455,8.632962962962962,6.7089618129644615,1.3328582600624173,2.6894190219337677,Beng
cl100k,mos_Latn,2.269230769230769,3.047402597402597,2.2834964314619968,0.49784244213092926,1.0818668891063379,Latn
cl100k,mri_Latn,2.358058608058608,3.0476190476190474,2.3614524317563093,0.4379528676500689,1.0496295184422035,Latn
cl100k,mya_Mymr,11.618055555555555,15.186607142857143,11.617835332205136,1.9353921394382512,2.8530419381132446,Mymr
cl100k,nld_Latn,1.6,2.0,1.6033772349348834,0.29541988354831933,1.0015183455456216,Latn
cl100k,nno_Latn,1.6352549889135255,2.0,1.6409756456478553,0.3342099742252592,1.0225304201882155,Latn
cl100k,nob_Latn,1.5555555555555556,1.9285714285714286,1.5614009270840998,0.32119207803903466,1.0218860442412914,Latn
cl100k,npi_Deva,4.810096153846153,6.0,4.764770804208667,1.0205905297747098,2.675051023222461,Deva
cl100k,nso_Latn,2.1929280397022333,2.8421052631578947,2.1845338827165035,0.3929587717556747,1.0251737145126067,Latn
cl100k,nus_Latn,3.9733285917496444,5.284920634920635,4.000478257670517,0.7616782824922075,1.227205547578188,Latn
cl100k,nya_Latn,2.074074074074074,2.756818181818182,2.0816716945037155,0.3843943397892706,1.0023776689333777,Latn
cl100k,oci_Latn,1.8285714285714285,2.262929061784897,1.8301449488632182,0.33021353990348556,1.031324053607344,Latn
cl100k,ory_Orya,12.438749999999999,16.094805194805193,12.40055919358399,2.4998108855746484,2.6806710224786596,Orya
cl100k,pag_Latn,1.5625,2.0995238095238093,1.5542638510779192,0.32517471752716975,1.0003386595240293,Latn
cl100k,pan_Guru,7.864250614250614,9.915,7.851041130159665,1.5994528761476485,2.5795165823496347,Guru
cl100k,pap_Latn,1.7403703703703703,2.15748987854251,1.7475535280700463,0.3413137511316769,1.0259890496788193,Latn
cl100k,pbt_Arab,3.727272727272727,4.70787037037037,3.7555735413141047,0.833638204742928,1.7545567387469785,Arab
cl100k,pes_Arab,3.260064412238325,4.099090909090909,3.25630932234567,0.7147944762981507,1.8049261083743842,Arab
cl100k,plt_Latn,2.252659574468085,2.85,2.249245824442646,0.3797547765161867,1.029236751223633,Latn
cl100k,pol_Latn,1.9230769230769231,2.4282142857142857,1.9139871974100509,0.37298634261748576,1.062859805713876,Latn
cl100k,por_Latn,1.4736842105263157,1.7826086956521738,1.4781473033625192,0.28001449588470195,1.0280857766100537,Latn
cl100k,prs_Arab,3.163333333333333,3.954090909090909,3.1484070340666617,0.7092363154187212,1.7821157750797663,Arab
cl100k,quy_Latn,2.0736224028906953,2.7075,2.082186741225811,0.4013188683258881,1.0080762958235836,Latn
cl100k,ron_Latn,1.870680044593088,2.3214285714285716,1.876683099109705,0.34326781376382,1.0562153868929458,Latn
cl100k,run_Latn,2.125,2.7777777777777777,2.1390626149657863,0.39482565443248563,1.0053441075611993,Latn
cl100k,rus_Cyrl,2.441742081447964,3.104736842105263,2.462217644029137,0.47100551739668955,1.8321557257065646,Cyrl
cl100k,sag_Latn,2.0625,2.769230769230769,2.0803104995953206,0.3964260175824792,1.0333842767207415,Latn
cl100k,san_Deva,4.986111111111111,6.2075,4.942572290486352,1.046543692648044,2.70166856216991,Deva
cl100k,sat_Olck,12.833333333333334,16.248529411764707,12.73802516371128,2.4768761937463784,2.6419082773569116,Olck
cl100k,scn_Latn,2.0,2.5450757575757574,2.000588624825252,0.3924342034047528,1.0537702693925857,Latn
cl100k,shn_Mymr,15.0,20.460909090909087,14.97917739680671,2.162499203331138,2.7749463576299633,Mymr
cl100k,sin_Sinh,8.714285714285714,10.952976190476189,8.677911853432418,1.7995346353371986,2.640036618858712,Sinh
cl100k,slk_Latn,2.118823529411765,2.7139097744360905,2.1294238834522847,0.43946549236959986,1.0913218434439298,Latn
cl100k,slv_Latn,1.8888888888888888,2.3333333333333335,1.8845191670958723,0.39146383401474916,1.02410301478736,Latn
cl100k,smo_Latn,2.269230769230769,2.9166666666666665,2.27838275329262,0.40545618813177603,1.0478578536636463,Latn
cl100k,sna_Latn,2.113961038961039,2.7777777777777777,2.1342800382606137,0.39298488050723457,1.0001287053595622,Latn
cl100k,snd_Arab,3.9705882352941178,4.95,3.9817158413656095,0.9050322774860354,1.7717580359233367,Arab
cl100k,som_Latn,2.2,2.812202380952381,2.2077109852108014,0.3956825045166225,1.0018462106526356,Latn
cl100k,sot_Latn,2.2135258358662613,2.8412280701754384,2.2133029210506954,0.3789612925577147,1.0018582091902617,Latn
cl100k,spa_Latn,1.5395010395010396,1.9285714285714286,1.5441836509454787,0.26728051910010764,1.0184792506415523,Latn
cl100k,srd_Latn,1.9725975975975976,2.4798260869565216,1.9879699801339121,0.3523378562533009,1.028122086237587,Latn
cl100k,srp_Cyrl,2.9016129032258062,3.6315789473684212,2.901368552718711,0.6029895251930576,1.81972627876749,Cyrl
cl100k,ssw_Latn,2.1363636363636362,2.772727272727273,2.166838348907365,0.39596232579714824,1.0002016820281145,Latn
cl100k,sun_Latn,1.8132267441860463,2.258333333333333,1.8172687808108308,0.3609651654767733,1.0101719438497008,Latn
cl100k,swe_Latn,1.5714285714285714,1.9390029325513196,1.5768155396953867,0.3242795427205254,1.0394709963456985,Latn
cl100k,swh_Latn,1.9444444444444444,2.3991304347826086,1.9541976307850784,0.3846248533734957,1.0014771262653324,Latn
cl100k,szl_Latn,2.1801948051948052,2.789473684210526,2.1854168199543818,0.43239702146553793,1.0593959951376808,Latn
cl100k,tam_Taml,7.684962406015037,9.654655172413793,7.6437348245162235,1.348004645338766,2.7355660371237827,Taml
cl100k,taq_Latn,2.16869918699187,3.053194103194103,2.216761091899051,0.48422507594143266,1.0693839502402802,Latn
cl100k,taq_Tfng,10.040833333333332,13.410875331564986,10.098042822456037,2.2149283841032883,2.4450514424046803,Tfng
cl100k,tat_Cyrl,3.7,4.817845117845118,3.728717533661982,0.7604306561128409,1.8363881907191357,Cyrl
cl100k,tel_Telu,8.284736842105263,10.760714285714286,8.2880582738577,1.7002075393381382,2.669416248443455,Telu
cl100k,tgk_Cyrl,3.6414285714285715,4.561249999999999,3.6211831358987565,0.674781142242118,1.820231574473336,Cyrl
cl100k,tgl_Latn,2.0588235294117645,2.5925925925925926,2.0610698256198954,0.3364461286235039,1.0006425770341767,Latn
cl100k,tha_Thai,4.328431372549019,5.636363636363637,4.3520344345522775,0.9361754324876149,2.8893971288836835,Thai
cl100k,tir_Ethi,7.8,9.904608294930876,7.777941284673681,2.3309555572705922,2.5556498825812284,Ethi
cl100k,tpi_Latn,2.0113636363636367,2.6463529411764704,2.0419395187992055,0.3283988308660821,1.0008046670690003,Latn
cl100k,tsn_Latn,2.2828166858017607,2.9166666666666665,2.2650283275697154,0.377636703775263,1.0013003342840494,Latn
cl100k,tso_Latn,2.25,2.9545454545454546,2.258075196821426,0.3879835651074589,1.0062326169405815,Latn
cl100k,tuk_Latn,2.4,3.0,2.407549113383857,0.4665697052658596,1.1022515007628582,Latn
cl100k,tum_Latn,2.524404761904762,3.5,2.577183430211169,0.40595373310771654,1.013345773162421,Latn
cl100k,tur_Latn,1.9130434782608696,2.4285714285714284,1.921197851519388,0.38461311847280116,1.0893738308120609,Latn
cl100k,twi_Latn,2.4519969278033793,3.431666666666666,2.5017290854241776,0.5287047115534131,1.0790468045405068,Latn
cl100k,tzm_Tfng,10.070197044334975,12.56845238095238,10.032337576337282,2.311380646036226,2.569490002627542,Tfng
cl100k,uig_Arab,5.154700854700855,6.635885167464115,5.170296519755721,1.000441353388811,1.8595855549307003,Arab
cl100k,ukr_Cyrl,2.933333333333333,3.7364912280701756,2.967110587889044,0.5996342061828077,1.8285378656079463,Cyrl
cl100k,umb_Latn,2.0454545454545454,2.7142857142857144,2.033257302626738,0.410152133580705,1.0333803339517624,Latn
cl100k,urd_Arab,4.363636363636363,5.5,4.33956294606725,0.9079279556650246,1.7834128694581282,Arab
cl100k,uzn_Latn,2.161290322580645,2.7486842105263154,2.1680523876094475,0.39465859473359943,1.0010112239157805,Latn
cl100k,vec_Latn,1.7037037037037037,2.1169934640522876,1.705172540651902,0.3478267395089152,1.0476151167677252,Latn
cl100k,vie_Latn,2.455844155844156,3.1423645320197044,2.4437863291884336,0.4792885746239042,1.324766405714492,Latn
cl100k,war_Latn,1.9333333333333333,2.5,1.9548598337134868,0.3224997875775342,1.0005158831312286,Latn
cl100k,wol_Latn,1.9314263322884013,2.5,1.9319034655286587,0.4129256996375017,1.039560284022552,Latn
cl100k,xho_Latn,2.0434782608695654,2.578744939271255,2.0549996321094843,0.40150224618149144,1.000869721473495,Latn
cl100k,ydd_Hebr,5.5787841191067,6.832608695652174,5.537598410712972,1.0613216194491841,1.8107751752146997,Hebr
cl100k,yor_Latn,2.953463203463204,4.199230769230769,2.9522110219998527,0.6326232971745711,1.3311758955600403,Latn
cl100k,yue_Hant,2.0944940476190474,2.625,2.091567949378265,1.419834174117177,2.858548524049748,Hant
cl100k,zho_Hans,1.8571428571428572,2.3743421052631577,1.8692884997424766,1.1747936463896789,2.7931377309195162,Hans
cl100k,zho_Hant,2.103448275862069,2.691497975708502,2.1410492237510117,1.429153774372575,2.854132901134522,Hant
cl100k,zsm_Latn,1.625,1.9676344086021504,1.6179456993598704,0.3007769221299703,1.0025715028245497,Latn
cl100k,zul_Latn,2.205505279034691,2.7489130434782605,2.212677507173865,0.4053880995389717,1.001617643094012,Latn
gpt2,ace_Arab,4.7272727272727275,5.916428571428572,4.74696790415619,1.1499296840709787,1.79061080805095,Arab
gpt2,ace_Latn,2.1515151515151514,2.75,2.1737538825617513,0.4141358637839818,1.0177807835098027,Latn
gpt2,acm_Arab,4.214168714168714,5.2659259259259255,4.21775624907558,1.003863552355975,1.8170577156636685,Arab
gpt2,acq_Arab,4.304347826086956,5.312284482758621,4.302839816595179,1.010797147398869,1.8180120392970995,Arab
gpt2,aeb_Arab,4.161726242371404,5.210307017543859,4.158482473006952,1.0032113610818718,1.815739237480152,Arab
gpt2,afr_Latn,1.9473684210526316,2.3636363636363638,1.934070403786422,0.3744335712393783,1.0114681690302167,Latn
gpt2,ajp_Arab,4.0,4.947368421052632,3.9876867327318446,0.9889226141896911,1.805192066097514,Arab
gpt2,aka_Latn,2.778888888888889,3.791071428571428,2.8121209880195237,0.5733078030651398,1.0998846614852285,Latn
gpt2,als_Latn,2.621155638397018,3.357142857142857,2.636925011093034,0.4848585803644275,1.0777943976067446,Latn
gpt2,amh_Ethi,7.734274711168164,9.641904761904762,7.7021520485135335,2.3905912867832715,2.5874535187990633,Ethi
gpt2,apc_Arab,4.036375661375661,4.997916666666666,3.992382783611892,0.9998610918183081,1.8142705005324813,Arab
gpt2,arb_Arab,4.333333333333333,5.44375,4.358637775477001,1.0133682943603852,1.8163342503438789,Arab
gpt2,arb_Latn,2.5131670131670134,3.185185185185185,2.5136444312971453,0.4418179927467471,1.0004289558175508,Latn
gpt2,ars_Arab,4.351470588235294,5.442857142857143,4.364591036828871,1.0137849885339816,1.8169130214461784,Arab
gpt2,ary_Arab,4.15,5.279777777777778,4.178930631563378,0.9951481957628163,1.8151999718225524,Arab
gpt2,arz_Arab,4.181818181818182,5.3,4.196087856825914,0.997442207963435,1.8150654829920014,Arab
gpt2,asm_Beng,9.692307692307692,12.079166666666666,9.669353645910368,2.0763202401086205,2.660536909554322,Beng
gpt2,ast_Latn,1.8987179487179486,2.393006993006993,1.897611300103535,0.3755286920633991,1.034677808836658,Latn
gpt2,awa_Deva,7.116515837104072,8.953827751196172,7.149201301582606,1.5079828098554748,2.5784436835578295,Deva
gpt2,ayr_Latn,2.3207142857142857,3.0547619047619046,2.3319035645614554,0.45494156687346704,1.0235247439041986,Latn
gpt2,azb_Arab,5.115966386554621,6.444117647058824,5.123798254696051,1.1830880092893001,1.83661760185786,Arab
gpt2,azj_Latn,3.4285714285714284,4.6,3.4617660109451265,0.6511019772302086,1.1586026553165447,Latn
gpt2,bak_Cyrl,6.0,7.766,5.99175417837598,1.2161314290431768,1.840426889217445,Cyrl
gpt2,bam_Latn,2.65,3.5384615384615383,2.658001774885372,0.5682405672682429,1.0883708429182377,Latn
gpt2,ban_Latn,1.9545454545454546,2.4579545454545455,1.9645762461174383,0.36476104821601435,1.002656926889885,Latn
gpt2,bel_Cyrl,6.414222873900293,8.445114942528736,6.473894394320367,1.1829010398016337,1.8304224743089947,Cyrl
gpt2,bem_Latn,2.418010752688172,3.114957264957265,2.4450155302470047,0.41128430323688203,1.0024257955365363,Latn
gpt2,ben_Beng,9.5232683982684,12.025,9.5565005176749,2.002805288200741,2.6710838331705955,Beng
gpt2,bho_Deva,7.08611111111111,9.148636363636363,7.17482620914066,1.5084113311981093,2.5543316023508194,Deva
gpt2,bjn_Arab,4.962962962962963,6.284920634920635,4.979847655672238,1.101635991820041,1.8284498977505113,Arab
gpt2,bjn_Latn,1.9725975975975976,2.5,1.984543706552285,0.38834459703911667,1.0016569948336493,Latn
gpt2,bod_Tibt,15.0497542997543,19.19875,14.815855642656413,2.7030783034587906,2.962302082560328,Tibt
gpt2,bos_Latn,2.1818181818181817,2.7364912280701756,2.1859562194941575,0.44718190001437225,1.0278670791760907,Latn
gpt2,bug_Latn,2.151923076923077,2.896551724137931,2.1881748262091407,0.4245456958583532,1.0303539016708636,Latn
gpt2,bul_Cyrl,5.460498960498961,6.959454545454546,5.49696790415619,1.0786063587421821,1.8180894751353156,Cyrl
gpt2,cat_Latn,1.9285714285714286,2.375,1.9148424789232361,0.3551880710033197,1.0208030398639194,Latn
gpt2,ceb_Latn,2.256112104949314,2.8461538461538463,2.2481511610708473,0.3831427040993163,1.0003402968144437,Latn
gpt2,ces_Latn,2.619047619047619,3.3597142857142854,2.621468717645319,0.5571009846216711,1.1191132904280314,Latn
gpt2,cjk_Latn,2.1538461538461537,2.820535714285714,2.145355716609969,0.41655777487399664,1.0036975344983559,Latn
gpt2,ckb_Arab,6.486100386100386,8.33157894736842,6.463429965981364,1.359378159364161,1.838209447373742,Arab
gpt2,crh_Latn,2.47140522875817,3.1754901960784307,2.4784425380860817,0.49850508716606173,1.0991179270542035,Latn
gpt2,cym_Latn,2.3670068027210887,2.9612179487179486,2.364258245821624,0.4525917903633391,1.0038223864432694,Latn
gpt2,dan_Latn,1.9,2.3701754385964913,1.909480846028694,0.3812223624860659,1.0214456034667316,Latn
gpt2,deu_Latn,2.127016129032258,2.6923076923076925,2.141879899423162,0.37660344973311055,1.0165725022592955,Latn
gpt2,dik_Latn,2.3651515151515152,3.580358422939068,2.4683109007543265,0.5965042401279634,1.1302331400180508,Latn
gpt2,dyu_Latn,2.1739130434782608,3.0,2.2118399645022926,0.45023935689769373,1.0655973384717288,Latn
gpt2,dzo_Tibt,16.22222222222222,21.54736842105263,16.121431740866736,2.6680945853324194,2.9262337217272103,Tibt
gpt2,ell_Grek,6.547727272727273,8.34486166007905,6.520670019227925,1.1176567520804153,1.8219113834999143,Grek
gpt2,eng_Latn,1.0,1.0,1.0,0.2049315732840277,1.0009851022232998,Latn
gpt2,epo_Latn,2.0339080459770114,2.5128571428571425,2.023850022186067,0.4168799317551717,1.0186606952441886,Latn
gpt2,est_Latn,2.1176470588235294,2.6923076923076925,2.1192131341517526,0.44270386763376823,1.0310523022733067,Latn
gpt2,eus_Latn,2.0947888589398023,2.6666666666666665,2.0968791598875907,0.40550319637315335,1.0031963731533258,Latn
gpt2,ewe_Latn,2.823611111111111,4.0,2.878383375240349,0.6106818128329241,1.0985259161050922,Latn
gpt2,fao_Latn,2.3846153846153846,2.9975609756097557,2.388071291229108,0.4808932374272141,1.0772759087998331,Latn
gpt2,fij_Latn,2.2714987714987718,2.9655172413793105,2.3131933145984322,0.40313964053951296,1.0009473053351978,Latn
gpt2,fin_Latn,2.265686274509804,2.8794999999999997,2.278804910516196,0.4397571017760684,1.0405948294931533,Latn
gpt2,fon_Latn,4.0,5.833333333333333,4.078575654488981,0.8153533412182141,1.2342770549970432,Latn
gpt2,fra_Latn,2.0,2.4759398496240603,2.0008504659074102,0.34315230074577646,1.0401932930850795,Latn
gpt2,fur_Latn,2.066666666666667,2.5925925925925926,2.0687028546073067,0.3870677607272828,1.034302397985305,Latn
gpt2,fuv_Latn,1.9090909090909092,2.7929597701149427,1.9853571956811122,0.439514742718685,1.024402023542509,Latn
gpt2,gaz_Latn,2.5192592592592593,3.1666666666666665,2.5248114184292265,0.4365290439719214,1.0153754682964877,Latn
gpt2,gla_Latn,2.7013513513513514,3.4346376811594204,2.6947197160183403,0.44809267320888363,1.0401325659755527,Latn
gpt2,gle_Latn,2.5480030721966207,3.272727272727273,2.5542449341813342,0.4530174053330885,1.0640075549900971,Latn
gpt2,glg_Latn,1.9090909090909092,2.3743421052631577,1.9114406152935957,0.35371519675933843,1.024592351327125,Latn
gpt2,grn_Latn,2.4444444444444446,3.1666666666666665,2.4512646058275402,0.49854104623529766,1.0753466895286226,Latn
gpt2,guj_Gujr,12.147186147186147,15.275,12.190541340038456,2.6076581137089887,2.618628784762869,Gujr
gpt2,hat_Latn,1.8888888888888888,2.3925958188153307,1.902862002662328,0.4242946424154478,1.027950464192075,Latn
gpt2,hau_Latn,2.125,2.7,2.138884780357935,0.4129678943949054,1.011708515088992,Latn
gpt2,heb_Hebr,4.368421052631579,5.3315789473684205,4.349800325395652,1.152683873243577,1.7939620201070021,Hebr
gpt2,hin_Deva,7.4,9.432857142857143,7.413215500665582,1.529482220645565,2.5716857772793507,Deva
gpt2,hne_Deva,7.168439716312057,8.894736842105264,7.1724966720899275,1.5278156284213262,2.568395018942825,Deva
gpt2,hrv_Latn,2.1384099616858236,2.6666666666666665,2.140807572844254,0.44910560528724575,1.0288021471678794,Latn
gpt2,hun_Latn,2.653010033444816,3.45,2.6629566632155006,0.5194719948065063,1.1007321383489017,Latn
gpt2,hye_Armn,9.817805383022774,12.777777777777779,9.91998225114628,1.838060785442188,1.8475088382800295,Armn
gpt2,ibo_Latn,3.4686274509803923,4.868245614035088,3.483915101316373,0.7002006539833532,1.1966409036860879,Latn
gpt2,ilo_Latn,2.259259259259259,2.8745967741935483,2.264236059754474,0.3834794589178357,1.0023421843687375,Latn
gpt2,ind_Latn,1.9910714285714286,2.4542521994134896,1.9775550954000887,0.3755529963625128,1.0009058607081163,Latn
gpt2,isl_Latn,2.44,3.070952380952381,2.42434551101908,0.5051739415186655,1.1052972223292368,Latn
gpt2,ita_Latn,2.0,2.5236024844720495,2.0151235024404675,0.3490309854103421,1.007179546298787,Latn
gpt2,jav_Latn,1.9285714285714286,2.393675889328063,1.9341443573435881,0.38200368076653424,1.0018915050245385,Latn
gpt2,jpn_Jpan,2.9583333333333335,3.831481481481481,2.966018340482177,1.4086542683033911,2.934671513618882,Jpan
gpt2,kab_Latn,2.4807407407407407,3.1666666666666665,2.4945644135482916,0.516660922841279,1.069707064905227,Latn
gpt2,kac_Latn,2.6666666666666665,3.6240384615384613,2.6835897056648426,0.427044902234226,1.0001176837484627,Latn
gpt2,kam_Latn,2.1818181818181817,3.425286415711948,2.317519597692649,0.48827896758310674,1.041422884254318,Latn
gpt2,kan_Knda,13.513673318551367,17.388461538461538,13.58911403638515,2.6603735340958448,2.7181120602287536,Knda
gpt2,kas_Arab,6.095454545454546,7.928840125391849,6.148720603461027,1.3173359529109792,1.808641437387605,Arab
gpt2,kas_Deva,7.0,8.732727272727272,7.00351279396539,1.4971977392197937,2.5099086992608988,Deva
gpt2,kat_Geor,13.71206896551724,17.862272727272728,13.761425824582162,2.585693244031904,2.7067156712892197,Geor
gpt2,kaz_Cyrl,5.932370820668693,7.437083333333333,5.900865256618843,1.1782821533259007,1.8459800497648353,Cyrl
gpt2,kbp_Latn,4.7727272727272725,6.788304093567252,4.835527288862594,0.9142976997832623,1.2639865762427462,Latn
gpt2,kea_Latn,1.9480431848852902,2.3684210526315788,1.940652270374205,0.4011695012421173,1.0242155551309,Latn
gpt2,khk_Cyrl,6.333333333333333,8.220833333333333,6.3764236059754476,1.258090874602387,1.838715090320133,Cyrl
gpt2,khm_Khmr,15.39943074003795,19.390011750881314,15.182147611300104,2.67982038194943,2.8402234782722204,Khmr
gpt2,kik_Latn,3.3603896103896105,4.787662337662338,3.4211655080609376,0.6022626672915691,1.1119616726553143,Latn
gpt2,kin_Latn,2.35,3.0,2.3602647537346546,0.43754926893469426,1.0225386097077795,Latn
gpt2,kir_Cyrl,5.73024948024948,7.435416666666666,5.742641621061973,1.145732202139432,1.845946145333825,Cyrl
gpt2,kmb_Latn,2.3125,3.032142857142856,2.336118917319923,0.4334236613727575,1.005440263437725,Latn
gpt2,kmr_Latn,2.4347826086956523,3.1481481481481484,2.4515604200562047,0.508544779553892,1.1101386800846809,Latn
gpt2,knc_Arab,4.622023809523809,7.137774294670846,4.709806241680225,1.0978357366338853,1.8220494565638978,Arab
gpt2,knc_Latn,2.55,3.4375,2.5834565892619437,0.5026619854094422,1.0547505647725801,Latn
gpt2,kon_Latn,2.1714285714285713,2.7740469208211147,2.176009466055317,0.3925084040339363,1.0012139160130196,Latn
gpt2,kor_Hang,5.042572463768116,6.332142857142856,5.02643839668688,2.060714015007959,2.3921625104221937,Hang
gpt2,lao_Laoo,13.21475625823452,16.997916666666665,13.093625203372282,2.72201339083243,2.7730092475151626,Laoo
gpt2,lij_Latn,2.29520697167756,2.8743421052631577,2.292486318591924,0.42460312024874325,1.0576794006054213,Latn
gpt2,lim_Latn,2.0606060606060606,2.59375,2.0621209880195237,0.4049757819137734,1.0331791412201268,Latn
gpt2,lin_Latn,2.0,2.5549999999999997,2.031393285017009,0.3863442969964205,1.0013361744621898,Latn
gpt2,lit_Latn,2.418010752688172,3.0549999999999997,2.4298550510279546,0.5042085798249046,1.06809689324709,Latn
gpt2,lmo_Latn,2.367137355584082,3.035591133004926,2.372282206774146,0.4528008921072505,1.0810024914071157,Latn
gpt2,ltg_Latn,2.3879928315412187,3.0,2.388810826800769,0.4973631737379803,1.0618980529828856,Latn
gpt2,ltz_Latn,2.245,2.8333333333333335,2.246080461470197,0.41168855814457866,1.029340002439917,Latn
gpt2,lua_Latn,2.1132478632478633,2.75,2.1399940837154268,0.4047189471181415,1.0007202897942629,Latn
gpt2,lug_Latn,2.2,2.7855212355212355,2.1782280727703003,0.4360261136030555,1.012449852703883,Latn
gpt2,luo_Latn,2.03125,2.6666666666666665,2.0418946901345953,0.40147296177278874,1.0025809547351432,Latn
gpt2,lus_Latn,2.106203007518797,2.888888888888889,2.117734063008431,0.39128771316134675,1.002165773939659,Latn
gpt2,lvs_Latn,2.5219047619047616,3.2222222222222223,2.5312084011240943,0.5102529126322145,1.0931818690042263,Latn
gpt2,mag_Deva,7.224747474747475,9.0,7.197640881526401,1.5363905442203718,2.578649512609022,Deva
gpt2,mai_Deva,7.444444444444445,9.284415584415585,7.409628753143026,1.548446422637952,2.591448949471065,Deva
gpt2,mal_Mlym,15.135749385749385,19.295238095238098,15.160294335157522,2.7454532061927464,2.7572253174050463,Mlym
gpt2,mar_Deva,7.839419978517723,9.832758620689656,7.863777547700044,1.5959835499654789,2.6694683757091826,Deva
gpt2,min_Arab,5.241212121212121,6.488642413487134,5.232509983730218,1.1193659130819977,1.8307361293486688,Arab
gpt2,min_Latn,2.0,2.4661538461538464,1.984432776216536,0.3801263617174994,1.0009278803246873,Latn
gpt2,mkd_Cyrl,5.485281385281385,6.842105263157895,5.461470196716462,1.0716332794009882,1.8225383995878892,Cyrl
gpt2,mlt_Latn,2.6569296375266527,3.473684210526316,2.702558793077947,0.49961719348135186,1.0513302526523023,Latn
gpt2,mni_Beng,10.181818181818182,13.029032258064516,10.17663807129123,2.0115113907952726,2.6894190219337677,Beng
gpt2,mos_Latn,2.48435972629521,3.3846153846153846,2.5027362816151455,0.5428704342385986,1.0818668891063379,Latn
gpt2,mri_Latn,2.4545454545454546,3.1360606060606058,2.451819257506286,0.4524036952635673,1.0496295184422035,Latn
gpt2,mya_Mymr,16.775252525252526,21.996774193548386,16.81293447714835,2.7866138788617936,2.8530419381132446,Mymr
gpt2,nld_Latn,2.0,2.4989361702127657,1.9775550954000887,0.3625117773454711,1.0015183455456216,Latn
gpt2,nno_Latn,1.92,2.4159090909090906,1.9300769116994527,0.3910942276568962,1.0225304201882155,Latn
gpt2,nob_Latn,1.8495283018867925,2.315639097744361,1.8599319627274071,0.3806597597983941,1.0218860442412914,Latn
gpt2,npi_Deva,7.597297297297297,9.549545454545456,7.550510279544446,1.6090714955517207,2.675051023222461,Deva
gpt2,nso_Latn,2.311422413793103,3.0,2.3184070403786423,0.41492290384488123,1.0251737145126067,Latn
gpt2,nus_Latn,4.2,5.582894736842105,4.238352314746339,0.8028718523447623,1.227205547578188,Latn
gpt2,nya_Latn,2.25,3.0,2.2625351279396537,0.41567087627290206,1.0023776689333777,Latn
gpt2,oci_Latn,2.054804804804805,2.585919540229885,2.065411921313415,0.3707708544915069,1.031324053607344,Latn
gpt2,ory_Orya,13.311422413793103,17.130526315789474,13.263089779618399,2.660113172005132,2.6806710224786596,Orya
gpt2,pag_Latn,1.6581168831168833,2.2222222222222223,1.6484987427895281,0.3431390659154583,1.0003386595240293,Latn
gpt2,pan_Guru,7.884615384615385,9.939651416122004,7.886333382635705,1.5984860408469177,2.5795165823496347,Guru
gpt2,pap_Latn,2.0,2.456883116883117,1.98435882265937,0.3855964476123414,1.0259890496788193,Latn
gpt2,pbt_Arab,5.189903846153847,6.5992592592592585,5.238796036089336,1.1569706670150912,1.7545567387469785,Arab
gpt2,pes_Arab,5.25,6.592156862745098,5.250887442685993,1.1467738027941532,1.8049261083743842,Arab
gpt2,plt_Latn,2.588235294117647,3.2903225806451615,2.588078686584825,0.43474372034087805,1.029236751223633,Latn
gpt2,pol_Latn,2.684962406015037,3.4615384615384617,2.681038307942612,0.5198121661827436,1.062859805713876,Latn
gpt2,por_Latn,1.9444444444444444,2.3884615384615384,1.934107380565005,0.36452968520235,1.0280857766100537,Latn
gpt2,prs_Arab,5.0657327586206895,6.368245614035088,5.067519597692649,1.1357560187295406,1.7821157750797663,Arab
gpt2,quy_Latn,2.2,2.8636363636363638,2.2110634521520485,0.42399489470325463,1.0080762958235836,Latn
gpt2,ron_Latn,2.473684210526316,3.1994444444444445,2.4863185919242716,0.4524685916544981,1.0562153868929458,Latn
gpt2,run_Latn,2.3131127450980395,3.0454545454545454,2.339816595178228,0.4296879774556072,1.0053441075611993,Latn
gpt2,rus_Cyrl,5.653947368421052,7.277272727272727,5.6752699304836565,1.080128926922644,1.8321557257065646,Cyrl
gpt2,sag_Latn,2.2,3.0,2.2374648720603463,0.4242088585409627,1.0333842767207415,Latn
gpt2,san_Deva,7.892857142857143,10.0,7.856641029433516,1.6551248695218659,2.70166856216991,Deva
gpt2,sat_Olck,12.9,16.196666666666665,12.79703446235764,2.475717320857566,2.6419082773569116,Olck
gpt2,scn_Latn,2.272727272727273,2.8884615384615384,2.266269782576542,0.4422931204941871,1.0537702693925857,Latn
gpt2,shn_Mymr,18.69627192982456,25.428138528138525,18.68887738500222,2.6843597969025517,2.7749463576299633,Mymr
gpt2,sin_Sinh,12.666666666666666,15.993333333333332,12.652972932998077,2.6105202929508695,2.640036618858712,Sinh
gpt2,slk_Latn,2.5,3.233365570599613,2.50957698565301,0.5152911699946853,1.0913218434439298,Latn
gpt2,slv_Latn,2.111111111111111,2.6363636363636362,2.114923827836119,0.4370944939054679,1.02410301478736,Latn
gpt2,smo_Latn,2.56,3.3636363636363638,2.560826800769117,0.453405698423506,1.0478578536636463,Latn
gpt2,sna_Latn,2.2777777777777777,3.0,2.2972563230291376,0.42084620386928956,1.0001287053595622,Latn
gpt2,snd_Arab,4.987804878048781,6.171227621483375,4.970492530690726,1.124042546074857,1.7717580359233367,Arab
gpt2,som_Latn,2.3793103448275863,3.0539118065433852,2.38130454074841,0.42462845010615713,1.0018462106526356,Latn
gpt2,sot_Latn,2.3333333333333335,2.9635093167701863,2.3402233397426415,0.398658309974489,1.0018582091902617,Latn
gpt2,spa_Latn,1.9692234848484849,2.5,1.9811418429226446,0.34117205061098693,1.0184792506415523,Latn
gpt2,srd_Latn,2.230769230769231,2.8636363636363638,2.2543632598728,0.3975235872123729,1.028122086237587,Latn
gpt2,srp_Cyrl,5.333333333333333,6.666666666666667,5.321106345215205,1.1002676045569233,1.81972627876749,Cyrl
gpt2,ssw_Latn,2.310344827586207,3.0,2.323435882265937,0.4224230078857673,1.0002016820281145,Latn
gpt2,sun_Latn,2.0,2.5384615384615383,2.0166765271409557,0.3985399753008835,1.0101719438497008,Latn
gpt2,swe_Latn,1.9473684210526316,2.420614035087719,1.9440541340038455,0.397774129360762,1.0394709963456985,Latn
gpt2,swh_Latn,2.125,2.642857142857143,2.1321919834344034,0.4175271168522729,1.0014771262653324,Latn
gpt2,szl_Latn,2.6,3.3448717948717945,2.600059162845733,0.5118246071202405,1.0593959951376808,Latn
gpt2,tam_Taml,15.596875,19.794999999999998,15.536791894690134,2.7260677466863035,2.7355660371237827,Taml
gpt2,taq_Latn,2.3333333333333335,3.3567226890756303,2.3826357047773996,0.5178161011909546,1.0693839502402802,Latn
gpt2,taq_Tfng,10.35741935483871,13.816851441241685,10.393617808016566,2.268186403066371,2.4450514424046803,Tfng
gpt2,tat_Cyrl,5.767316017316017,7.431124673060157,5.796516787457477,1.1761338485200885,1.8363881907191357,Cyrl
gpt2,tel_Telu,12.953463203463205,16.84278846153846,12.971342996598135,2.6474246254858307,2.669416248443455,Telu
gpt2,tgk_Cyrl,6.082207207207206,7.666666666666667,6.054836562638663,1.1225466336694752,1.820231574473336,Cyrl
gpt2,tgl_Latn,2.2714987714987718,2.933333333333333,2.2851279396538975,0.3711272722905169,1.0006425770341767,Latn
gpt2,tha_Thai,8.953463203463205,11.804594330400782,8.991976039047477,1.9244630506006553,2.8893971288836835,Thai
gpt2,tir_Ethi,7.888888888888889,9.937367021276595,7.85911847359858,2.343325872923121,2.5556498825812284,Ethi
gpt2,tpi_Latn,2.2083333333333335,2.8666666666666667,2.2098801952373908,0.3536038434685884,1.0008046670690003,Latn
gpt2,tsn_Latn,2.3827838827838828,3.05,2.3672903416654343,0.3926825528260803,1.0013003342840494,Latn
gpt2,tso_Latn,2.4264069264069263,3.2139097744360905,2.447197160183405,0.4183438685208597,1.0062326169405815,Latn
gpt2,tuk_Latn,2.8136574074074074,3.5555555555555554,2.819479366957551,0.5436255008484122,1.1022515007628582,Latn
gpt2,tum_Latn,2.7413381123058542,3.7726362625139043,2.7918207365774292,0.4375304234950511,1.013345773162421,Latn
gpt2,tur_Latn,2.4285714285714284,3.08,2.4404304097027065,0.48608021918131067,1.0893738308120609,Latn
gpt2,twi_Latn,2.5555555555555554,3.5413461538461535,2.6064931223191836,0.5480485150054424,1.0790468045405068,Latn
gpt2,tzm_Tfng,10.416666666666666,12.959833333333334,10.380306167726667,2.3794085488341343,2.569490002627542,Tfng
gpt2,uig_Arab,7.088311688311688,9.136363636363637,7.112853128235468,1.3693344818012914,1.8595855549307003,Arab
gpt2,ukr_Cyrl,5.648648648648648,7.295833333333333,5.712431592959621,1.1485851511501688,1.8285378656079463,Cyrl
gpt2,umb_Latn,2.2714987714987718,3.1,2.2637183848543114,0.4543228200371058,1.0333803339517624,Latn
gpt2,urd_Arab,6.273863636363636,7.7589999999999995,6.238574175417837,1.2986145320197044,1.7834128694581282,Arab
gpt2,uzn_Latn,2.2972972972972974,2.912915601023018,2.3015086525661883,0.41682515871527687,1.0010112239157805,Latn
gpt2,vec_Latn,2.0,2.5,2.0112779174678304,0.40818424686318067,1.0476151167677252,Latn
gpt2,vie_Latn,4.538461538461538,5.935268817204301,4.521446531578169,0.8822684801038998,1.324766405714492,Latn
gpt2,war_Latn,2.370899470899471,3.0711822660098522,2.390141990829759,0.3923078790527172,1.0005158831312286,Latn
gpt2,wol_Latn,2.1589473684210527,2.76,2.1546738648128976,0.4582026058990509,1.039560284022552,Latn
gpt2,xho_Latn,2.25,2.8327586206896553,2.253808608194054,0.43810961365678347,1.000869721473495,Latn
gpt2,ydd_Hebr,6.651923076923078,8.122499999999999,6.593699156929448,1.2573153018487442,1.8107751752146997,Hebr
gpt2,yor_Latn,3.857142857142857,5.857142857142857,3.8860745451856236,0.8285112891019173,1.3311758955600403,Latn
gpt2,yue_Hant,3.0588235294117645,3.788787185354691,3.057979588818222,2.0653314020278706,2.858548524049748,Hant
gpt2,zho_Hans,3.1403940886699506,3.9227692307692306,3.145947345067298,1.9670990266121016,2.7931377309195162,Hans
gpt2,zho_Hant,3.0889328063241104,3.8181818181818183,3.1129640585712175,2.067359167035018,2.854132901134522,Hant
gpt2,zsm_Latn,2.056349206349206,2.5384615384615383,2.0427821328205886,0.37782625942086473,1.0025715028245497,Latn
gpt2,zul_Latn,2.4096736596736594,3.0,2.4193906226889514,0.44100994850502817,1.001617643094012,Latn
mt5,ace_Arab,1.7864741641337387,2.217391304347826,1.7948862123050517,0.5432778867600032,1.79061080805095,Arab
mt5,ace_Latn,1.4230769230769231,1.7809027777777777,1.443431682992513,0.3436044832371734,1.0177807835098027,Latn
mt5,acm_Arab,1.2666666666666666,1.5454545454545454,1.275813086324761,0.37941140231989157,1.8170577156636685,Arab
mt5,acq_Arab,1.3103448275862069,1.606060606060606,1.3115622503033353,0.38497085725702074,1.8180120392970995,Arab
mt5,aeb_Arab,1.2727272727272727,1.5788304093567251,1.284513627889083,0.38719202155180105,1.815739237480152,Arab
mt5,afr_Latn,1.1869703389830508,1.3846153846153846,1.1906128850877453,0.2880071013880637,1.0114681690302167,Latn
mt5,ajp_Arab,1.2307692307692308,1.4813333333333332,1.2311266313515432,0.38148205885319714,1.805192066097514,Arab
mt5,aka_Latn,1.8,2.375,1.8301322837441922,0.4661937536278863,1.0998846614852285,Latn
mt5,als_Latn,1.4679135209334249,1.7894736842105263,1.4759847296617443,0.33910116943160185,1.0777943976067446,Latn
mt5,amh_Ethi,1.7058823529411764,2.093465909090909,1.7057204581101477,0.6615020887848322,2.5874535187990633,Ethi
mt5,apc_Arab,1.21875,1.482630906768838,1.220413719629487,0.38189563365282214,1.8142705005324813,Arab
mt5,arb_Arab,1.327199732351957,1.625,1.34174780266935,0.3897781980742779,1.8163342503438789,Arab
mt5,arb_Latn,1.7193749999999999,2.15355587808418,1.72714628155426,0.37931393066514146,1.0004289558175508,Latn
mt5,ars_Arab,1.3333333333333333,1.6363636363636365,1.3449143262999024,0.39032560057029486,1.8169130214461784,Arab
mt5,ary_Arab,1.2666666666666666,1.5851626016260163,1.2822349146222367,0.38152263881795606,1.8151999718225524,Arab
mt5,arz_Arab,1.2604347826086957,1.5625,1.2680299488029356,0.37661949547332335,1.8150654829920014,Arab
mt5,asm_Beng,1.9272727272727272,2.3333333333333335,1.9245657127637537,0.5163685159159302,2.660536909554322,Beng
mt5,ast_Latn,1.2666666666666666,1.5427380952380954,1.28128791690095,0.3168200910301629,1.034677808836658,Latn
mt5,awa_Deva,1.5913729128014842,1.9538277511961721,1.6099257198662367,0.4243017478726806,2.5784436835578295,Deva
mt5,ayr_Latn,1.5625,2.047301587301587,1.5688201000266344,0.38242677824267785,1.0235247439041986,Latn
mt5,azb_Arab,1.4102564102564104,1.75,1.4152289071054422,0.40830231207950546,1.83661760185786,Arab
mt5,azj_Latn,1.3415071770334928,1.6747747747747745,1.3475185700334409,0.3166767510275616,1.1586026553165447,Latn
mt5,bak_Cyrl,1.5823643410852712,1.966153846153846,1.590867390725341,0.4034508379427062,1.840426889217445,Cyrl
mt5,bam_Latn,1.644256120527307,2.1062709966405375,1.6489005948329436,0.4404550161658801,1.0883708429182377,Latn
mt5,ban_Latn,1.2600644122383253,1.5651059085841694,1.2775591133733835,0.2963812243833115,1.002656926889885,Latn
mt5,bel_Cyrl,1.56,2.0,1.5734071202391169,0.3592146423528299,1.8304224743089947,Cyrl
mt5,bem_Latn,1.53125,1.9283068783068782,1.5494066467402563,0.3256537207971537,1.0024257955365363,Latn
mt5,ben_Beng,1.5666666666666667,1.8571428571428572,1.5674291971234944,0.41044776119402987,2.6710838331705955,Beng
mt5,bho_Deva,1.6116780045351473,1.9676344086021504,1.63010860880116,0.4282082776205728,2.5543316023508194,Deva
mt5,bjn_Arab,1.7423963133640554,2.153276353276353,1.7509100056227989,0.4839672801635992,1.8284498977505113,Arab
mt5,bjn_Latn,1.1538461538461537,1.4133228840125391,1.1627356396673671,0.2842940044283006,1.0016569948336493,Latn
mt5,bod_Tibt,3.698837209302326,4.646869070208729,3.6640525583735313,0.8352638786758505,2.962302082560328,Tibt
mt5,bos_Latn,1.3103448275862069,1.6,1.3208842591222514,0.3376273648060878,1.0278670791760907,Latn
mt5,bug_Latn,1.415880503144654,1.8333333333333333,1.4195199905300229,0.3441232808901707,1.0303539016708636,Latn
mt5,bul_Cyrl,1.2727272727272727,1.5185185185185186,1.2764641472581457,0.3129525633770116,1.8180894751353156,Cyrl
mt5,cat_Latn,1.3555555555555556,1.6428571428571428,1.3613684117072593,0.3155230596175478,1.0208030398639194,Latn
mt5,ceb_Latn,1.4166666666666667,1.7175824175824175,1.421532360687757,0.3027066200333995,1.0003402968144437,Latn
mt5,ces_Latn,1.2682926829268293,1.5185185185185186,1.272291438548726,0.3378360325954564,1.1191132904280314,Latn
mt5,cjk_Latn,1.3888888888888888,1.8145833333333334,1.3927968985824628,0.3379043953992619,1.0036975344983559,Latn
mt5,ckb_Arab,1.75,2.1737631184407795,1.7441922405374213,0.45835471979842285,1.838209447373742,Arab
mt5,crh_Latn,1.3150375939849623,1.6169934640522874,1.312657216418573,0.3298923067769382,1.0991179270542035,Latn
mt5,cym_Latn,1.6875,2.032258064516129,1.6949779527093012,0.4054207102560291,1.0038223864432694,Latn
mt5,dan_Latn,1.131578947368421,1.35,1.1373738569441567,0.2837242265187252,1.0214456034667316,Latn
mt5,deu_Latn,1.173913043478261,1.4074074074074074,1.1855819596934094,0.2604659025154575,1.0165725022592955,Latn
mt5,dik_Latn,1.5246166263115415,2.211961722488038,1.5739398064573407,0.47526070755180644,1.1302331400180508,Latn
mt5,dyu_Latn,1.5333333333333334,2.0906417112299462,1.5520108904737948,0.39474318058649965,1.0655973384717288,Latn
mt5,dzo_Tibt,4.23904761904762,5.5236024844720495,4.1892219821846055,0.8662856163712915,2.9262337217272103,Tibt
mt5,ell_Grek,1.637330754352031,1.978924418604651,1.643307389541594,0.351937178747758,1.8219113834999143,Grek
mt5,eng_Latn,1.0,1.0,1.0,0.2560583786732946,1.0009851022232998,Latn
mt5,epo_Latn,1.179029304029304,1.4248076923076922,1.186085052232843,0.305266124364013,1.0186606952441886,Latn
mt5,est_Latn,1.1142857142857143,1.3325581395348836,1.1152673788878695,0.2911037471322967,1.0310523022733067,Latn
mt5,eus_Latn,1.2168037602820212,1.4701960784313726,1.2134000177562072,0.29319394190752684,1.0031963731533258,Latn
mt5,ewe_Latn,1.75,2.424125874125874,1.8077002752212128,0.47920670908220825,1.0985259161050922,Latn
mt5,fao_Latn,1.3874259381171825,1.6842105263157894,1.398597259625344,0.3519039747427363,1.0772759087998331,Latn
mt5,fij_Latn,1.563301282051282,2.039846153846154,1.5886478648160753,0.34594044220470815,1.0009473053351978,Latn
mt5,fin_Latn,1.1481481481481481,1.39953488372093,1.1584445562427865,0.2793258218508502,1.0405948294931533,Latn
mt5,fon_Latn,2.3076923076923075,3.2570099667774084,2.3582314817554972,0.5890523358959195,1.2342770549970432,Latn
mt5,fra_Latn,1.3933982683982684,1.6816363636363636,1.4016158148619455,0.300352594997717,1.0401932930850795,Latn
mt5,fur_Latn,1.519493670886076,1.8162728249194415,1.5188067828711787,0.3550761737397778,1.034302397985305,Latn
mt5,fuv_Latn,1.2806250000000001,1.8069230769230769,1.316030895800657,0.3640248195019728,1.024402023542509,Latn
mt5,gaz_Latn,1.6666666666666667,2.039846153846154,1.684265040987245,0.3638519863442826,1.0153754682964877,Latn
mt5,gla_Latn,1.8492424242424241,2.2723776223776224,1.8416738184723742,0.3826459086549103,1.0401325659755527,Latn
mt5,gle_Latn,1.6538461538461537,2.039846153846154,1.6640821520523217,0.3687713959680487,1.0640075549900971,Latn
mt5,glg_Latn,1.3103448275862069,1.5798947368421052,1.3122724985943002,0.30342199078984283,1.024592351327125,Latn
mt5,grn_Latn,1.6066017316017316,2.048780487804878,1.618152762569915,0.4112068706193785,1.0753466895286226,Latn
mt5,guj_Gujr,1.7142857142857142,2.0767307692307693,1.719126394602113,0.45947891289904136,2.618628784762869,Gujr
mt5,hat_Latn,1.2105263157894737,1.4685416666666666,1.2136071735077387,0.33811816697722735,1.027950464192075,Latn
mt5,hau_Latn,1.3461538461538463,1.6571428571428573,1.3548282086946228,0.3268460544445952,1.011708515088992,Latn
mt5,heb_Hebr,1.2173913043478262,1.4514516129032258,1.2143766091562842,0.4020910498363611,1.7939620201070021,Hebr
mt5,hin_Deva,1.588235294117647,1.9088068181818183,1.5831138468823058,0.4081126648814837,2.5716857772793507,Deva
mt5,hne_Deva,1.5941722972972974,1.877295918367347,1.5871385871977746,0.4224210584352675,2.568395018942825,Deva
mt5,hrv_Latn,1.290994623655914,1.5623475609756097,1.2923263590896985,0.3387452099849512,1.0288021471678794,Latn
mt5,hun_Latn,1.2474489795918369,1.536415201361316,1.2581752537657955,0.30666859018285425,1.1007321383489017,Latn
mt5,hye_Armn,1.5588235294117647,1.896551724137931,1.5731999644875854,0.36421935377785086,1.8475088382800295,Armn
mt5,ibo_Latn,1.7941176470588236,2.32,1.8068124648575064,0.453730677764566,1.1966409036860879,Latn
mt5,ilo_Latn,1.6,1.9582446808510638,1.6042733272173064,0.33949148296593185,1.0023421843687375,Latn
mt5,ind_Latn,1.0689655172413792,1.2727272727272727,1.074960788375603,0.25507352218305407,1.0009058607081163,Latn
mt5,isl_Latn,1.3,1.5992592592592592,1.313515433103489,0.34198867357552876,1.1052972223292368,Latn
mt5,ita_Latn,1.3333333333333333,1.619047619047619,1.341067148057175,0.29023043717736874,1.007179546298787,Latn
mt5,jav_Latn,1.1956521739130435,1.4399024390243902,1.2041963836524519,0.29717077588221547,1.0018915050245385,Latn
mt5,jpn_Jpan,0.8969938107869142,1.1423645320197042,0.9033174513923826,0.5360448167465711,2.934671513618882,Jpan
mt5,kab_Latn,1.8,2.2142857142857144,1.8155130064218283,0.4698295998468313,1.069707064905227,Latn
mt5,kac_Latn,1.7808689024390243,2.3965367965367963,1.806605309105975,0.3592119896202934,1.0001176837484627,Latn
mt5,kam_Latn,1.4516129032258065,2.1423645320197044,1.5224468053623745,0.4007899718757547,1.041422884254318,Latn
mt5,kan_Knda,1.4315953654188949,1.7272727272727273,1.4325708028765056,0.35042710293904733,2.7181120602287536,Knda
mt5,kas_Arab,1.9740215924426452,2.533333333333333,2.0037583972063566,0.5363981335509272,1.808641437387605,Arab
mt5,kas_Deva,1.7826086956521738,2.1994444444444445,1.784232487940576,0.4765898581083752,2.5099086992608988,Deva
mt5,kat_Geor,1.5294117647058822,1.875,1.535290461957326,0.3604410416029792,2.7067156712892197,Geor
mt5,kaz_Cyrl,1.2,1.4665116279069765,1.199431801367228,0.2992535274703368,1.8459800497648353,Cyrl
mt5,kbp_Latn,2.75,3.783666274970623,2.8110147672457164,0.6641054324267636,1.2639865762427462,Latn
mt5,kea_Latn,1.2727272727272727,1.5,1.275931461039922,0.329562392509077,1.0242155551309,Latn
mt5,khk_Cyrl,1.4705882352941178,1.7940162271805273,1.4700068065461218,0.36239676656841857,1.838715090320133,Cyrl
mt5,khm_Khmr,1.3846153846153846,1.8682456140350878,1.4051670563167706,0.30990640541987025,2.8402234782722204,Khmr
mt5,kik_Latn,2.113961038961039,2.9693939393939393,2.1626172649522064,0.47568739259490705,1.1119616726553143,Latn
mt5,kin_Latn,1.4848484848484849,1.8777439024390241,1.502411884821402,0.3480049080427466,1.0225386097077795,Latn
mt5,kir_Cyrl,1.310727969348659,1.6331578947368421,1.3173626113462165,0.3284028033935817,1.845946145333825,Cyrl
mt5,kmb_Latn,1.4615384615384615,1.8884615384615384,1.4752744813707792,0.3419956779748225,1.005440263437725,Latn
mt5,kmr_Latn,1.411764705882353,1.72,1.414222722026575,0.3665510999294327,1.1101386800846809,Latn
mt5,knc_Arab,2.5454545454545454,4.176214833759591,2.436595543191974,0.7096560105498143,1.8220494565638978,Arab
mt5,knc_Latn,1.5491935483870969,2.064314516129032,1.5853037791127815,0.38540512540109645,1.0547505647725801,Latn
mt5,kon_Latn,1.44862772695285,1.8181818181818181,1.4530200349205409,0.32748385891894777,1.0012139160130196,Latn
mt5,kor_Hang,1.2586618876941458,1.5598823529411765,1.269775975851558,0.6504509967406958,2.3921625104221937,Hang
mt5,lao_Laoo,1.2343137254901961,1.6246621621621622,1.2609570595720754,0.3275373013859742,2.7730092475151626,Laoo
mt5,lij_Latn,1.6923076923076923,2.0906417112299462,1.6942677044183363,0.39209253907159586,1.0576794006054213,Latn
mt5,lim_Latn,1.3666666666666667,1.6577302631578947,1.3777041223994555,0.33806560305576333,1.0331791412201268,Latn
mt5,lin_Latn,1.3611111111111112,1.7,1.3777041223994555,0.3273908732251735,1.0013361744621898,Latn
mt5,lit_Latn,1.2173913043478262,1.4798260869565216,1.215619543665473,0.31517927706036264,1.06809689324709,Latn
mt5,lmo_Latn,1.6992063492063492,2.0966284074605452,1.7024947471220147,0.4060287817513251,1.0810024914071157,Latn
mt5,ltg_Latn,1.4545454545454546,1.7723776223776222,1.4566304637329466,0.378940804212763,1.0618980529828856,Latn
mt5,ltz_Latn,1.4473684210526316,1.76,1.4616909828060727,0.33475661827497866,1.029340002439917,Latn
mt5,lua_Latn,1.35,1.7241379310344827,1.3724956349323785,0.3243262143526483,1.0007202897942629,Latn
mt5,lug_Latn,1.4,1.7575757575757576,1.403924121807582,0.3511421000429305,1.012449852703883,Latn
mt5,luo_Latn,1.3902439024390243,1.8108108108108107,1.4049894942440295,0.3451645267764966,1.0025809547351432,Latn
mt5,lus_Latn,1.5825757575757575,2.080972972972973,1.5842680003551242,0.3657493441189331,1.002165773939659,Latn
mt5,lvs_Latn,1.2926829268292683,1.5665217391304347,1.295078571217188,0.32619990011702704,1.0931818690042263,Latn
mt5,mag_Deva,1.6120071684587813,1.8973474801061008,1.609393033648013,0.4292434587000276,2.578649512609022,Deva
mt5,mai_Deva,1.7272727272727273,2.0833333333333335,1.734603888609393,0.4529290400352366,2.591448949471065,Deva
mt5,mal_Mlym,1.3478260869565217,1.6544755244755245,1.351750466100441,0.30586730594096534,2.7572253174050463,Mlym
mt5,mar_Deva,1.5208695652173914,1.8333333333333333,1.5213518392471368,0.3857953351544442,2.6694683757091826,Deva
mt5,min_Arab,1.8285714285714285,2.243754619364376,1.8432126897694652,0.49268300400259457,1.8307361293486688,Arab
mt5,min_Latn,1.25,1.512162162162162,1.252996359977509,0.2998965873836608,1.0009278803246873,Latn
mt5,mkd_Cyrl,1.2916666666666667,1.5292483660130718,1.2905507383622858,0.3164038976397948,1.8225383995878892,Cyrl
mt5,mlt_Latn,1.6756756756756757,2.0746428571428575,1.7000976591400077,0.3927048014874768,1.0513302526523023,Latn
mt5,mni_Beng,2.193548387096774,2.7916666666666665,2.2093456837619483,0.5456472325154764,2.6894190219337677,Beng
mt5,mos_Latn,1.7666666666666666,2.3717258261933907,1.77778106596431,0.4818251816679767,1.0818668891063379,Latn
mt5,mri_Latn,1.6963109354413701,2.09375,1.698055695303483,0.3914891584678575,1.0496295184422035,Latn
mt5,mya_Mymr,1.5568475452196382,1.95,1.5578704388742564,0.32262255698079906,2.8530419381132446,Mymr
mt5,nld_Latn,1.1634508348794061,1.4101398601398603,1.1640969488917168,0.26663232313646806,1.0015183455456216,Latn
mt5,nno_Latn,1.1595454545454547,1.4,1.1728862714924093,0.2969564826470059,1.0225304201882155,Latn
mt5,nob_Latn,1.113961038961039,1.3169448010269578,1.1099109230268414,0.28382990638645667,1.0218860442412914,Latn
mt5,npi_Deva,1.4624765478424013,1.7586206896551724,1.460181705187772,0.3888087752062599,2.675051023222461,Deva
mt5,nso_Latn,1.56,1.9409982174688056,1.568050664378089,0.3506452253325392,1.0251737145126067,Latn
mt5,nus_Latn,2.4047619047619047,3.108011583011583,2.421177236542275,0.5730676286204602,1.227205547578188,Latn
mt5,nya_Latn,1.3333333333333333,1.7058823529411764,1.3444704211180492,0.30862822089223724,1.0023776689333777,Latn
mt5,oci_Latn,1.4838709677419355,1.7777777777777777,1.486076174129206,0.33332669547497196,1.031324053607344,Latn
mt5,ory_Orya,3.108108108108108,3.738550724637681,3.094492616377142,0.7754878039736278,2.6806710224786596,Orya
mt5,pag_Latn,1.2258064516129032,1.5608780487804879,1.2083394986830813,0.31426834149194915,1.0003386595240293,Latn
mt5,pan_Guru,2.0983870967741938,2.5331249999999996,2.1027492527596103,0.5325388795203297,2.5795165823496347,Guru
mt5,pap_Latn,1.3448275862068966,1.6,1.3516616850640704,0.32817911391495536,1.0259890496788193,Latn
mt5,pbt_Arab,1.6,1.9651193633952253,1.601550708768607,0.44193832886914486,1.7545567387469785,Arab
mt5,pes_Arab,1.3333333333333333,1.6276162790697675,1.3363617531295315,0.36466930469191633,1.8049261083743842,Arab
mt5,plt_Latn,1.5833333333333333,2.0,1.5857476842946348,0.33282814479862854,1.029236751223633,Latn
mt5,pol_Latn,1.3,1.615136476426799,1.3036903317451392,0.31582607448829625,1.062859805713876,Latn
mt5,por_Latn,1.2795348837209302,1.5226284584980236,1.287206652658992,0.3031312504791308,1.0280857766100537,Latn
mt5,prs_Arab,1.3099343185550083,1.5786283891547048,1.3119173744488177,0.367389052334977,1.7821157750797663,Arab
mt5,quy_Latn,1.4090909090909092,1.8275862068965518,1.4235447308454914,0.341083457420407,1.0080762958235836,Latn
mt5,ron_Latn,1.3548387096774193,1.6282142857142856,1.3611612559557278,0.30950762750072336,1.0562153868929458,Latn
mt5,run_Latn,1.5,1.9375,1.5151667603799828,0.34766577258683323,1.0053441075611993,Latn
mt5,rus_Cyrl,1.25,1.5236024844720495,1.254150513450327,0.29824203355477985,1.8321557257065646,Cyrl
mt5,sag_Latn,1.6113296616837136,2.147126436781609,1.6393122429049156,0.38834284432355126,1.0333842767207415,Latn
mt5,san_Deva,1.6333333333333333,2.0,1.6335118818620342,0.429978032935018,2.70166856216991,Deva
mt5,sat_Olck,2.6909814323607426,3.3546489563567365,2.6940605486668048,0.6512221816855163,2.6419082773569116,Olck
mt5,scn_Latn,1.5,1.8961822660098522,1.524488769198899,0.3717516652113357,1.0537702693925857,Latn
mt5,shn_Mymr,3.259032258064516,4.281031976744186,3.2828859755556214,0.589173801278919,2.7749463576299633,Mymr
mt5,sin_Sinh,1.632456140350877,1.962962962962963,1.6339853807226776,0.4212236801953006,2.640036618858712,Sinh
mt5,slk_Latn,1.2765957446808511,1.5666666666666667,1.2929182326655027,0.33170602080327993,1.0913218434439298,Latn
mt5,slv_Latn,1.1923076923076923,1.434782608695652,1.1961764967003048,0.3088915211493638,1.02410301478736,Latn
mt5,smo_Latn,1.894736842105263,2.432222222222222,1.9106270900535645,0.42268108730948517,1.0478578536636463,Latn
mt5,sna_Latn,1.3358974358974358,1.6896551724137931,1.3446183895120003,0.307781932477104,1.0001287053595622,Latn
mt5,snd_Arab,1.7142857142857142,2.1,1.739516439288568,0.49152088838344987,1.7717580359233367,Arab
mt5,som_Latn,1.4868329868329868,1.8275862068965518,1.4903080701962061,0.3320475794859622,1.0018462106526356,Latn
mt5,sot_Latn,1.5609756097560976,1.9523809523809523,1.5760113639726554,0.33545400144877324,1.0018582091902617,Latn
mt5,spa_Latn,1.302677942212826,1.6,1.3090467876061673,0.2816716653612751,1.0184792506415523,Latn
mt5,srd_Latn,1.5648667601683028,1.9283068783068782,1.570181409250984,0.34595447521305106,1.028122086237587,Latn
mt5,srp_Cyrl,1.2857142857142858,1.5516537649542574,1.2970909413749223,0.3351173637128221,1.81972627876749,Cyrl
mt5,ssw_Latn,1.3928571428571428,1.758516196447231,1.4121215708324701,0.320788711184613,1.0002016820281145,Latn
mt5,sun_Latn,1.2083333333333333,1.4796190476190476,1.218135006362641,0.3007884717969703,1.0101719438497008,Latn
mt5,swe_Latn,1.1099033816425121,1.3043478260869565,1.1087863632328134,0.28346939238725005,1.0394709963456985,Latn
mt5,swh_Latn,1.2390476190476192,1.4985714285714282,1.2427865407948862,0.3040780270227217,1.0014771262653324,Latn
mt5,szl_Latn,1.5694980694980694,1.9350389321468298,1.572874434020893,0.38686737078095546,1.0593959951376808,Latn
mt5,tam_Taml,1.2580645161290323,1.548956356736243,1.2614897457902992,0.27655985415193374,2.7355660371237827,Taml
mt5,taq_Latn,1.6,2.157791537667699,1.6318250421709923,0.443120268728202,1.0693839502402802,Latn
mt5,taq_Tfng,3.582575757575758,4.605263157894737,3.577254298481844,0.9754206173088562,2.4450514424046803,Tfng
mt5,tat_Cyrl,1.3870967741935485,1.7142857142857142,1.4038649344500014,0.35591401883182655,1.8363881907191357,Cyrl
mt5,tel_Telu,1.4205263157894736,1.7108333333333332,1.4100500133171554,0.35958643070072827,2.669416248443455,Telu
mt5,tgk_Cyrl,1.617334167709637,1.9653940886699506,1.6104584060844604,0.3730625004284608,1.820231574473336,Cyrl
mt5,tgl_Latn,1.4482758620689655,1.790625,1.4561865585510936,0.2955013602214789,1.0006425770341767,Latn
mt5,tha_Thai,0.9701426024955437,1.2692307692307692,0.9885176526293984,0.264343710925753,2.8893971288836835,Thai
mt5,tir_Ethi,2.0240998838559814,2.523428571428571,2.0211594803350006,0.7529905954730378,2.5556498825812284,Ethi
mt5,tpi_Latn,1.6329931972789116,2.0798947368421055,1.6542274570151816,0.3307299986983327,1.0008046670690003,Latn
mt5,tsn_Latn,1.6521739130434783,2.097326203208556,1.6543162380515521,0.34287729628607355,1.0013003342840494,Latn
mt5,tso_Latn,1.5833333333333333,2.0,1.6017578645201385,0.3421302149178255,1.0062326169405815,Latn
mt5,tuk_Latn,1.6666666666666667,2.058655462184874,1.6802403006717765,0.4047924598251843,1.1022515007628582,Latn
mt5,tum_Latn,1.564659977703456,2.102307692307692,1.6085052232843065,0.3149729955262975,1.013345773162421,Latn
mt5,tur_Latn,1.1176470588235294,1.3426139817629177,1.1181675594093101,0.2782777769594485,1.0893738308120609,Latn
mt5,twi_Latn,1.6578397212543554,2.277272727272727,1.7041519931342666,0.4477141968589644,1.0790468045405068,Latn
mt5,tzm_Tfng,3.467204301075269,4.25,3.4809564676984994,0.996982564989278,2.569490002627542,Tfng
mt5,uig_Arab,2.5540935672514617,3.228214285714286,2.5571305969045013,0.615104251941599,1.8595855549307003,Arab
mt5,ukr_Cyrl,1.3225806451612903,1.5861227922624055,1.319552543576692,0.33151179908105455,1.8285378656079463,Cyrl
mt5,umb_Latn,1.5,1.9444444444444444,1.4822289958864787,0.37169573283859,1.0333803339517624,Latn
mt5,urd_Arab,1.5,1.8329268292682925,1.508182652185493,0.3922644704433498,1.7834128694581282,Arab
mt5,uzn_Latn,1.375,1.6748913043478262,1.377230623538812,0.31165787147411,1.0010112239157805,Latn
mt5,vec_Latn,1.375,1.6470588235294117,1.367227960107721,0.34670108663024557,1.0476151167677252,Latn
mt5,vie_Latn,1.9555335968379448,2.412479871175523,1.9519694593234884,0.4759118294310762,1.324766405714492,Latn
mt5,war_Latn,1.4333333333333333,1.743424317617866,1.446272676156373,0.2966085236031706,1.0005158831312286,Latn
mt5,wol_Latn,1.44,1.836394557823129,1.450652540617324,0.3854513143513167,1.039560284022552,Latn
mt5,xho_Latn,1.327199732351957,1.6296296296296295,1.336835251990175,0.32469362084456427,1.000869721473495,Latn
mt5,ydd_Hebr,1.6575187969924814,1.9285714285714286,1.6578970731851677,0.3950051471521442,1.8107751752146997,Hebr
mt5,yor_Latn,2.0384615384615383,2.754591836734694,2.0549258678346307,0.5474110746720484,1.3311758955600403,Latn
mt5,yue_Hant,0.9444444444444444,1.173913043478261,0.9524133645053416,0.8037310823635183,2.858548524049748,Hant
mt5,zho_Hans,0.875,1.1818181818181819,0.9059216951259211,0.707775542762017,2.7931377309195162,Hans
mt5,zho_Hant,0.9666666666666667,1.2083333333333333,0.9777159598709716,0.8113059279996071,2.854132901134522,Hant
mt5,zsm_Latn,1.1067629179331306,1.3224654377880183,1.1055606522446806,0.2554952194668235,1.0025715028245497,Latn
mt5,zul_Latn,1.3804761904761904,1.7,1.4004616613891272,0.31896551724137934,1.001617643094012,Latn
nllb,ace_Arab,1.875,2.3527821939586646,1.8865572272445417,0.5177939608918031,1.79061080805095,Arab
nllb,ace_Latn,1.2254032258064518,1.5260651629072681,1.2348813681015633,0.26655676958950625,1.0177807835098027,Latn
nllb,acm_Arab,1.3636363636363635,1.6818181818181819,1.368786919486962,0.3691144632390474,1.8170577156636685,Arab
nllb,acq_Arab,1.375,1.7079545454545453,1.3839953004144774,0.36836253398538954,1.8180120392970995,Arab
nllb,aeb_Arab,1.368421052631579,1.7194285714285713,1.3814496915897,0.377593620095984,1.815739237480152,Arab
nllb,afr_Latn,1.2,1.4346376811594201,1.214842857609086,0.26647386016278785,1.0114681690302167,Latn
nllb,ajp_Arab,1.2972972972972974,1.6085403726708074,1.3084102999249372,0.36763532659031095,1.805192066097514,Arab
nllb,aka_Latn,1.3717607973421928,1.7809027777777777,1.393035475343494,0.32177184081777266,1.0998846614852285,Latn
nllb,als_Latn,1.3333333333333333,1.6108695652173912,1.3434287392709114,0.2798748980146859,1.0777943976067446,Latn
nllb,amh_Ethi,1.3,1.6111111111111112,1.309324108221011,0.46043933342514803,2.5874535187990633,Ethi
nllb,apc_Arab,1.3333333333333333,1.631578947368421,1.3293626187134884,0.377209797657082,1.8142705005324813,Arab
nllb,arb_Arab,1.3783783783783783,1.7307692307692308,1.3926764792271793,0.36685866574965614,1.8163342503438789,Arab
nllb,arb_Latn,1.8333333333333333,2.3333333333333335,1.8559446493260663,0.3696039307951281,1.0004289558175508,Latn
nllb,ars_Arab,1.3846153846153846,1.7493589743589741,1.3992363173525668,0.36823526380431326,1.8169130214461784,Arab
nllb,ary_Arab,1.3846153846153846,1.75,1.3923827551320127,0.37567581846679465,1.8151999718225524,Arab
nllb,arz_Arab,1.348913043478261,1.6953177257525083,1.357755947912927,0.365676364595236,1.8150654829920014,Arab
nllb,asm_Beng,1.3594871794871795,1.6974721941354902,1.3761626578767012,0.3348101919122143,2.660536909554322,Beng
nllb,ast_Latn,1.170731707317073,1.4166666666666667,1.1757449169413532,0.2636215955158132,1.034677808836658,Latn
nllb,awa_Deva,1.2,1.4834838709677418,1.2089031036846056,0.28890986093453863,2.5784436835578295,Deva
nllb,ayr_Latn,1.3150375939849623,1.7,1.3188538233086387,0.29152358966960035,1.0235247439041986,Latn
nllb,azb_Arab,1.3433035714285713,1.696969696969697,1.3597467445579452,0.355725555821181,1.83661760185786,Arab
nllb,azj_Latn,1.3186653771760155,1.6754901960784312,1.3321040436017102,0.2838712818265907,1.1586026553165447,Latn
nllb,bak_Cyrl,1.2121212121212122,1.4666666666666666,1.2151039456936783,0.27942931335980126,1.840426889217445,Cyrl
nllb,bam_Latn,1.2666666666666666,1.5994594594594593,1.2695408113312228,0.30750745053398787,1.0883708429182377,Latn
nllb,ban_Latn,1.0689655172413792,1.3043478260869565,1.0729741196436147,0.22571520764535863,1.002656926889885,Latn
nllb,bel_Cyrl,1.68,2.193424317617866,1.7055579126007636,0.3530866366234486,1.8304224743089947,Cyrl
nllb,bem_Latn,1.3666666666666667,1.7036036036036035,1.3840605724356254,0.26378349463836986,1.0024257955365363,Latn
nllb,ben_Beng,1.2656862745098039,1.545194805194805,1.2773081818478509,0.30329660110661644,2.6710838331705955,Beng
nllb,bho_Deva,1.25,1.5636923076923075,1.272053784145426,0.3030022699710812,2.5543316023508194,Deva
nllb,bjn_Arab,1.8461538461538463,2.342613981762918,1.8719036584967854,0.4691779141104295,1.8284498977505113,Arab
nllb,bjn_Latn,1.0693664795509221,1.32,1.0760745406481511,0.2385783129042995,1.0016569948336493,Latn
nllb,bod_Tibt,1.4220647773279351,1.8093406593406594,1.4312848797363011,0.2958625388751341,2.962302082560328,Tibt
nllb,bos_Latn,1.1785714285714286,1.4317736185383245,1.1857641721875918,0.2748356644150107,1.0278670791760907,Latn
nllb,bug_Latn,1.2727272727272727,1.6470588235294117,1.2787768023236838,0.28110539569119514,1.0303539016708636,Latn
nllb,bul_Cyrl,1.2857142857142858,1.56,1.30305799419079,0.28969134996299684,1.8180894751353156,Cyrl
nllb,cat_Latn,1.25,1.488780487804878,1.248294768447505,0.26234601772339433,1.0208030398639194,Latn
nllb,ceb_Latn,1.278688524590164,1.565217391304348,1.2881433373584412,0.24873176418691118,1.0003402968144437,Latn
nllb,ces_Latn,1.2555665512122711,1.5248809523809523,1.2582813876831695,0.3029695812411105,1.1191132904280314,Latn
nllb,cjk_Latn,1.3333333333333333,1.7307692307692308,1.325707385529193,0.29164572593730703,1.0036975344983559,Latn
nllb,ckb_Arab,1.3033367037411527,1.6084321475625822,1.3047877027512156,0.3109203179195247,1.838209447373742,Arab
nllb,crh_Latn,1.2406896551724138,1.5384615384615385,1.2517868215789303,0.2852680430772892,1.0991179270542035,Latn
nllb,cym_Latn,1.375,1.6538461538461537,1.3806664273359224,0.2994556638565048,1.0038223864432694,Latn
nllb,dan_Latn,1.1111111111111112,1.3198181818181818,1.1150745732841618,0.2522313024605231,1.0214456034667316,Latn
nllb,deu_Latn,1.2857142857142858,1.5277272727272726,1.2934630070820143,0.2576767289300366,1.0165725022592955,Latn
nllb,dik_Latn,1.2022727272727272,1.7194285714285713,1.2401684018145622,0.33956767673157173,1.1302331400180508,Latn
nllb,dyu_Latn,1.4267857142857143,1.9021951219512194,1.4378120818511144,0.33160715360992354,1.0655973384717288,Latn
nllb,dzo_Tibt,1.4555335968379448,1.935268817204301,1.4584706765444992,0.2734811025164007,2.9262337217272103,Tibt
nllb,ell_Grek,1.6428571428571428,2.0,1.650500962762312,0.3205265526267421,1.8219113834999143,Grek
nllb,eng_Latn,1.0,1.0,1.0,0.23218859403179606,1.0009851022232998,Latn
nllb,epo_Latn,1.225,1.4583333333333333,1.2272445416272315,0.2864150138622307,1.0186606952441886,Latn
nllb,est_Latn,1.151844532279315,1.4090909090909092,1.157729839104468,0.27401725642867625,1.0310523022733067,Latn
nllb,eus_Latn,1.263157894736842,1.5474025974025973,1.2630788812375575,0.27674727914992203,1.0031963731533258,Latn
nllb,ewe_Latn,1.2343137254901961,1.6923076923076923,1.2569106752390589,0.30213620566569127,1.0985259161050922,Latn
nllb,fao_Latn,1.3086080586080586,1.5804753820033954,1.3187885512874906,0.3008905568213972,1.0772759087998331,Latn
nllb,fij_Latn,1.3125,1.675608108108108,1.3279266342482294,0.2622102502303821,1.0009473053351978,Latn
nllb,fin_Latn,1.2,1.4583333333333333,1.2088378316634574,0.26430523544144824,1.0405948294931533,Latn
nllb,fon_Latn,1.56125,2.148039215686275,1.5910381514963612,0.36037108219988173,1.2342770549970432,Latn
nllb,fra_Latn,1.3333333333333333,1.6396363636363636,1.3531216344114096,0.2629305971285069,1.0401932930850795,Latn
nllb,fur_Latn,1.3636363636363635,1.619047619047619,1.368754283476388,0.29016590792732705,1.034302397985305,Latn
nllb,fuv_Latn,1.2083333333333333,1.6,1.2222185959988252,0.3065601414515152,1.024402023542509,Latn
nllb,gaz_Latn,1.4,1.7350980392156863,1.4190463757710257,0.277979516423941,1.0153754682964877,Latn
nllb,gla_Latn,1.5416666666666667,1.9473684210526316,1.5578146927319605,0.2934959049656903,1.0401325659755527,Latn
nllb,gle_Latn,1.4054054054054055,1.7199298245614034,1.4125518096667864,0.28384989703702734,1.0640075549900971,Latn
nllb,glg_Latn,1.1538461538461537,1.368421052631579,1.1535524297509872,0.24185900111534592,1.024592351327125,Latn
nllb,grn_Latn,1.3333333333333333,1.6660714285714284,1.3362814529551907,0.30792196853472914,1.0753466895286226,Latn
nllb,guj_Gujr,1.3333333333333333,1.6331578947368421,1.346072256127411,0.3262331129180245,2.618628784762869,Gujr
nllb,hat_Latn,1.105263157894737,1.3169448010269578,1.0989197480499984,0.2776247876919018,1.027950464192075,Latn
nllb,hau_Latn,1.1724137931034482,1.434782608695652,1.1764955451845567,0.25736601246528495,1.011708515088992,Latn
nllb,heb_Hebr,1.2222222222222223,1.4705882352941178,1.2294964263568422,0.36914770611636977,1.7939620201070021,Hebr
nllb,hin_Deva,1.2083333333333333,1.4685416666666666,1.2125583368689012,0.2834473866904691,2.5716857772793507,Deva
nllb,hne_Deva,1.24,1.5,1.2438889070200059,0.30020242436653777,2.568395018942825,Deva
nllb,hrv_Latn,1.1538461538461537,1.405625,1.1641264971769851,0.2766960919682889,1.0288021471678794,Latn
nllb,hun_Latn,1.2647058823529411,1.541346153846154,1.2698998074475376,0.280672268907563,1.1007321383489017,Latn
nllb,hye_Armn,1.4807407407407407,1.8235294117647058,1.4964589928527137,0.3141563210830661,1.8475088382800295,Armn
nllb,ibo_Latn,1.3099343185550083,1.6521739130434783,1.3182663751183055,0.300185790725327,1.1966409036860879,Latn
nllb,ilo_Latn,1.3243243243243243,1.6,1.332593583760321,0.25571142284569137,1.0023421843687375,Latn
nllb,ind_Latn,0.9310344827586207,1.105263157894737,0.9338794425769394,0.2009395671530694,1.0009058607081163,Latn
nllb,isl_Latn,1.2795348837209302,1.5907925407925407,1.292418654743644,0.3051277112147012,1.1052972223292368,Latn
nllb,ita_Latn,1.25,1.5,1.254071342319115,0.24610280649169325,1.007179546298787,Latn
nllb,jav_Latn,1.0,1.2333333333333334,1.0254887242583466,0.22947826594998832,1.0018915050245385,Latn
nllb,jpn_Jpan,1.0,1.2666666666666666,1.0036225971737214,0.5400488207505751,2.934671513618882,Jpan
nllb,kab_Latn,1.55,1.9047619047619047,1.5607519336836264,0.36624928202182655,1.069707064905227,Latn
nllb,kac_Latn,1.4761904761904763,1.9494444444444443,1.496654808916158,0.26984295103767647,1.0001176837484627,Latn
nllb,kam_Latn,1.2619047619047619,1.6085403726708074,1.2735550406318332,0.3040145217709705,1.041422884254318,Latn
nllb,kan_Knda,1.36,1.6784562211981566,1.3651643223132404,0.30280874475170116,2.7181120602287536,Knda
nllb,kas_Arab,1.7777777777777777,2.3455810147299507,1.8147906399921674,0.4405247605542308,1.808641437387605,Arab
nllb,kas_Deva,1.6666666666666667,2.103103448275862,1.6870532946052674,0.4086241650527647,2.5099086992608988,Deva
nllb,kat_Geor,1.6,1.952142857142857,1.5976306256323227,0.3401119973320735,2.7067156712892197,Geor
nllb,kaz_Cyrl,1.1666666666666667,1.4282142857142857,1.1723507718416502,0.2652303284922141,1.8459800497648353,Cyrl
nllb,kbp_Latn,1.5333333333333334,2.036904761904762,1.546914265200222,0.33139201566105014,1.2639865762427462,Latn
nllb,kea_Latn,1.2745967741935482,1.5,1.275480565255703,0.2987349512707816,1.0242155551309,Latn
nllb,khk_Cyrl,1.3478260869565217,1.6588961038961039,1.3488136810156326,0.3015218723553273,1.838715090320133,Cyrl
nllb,khm_Khmr,1.7633053221288515,2.3,1.7779772200646193,0.3555745558499876,2.8402234782722204,Khmr
nllb,kik_Latn,1.4777667984189722,2.0,1.5117326458013773,0.3015218976201635,1.1119616726553143,Latn
nllb,kin_Latn,1.2777777777777777,1.6,1.2932019189974218,0.27162177909694757,1.0225386097077795,Latn
nllb,kir_Cyrl,1.2434343434343433,1.5454545454545454,1.247837864299468,0.2820730357801549,1.845946145333825,Cyrl
nllb,kmb_Latn,1.3333333333333333,1.704090909090909,1.3469860644234848,0.2831475319864165,1.005440263437725,Latn
nllb,kmr_Latn,1.4285714285714286,1.768974358974359,1.4352991090369114,0.3373347037707483,1.1101386800846809,Latn
nllb,knc_Arab,2.5405844155844157,4.306334841628959,2.541300871381482,0.6711543599865541,1.8220494565638978,Arab
nllb,knc_Latn,1.5294117647058822,2.0,1.5529519271564245,0.34234571276457976,1.0547505647725801,Latn
nllb,kon_Latn,1.2022727272727272,1.4761904761904763,1.2115792565516792,0.24761218718318126,1.0012139160130196,Latn
nllb,kor_Hang,1.0,1.28,1.0244770079305505,0.4758735693170621,2.3921625104221937,Hang
nllb,lao_Laoo,1.4428104575163399,1.875,1.472471525080774,0.34682409734873815,2.7730092475151626,Laoo
nllb,lij_Latn,1.606060606060606,1.9615384615384615,1.600633138605137,0.3358924486693057,1.0576794006054213,Latn
nllb,lim_Latn,1.4285714285714286,1.75,1.439966058549003,0.320404917687554,1.0331791412201268,Latn
nllb,lin_Latn,1.1111111111111112,1.3636363636363635,1.119480434711661,0.24122871790544104,1.0013361744621898,Latn
nllb,lit_Latn,1.162162162162162,1.4285714285714286,1.1709800593975392,0.27530327095274265,1.06809689324709,Latn
nllb,lmo_Latn,1.59375,1.9628205128205127,1.6029502953558956,0.34665142179593045,1.0810024914071157,Latn
nllb,ltg_Latn,1.4074074074074074,1.7142857142857142,1.412943441793675,0.33331023704490687,1.0618980529828856,Latn
nllb,ltz_Latn,1.4230769230769231,1.75,1.4395417904115402,0.29895083567158715,1.029340002439917,Latn
nllb,lua_Latn,1.2,1.5,1.2131131490486602,0.2599406984713073,1.0007202897942629,Latn
nllb,lug_Latn,1.2639318885448916,1.5714285714285714,1.2563232270487255,0.28493286553863006,1.012449852703883,Latn
nllb,luo_Latn,1.227922077922078,1.5608780487804879,1.2333148395940081,0.27474444912974566,1.0025809547351432,Latn
nllb,lus_Latn,1.3043478260869565,1.7142857142857142,1.3179726510231389,0.27590730214254483,1.002165773939659,Latn
nllb,lvs_Latn,1.173913043478261,1.43109243697479,1.1862537123462027,0.2709362910619647,1.0931818690042263,Latn
nllb,mag_Deva,1.2272727272727273,1.4545454545454546,1.2202930713749551,0.2951260902166621,2.578649512609022,Deva
nllb,mai_Deva,1.24,1.4991803278688522,1.2380796971378218,0.2931435503937069,2.591448949471065,Deva
nllb,mal_Mlym,1.4736842105263157,1.8233193277310924,1.4916941353089,0.3060681952107998,2.7572253174050463,Mlym
nllb,mar_Deva,1.25,1.5310661764705882,1.2641885055970759,0.29069732536847476,2.6694683757091826,Deva
nllb,min_Arab,1.962962962962963,2.4281385281385277,1.975784080154042,0.47888750019775667,1.8307361293486688,Arab
nllb,min_Latn,1.1379310344827587,1.3993939393939392,1.1499951045984138,0.24958564122905186,1.0009278803246873,Latn
nllb,mkd_Cyrl,1.227922077922078,1.4705882352941178,1.2358604484187854,0.27475023036124996,1.8225383995878892,Cyrl
nllb,mlt_Latn,1.4411764705882353,1.7772727272727271,1.464116706373813,0.30666903642130594,1.0513302526523023,Latn
nllb,mni_Beng,1.7399355877616747,2.139470284237726,1.7319930811657582,0.38787905365404435,2.6894190219337677,Beng
nllb,mos_Latn,1.3438423645320197,1.7619047619047619,1.3507392056395027,0.331959126710406,1.0818668891063379,Latn
nllb,mri_Latn,1.3829787234042554,1.6873214285714286,1.3865409092392547,0.2898694103680253,1.0496295184422035,Latn
nllb,mya_Mymr,1.5797962648556876,1.9545454545454546,1.5819653405567704,0.2970723605586846,2.8530419381132446,Mymr
nllb,nld_Latn,1.1891891891891893,1.4346376811594201,1.1888319571815542,0.24691416602837407,1.0015183455456216,Latn
nllb,nno_Latn,1.1428571428571428,1.3713227513227513,1.1504193727358767,0.264116166157166,1.0225304201882155,Latn
nllb,nob_Latn,1.0960061443932412,1.2820512820512822,1.0924904539669071,0.2533317188717941,1.0218860442412914,Latn
nllb,npi_Deva,1.1666666666666667,1.4163793103448277,1.1719917757253353,0.28297991379242415,2.675051023222461,Deva
nllb,nso_Latn,1.3461538461538463,1.625,1.3462354361802813,0.27297994838197337,1.0251737145126067,Latn
nllb,nus_Latn,1.8857142857142857,2.4542521994134896,1.9015697921086125,0.4081252407803033,1.227205547578188,Latn
nllb,nya_Latn,1.1384099616858236,1.4482758620689655,1.1506151887993212,0.2395059883290422,1.0023776689333777,Latn
nllb,oci_Latn,1.3846153846153846,1.6785714285714286,1.3993015893737148,0.28460481510245533,1.031324053607344,Latn
nllb,ory_Orya,1.3571428571428572,1.6816363636363636,1.371234620280017,0.31160124296383096,2.6806710224786596,Orya
nllb,pag_Latn,1.125,1.4,1.102607617244868,0.2600366368030541,1.0003386595240293,Latn
nllb,pan_Guru,1.4878048780487805,1.8181818181818181,1.4986782415717503,0.3441708825182687,2.5795165823496347,Guru
nllb,pap_Latn,1.2608695652173914,1.5,1.2658529421363534,0.2786942963484559,1.0259890496788193,Latn
nllb,pbt_Arab,1.4210526315789473,1.7428571428571429,1.4287392709115239,0.3574998366760306,1.7545567387469785,Arab
nllb,pes_Arab,1.125,1.3679425837320573,1.127313077249437,0.27894694339013165,1.8049261083743842,Arab
nllb,plt_Latn,1.3823529411764706,1.7307692307692308,1.3850722887634215,0.26360903376481404,1.029236751223633,Latn
nllb,pol_Latn,1.3506756756756757,1.6955314009661835,1.365392774387259,0.29993906154783667,1.062859805713876,Latn
nllb,por_Latn,1.1666666666666667,1.3793103448275863,1.1700009790803172,0.249844935848741,1.0280857766100537,Latn
nllb,prs_Arab,1.1058230683090706,1.3529411764705883,1.108449463137626,0.2814735010152074,1.7821157750797663,Arab
nllb,quy_Latn,1.263157894736842,1.6,1.2763617375412029,0.27730979224278524,1.0080762958235836,Latn
nllb,ron_Latn,1.3448275862068966,1.6313840155945418,1.3515877419144284,0.27868135417577905,1.0562153868929458,Latn
nllb,run_Latn,1.3150375939849623,1.6853246753246753,1.3286119904702849,0.276440430516416,1.0053441075611993,Latn
nllb,rus_Cyrl,1.3214285714285714,1.6203853955375251,1.3278939982376554,0.28634162819502307,1.8321557257065646,Cyrl
nllb,sag_Latn,1.3618181818181818,1.8125,1.3863777291863844,0.2978084996003982,1.0333842767207415,Latn
nllb,san_Deva,1.3793103448275863,1.7194285714285713,1.3980287849613264,0.333689064763893,2.70166856216991,Deva
nllb,sat_Olck,2.48,3.0738095238095235,2.479194543259032,0.5434183888805431,2.6419082773569116,Olck
nllb,scn_Latn,1.4193548387096775,1.766470588235294,1.4316765118631898,0.31657417497167517,1.0537702693925857,Latn
nllb,shn_Mymr,1.894736842105263,2.5768065268065268,1.9482719232401031,0.31705827367168743,2.7749463576299633,Mymr
nllb,sin_Sinh,1.6571428571428573,2.0453535353535353,1.6646649913514573,0.3891287763198047,2.640036618858712,Sinh
nllb,slk_Latn,1.1883445945945947,1.4375,1.2005482849776443,0.2792954217599271,1.0913218434439298,Latn
nllb,slv_Latn,1.1612903225806452,1.3887096774193548,1.1654645736105218,0.2729051239922051,1.02410301478736,Latn
nllb,smo_Latn,1.5789473684210527,2.0,1.5888189027773245,0.3187228303566752,1.0478578536636463,Latn
nllb,sna_Latn,1.2142857142857142,1.5450757575757574,1.2203909794066774,0.2533056955508589,1.0001287053595622,Latn
nllb,snd_Arab,1.319090909090909,1.588235294117647,1.331516595411377,0.3411629929424357,1.7717580359233367,Arab
nllb,som_Latn,1.3854895104895104,1.7142857142857142,1.3924480271531607,0.2813229418048028,1.0018462106526356,Latn
nllb,sot_Latn,1.3823529411764706,1.7175824175824175,1.3844195685519403,0.26720418254543166,1.0018582091902617,Latn
nllb,spa_Latn,1.2352941176470589,1.5183908045977013,1.2394177735713587,0.2418285670621048,1.0184792506415523,Latn
nllb,srd_Latn,1.4285714285714286,1.7414261460101867,1.4389543422212068,0.2874868778811609,1.028122086237587,Latn
nllb,srp_Cyrl,1.2336879432624115,1.4756302521008402,1.2404294898991548,0.29060325712975,1.81972627876749,Cyrl
nllb,ssw_Latn,1.2666666666666666,1.5769230769230769,1.2779609020593323,0.26324882856355336,1.0002016820281145,Latn
nllb,sun_Latn,1.0333333333333334,1.2540909090909091,1.035834339610326,0.23193055017647446,1.0101719438497008,Latn
nllb,swe_Latn,1.1183473389355743,1.3157894736842106,1.121471231356679,0.2599850196333593,1.0394709963456985,Latn
nllb,swh_Latn,1.125,1.3460212201591513,1.12878169772527,0.2504380693090814,1.0014771262653324,Latn
nllb,szl_Latn,1.5128543177323666,1.8666666666666667,1.518945204138246,0.33877553991396314,1.0593959951376808,Latn
nllb,tam_Taml,1.4086270871985158,1.75,1.416337586893378,0.28156202759954063,2.7355660371237827,Taml
nllb,taq_Latn,1.4814814814814814,2.0291732909379965,1.5074246924056003,0.37118082900721644,1.0693839502402802,Latn
nllb,taq_Tfng,2.3907741251325554,3.2058823529411766,2.4127802617408047,0.59657050635465,2.4450514424046803,Tfng
nllb,tat_Cyrl,1.1944444444444444,1.464010989010989,1.2015600013054404,0.27622763251678734,1.8363881907191357,Cyrl
nllb,tel_Telu,1.326086956521739,1.6538461538461537,1.3272739140367482,0.3069242670087921,2.669416248443455,Telu
nllb,tgk_Cyrl,1.5555555555555556,1.9166666666666667,1.5621552821383113,0.32813924632037894,1.820231574473336,Cyrl
nllb,tgl_Latn,1.3404255319148937,1.6538461538461537,1.3486831369733363,0.24817285922758636,1.0006425770341767,Latn
nllb,tha_Thai,1.5,1.966153846153846,1.528507555236448,0.3706414903214574,2.8893971288836835,Thai
nllb,tir_Ethi,1.4375,1.7692307692307692,1.434679024836004,0.4846694082755427,2.5556498825812284,Ethi
nllb,tpi_Latn,1.3820855614973262,1.75,1.3900329623706797,0.252002792668063,1.0008046670690003,Latn
nllb,tsn_Latn,1.4382621951219512,1.7916666666666667,1.437094089618485,0.2700892446407213,1.0013003342840494,Latn
nllb,tso_Latn,1.2857142857142858,1.588235294117647,1.2915048464475702,0.2501453855878635,1.0062326169405815,Latn
nllb,tuk_Latn,1.346989966555184,1.6428571428571428,1.3540354427074834,0.2957964380944233,1.1022515007628582,Latn
nllb,tum_Latn,1.411764705882353,1.8421052631578947,1.4308606115988383,0.2540680559096915,1.013345773162421,Latn
nllb,tur_Latn,1.1363636363636365,1.3807881773399013,1.1385725008974903,0.2569414780008543,1.0893738308120609,Latn
nllb,twi_Latn,1.2222222222222223,1.6206896551724137,1.2488495806272641,0.2975120510029544,1.0790468045405068,Latn
nllb,tzm_Tfng,2.0416666666666665,2.5236024844720495,2.054371593616396,0.533543536671159,2.569490002627542,Tfng
nllb,uig_Arab,1.4,1.756081081081081,1.4007049378283998,0.305523324102878,1.8595855549307003,Arab
nllb,ukr_Cyrl,1.2666666666666666,1.537948717948718,1.2742730328644627,0.29029308114377483,1.8285378656079463,Cyrl
nllb,umb_Latn,1.2947860962566846,1.7,1.2956496197904768,0.29461966604823747,1.0333803339517624,Latn
nllb,urd_Arab,1.2857142857142858,1.565217391304348,1.2895140498025521,0.3041256157635468,1.7834128694581282,Arab
nllb,uzn_Latn,1.3103448275862069,1.6176470588235294,1.3182337391077315,0.27049904904770833,1.0010112239157805,Latn
nllb,vec_Latn,1.2898981324278438,1.5555555555555556,1.294703175483829,0.29770516899801885,1.0476151167677252,Latn
nllb,vie_Latn,1.1731634182908546,1.4372282608695652,1.1804118664534446,0.2609690104260615,1.324766405714492,Latn
nllb,war_Latn,1.3506756756756757,1.6507523939808482,1.3624228974250188,0.2533653787796026,1.0005158831312286,Latn
nllb,wol_Latn,1.32,1.6466386554621848,1.3182663751183055,0.31762245130648803,1.039560284022552,Latn
nllb,xho_Latn,1.2,1.446808510638298,1.2014620932737181,0.26461096136567835,1.000869721473495,Latn
nllb,ydd_Hebr,1.6823725055432373,2.0,1.6856825821611565,0.36418569232721787,1.8107751752146997,Hebr
nllb,yor_Latn,1.474937343358396,2.0,1.5128422701608955,0.36543737386478303,1.3311758955600403,Latn
nllb,yue_Hant,1.04,1.281971153846154,1.0484644757024901,0.8023075770441037,2.858548524049748,Hant
nllb,zho_Hans,1.0659420289855073,1.3803571428571426,1.0926862700303515,0.7741092691498462,2.7931377309195162,Hans
nllb,zho_Hant,1.0625,1.3325581395348836,1.0746711921934662,0.8086292421786749,2.854132901134522,Hant
nllb,zsm_Latn,0.9534883720930233,1.1428571428571428,0.9555171175875461,0.20023526515203327,1.0025715028245497,Latn
nllb,zul_Latn,1.2258064516129032,1.5,1.2332169315622858,0.2546911649726349,1.001617643094012,Latn
o200k,ace_Arab,2.588235294117647,3.312202380952381,2.6161946935585902,0.629753043291323,1.79061080805095,Arab
o200k,ace_Latn,1.7894736842105263,2.299411764705882,1.8153164886689241,0.3436608407126403,1.0177807835098027,Latn
o200k,acm_Arab,1.3636363636363635,1.7058823529411764,1.3804562199977672,0.32648337528382587,1.8170577156636685,Arab
o200k,acq_Arab,1.3732142857142857,1.7239463601532565,1.3899080861831579,0.3244442900202392,1.8180120392970995,Arab
o200k,aeb_Arab,1.4,1.7774193548387096,1.420608045249879,0.34054700183761216,1.815739237480152,Arab
o200k,afr_Latn,1.418010752688172,1.6842105263157894,1.42752949056674,0.2746204121954886,1.0114681690302167,Latn
o200k,ajp_Arab,1.3333333333333333,1.6363636363636365,1.3400439102444832,0.33022163941641985,1.805192066097514,Arab
o200k,aka_Latn,2.0625,2.727272727272727,2.0857366129572434,0.4225309642450604,1.0998846614852285,Latn
o200k,als_Latn,1.8181818181818181,2.25,1.8312804673836192,0.3345934185477291,1.0777943976067446,Latn
o200k,amh_Ethi,5.78125,7.239192598822539,5.7786625981468385,1.7822384428223845,2.5874535187990633,Ethi
o200k,apc_Arab,1.3461538461538463,1.6666666666666667,1.345476872697503,0.33483354169560586,1.8142705005324813,Arab
o200k,arb_Arab,1.3636363636363635,1.705664488017429,1.3812004614296878,0.319093878954608,1.8163342503438789,Arab
o200k,arb_Latn,2.25,2.884389140271493,2.252967662709783,0.39349546996659346,1.0004289558175508,Latn
o200k,ars_Arab,1.3636363636363635,1.7037037037037037,1.3856286979496149,0.3198117339883708,1.8169130214461784,Arab
o200k,ary_Arab,1.4705882352941178,1.8482517482517482,1.48286384103003,0.3508884701407111,1.8151999718225524,Arab
o200k,arz_Arab,1.3979166666666667,1.75,1.4055743683250848,0.3320031642788081,1.8150654829920014,Arab
o200k,asm_Beng,2.0,2.4981481481481476,1.9886131060916161,0.4243189379322392,2.660536909554322,Beng
o200k,ast_Latn,1.4142156862745099,1.75,1.4237338592639452,0.27996897364223094,1.034677808836658,Latn
o200k,awa_Deva,1.68,2.1360606060606058,1.706620027536933,0.3577016371194809,2.5784436835578295,Deva
o200k,ayr_Latn,1.9230769230769231,2.5215652173913043,1.9394931715848622,0.3759919203578127,1.0235247439041986,Latn
o200k,azb_Arab,1.837959489872468,2.3333333333333335,1.8581475830759497,0.4263344831119156,1.83661760185786,Arab
o200k,azj_Latn,1.7013513513513514,2.1666666666666665,1.7146578350016746,0.3204601250460751,1.1586026553165447,Latn
o200k,bak_Cyrl,1.7417989417989417,2.1666666666666665,1.745543854426376,0.3520485128674677,1.840426889217445,Cyrl
o200k,bam_Latn,2.0,2.625,2.0382912216723104,0.4330005296400819,1.0883708429182377,Latn
o200k,ban_Latn,1.5625,1.949736842105263,1.5723588732184721,0.290092477532834,1.002656926889885,Latn
o200k,bel_Cyrl,1.9473684210526316,2.5789473684210527,1.985524504149146,0.36049834807342795,1.8304224743089947,Cyrl
o200k,bem_Latn,1.9,2.433333333333333,1.935027722993339,0.32343940487149503,1.0024257955365363,Latn
o200k,ben_Beng,1.6923076923076923,2.0625,1.696572768206006,0.35331132499496287,2.6710838331705955,Beng
o200k,bho_Deva,1.7352941176470589,2.2222222222222223,1.7724481821903024,0.3702773718088249,2.5543316023508194,Deva
o200k,bjn_Arab,2.5208695652173914,3.235294117647059,2.540505339932274,0.5584539877300614,1.8284498977505113,Arab
o200k,bjn_Latn,1.434782608695652,1.7857142857142858,1.44803334201615,0.2815661133702841,1.0016569948336493,Latn
o200k,bod_Tibt,8.204166666666666,10.529102167182662,8.098277081085104,1.4681476884052593,2.962302082560328,Tibt
o200k,bos_Latn,1.5,1.8181818181818181,1.499981393964202,0.30491153488301725,1.0278670791760907,Latn
o200k,bug_Latn,1.7142857142857142,2.28,1.7390689539686675,0.33527753266039645,1.0303539016708636,Latn
o200k,bul_Cyrl,1.7,2.090909090909091,1.7131693521378335,0.33402986374123894,1.8180894751353156,Cyrl
o200k,cat_Latn,1.4736842105263157,1.8,1.48286384103003,0.27332025569974483,1.0208030398639194,Latn
o200k,ceb_Latn,1.6666666666666667,2.0711822660098522,1.6753246753246753,0.2837130163531525,1.0003402968144437,Latn
o200k,ces_Latn,1.588235294117647,1.9561076604554866,1.596807204257061,0.3371995253699207,1.1191132904280314,Latn
o200k,cjk_Latn,1.7307692307692308,2.2625563909774433,1.731291631005098,0.33403454861360404,1.0036975344983559,Latn
o200k,ckb_Arab,2.7777777777777777,3.5,2.770178245822945,0.57893549842129,1.838209447373742,Arab
o200k,crh_Latn,1.7142857142857142,2.1538461538461537,1.7229561269675884,0.3443580055929077,1.0991179270542035,Latn
o200k,cym_Latn,1.7379862700228834,2.103448275862069,1.7392550143266476,0.33084170365179477,1.0038223864432694,Latn
o200k,dan_Latn,1.3846153846153846,1.6896551724137931,1.3949317158486212,0.27673318125779756,1.0214456034667316,Latn
o200k,deu_Latn,1.3,1.5709523809523809,1.310758009898411,0.22901130623045465,1.0165725022592955,Latn
o200k,dik_Latn,1.7944947209653093,2.6078260869565217,1.8580359468611618,0.44618299123379235,1.1302331400180508,Latn
o200k,dyu_Latn,1.8421052631578947,2.464444444444444,1.85833364343393,0.3758881796832661,1.0655973384717288,Latn
o200k,dzo_Tibt,9.037749287749287,12.0,8.996241580768801,1.4794624498188582,2.9262337217272103,Tibt
o200k,ell_Grek,2.140873015873016,2.679857142857143,2.140401146131805,0.3645495972265355,1.8219113834999143,Grek
o200k,eng_Latn,1.0,1.0,1.0,0.20363578497491777,1.0009851022232998,Latn
o200k,epo_Latn,1.52,1.8496153846153847,1.525955419938228,0.31233433872589345,1.0186606952441886,Latn
o200k,est_Latn,1.4814814814814814,1.8636363636363635,1.4953298850146988,0.31039943148023696,1.0310523022733067,Latn
o200k,eus_Latn,1.6,2.0,1.6037658616455177,0.30818185718576147,1.0031963731533258,Latn
o200k,ewe_Latn,2.28,3.24,2.3398578498865032,0.4932885642783736,1.0985259161050922,Latn
o200k,fao_Latn,1.6428571428571428,2.038319088319088,1.6547836118036692,0.3311218335343788,1.0772759087998331,Latn
o200k,fij_Latn,1.826086956521739,2.3526470588235293,1.8522680757637777,0.32076918615516475,1.0009473053351978,Latn
o200k,fin_Latn,1.5469208211143695,1.9399393939393939,1.5613441000260484,0.2993984629765736,1.0405948294931533,Latn
o200k,fon_Latn,2.84,3.933103448275862,2.885610091913817,0.57321850975754,1.2342770549970432,Latn
o200k,fra_Latn,1.3636363636363635,1.6449308755760368,1.3697019313065157,0.23342296179798083,1.0401932930850795,Latn
o200k,fur_Latn,1.7272727272727273,2.1333333333333333,1.732445205224575,0.3221021461484177,1.034302397985305,Latn
o200k,fuv_Latn,1.557777777777778,2.1875,1.6007516838462397,0.35213077716474844,1.024402023542509,Latn
o200k,gaz_Latn,1.8695652173913044,2.3125,1.8792468276708965,0.32285926172179674,1.0153754682964877,Latn
o200k,gla_Latn,2.0,2.5160312805474097,1.9890968630223644,0.32866646990826137,1.0401325659755527,Latn
o200k,gle_Latn,1.8509259259259259,2.3043478260869565,1.848398020317791,0.3257564827323881,1.0640075549900971,Latn
o200k,glg_Latn,1.3333333333333333,1.6,1.335169128865404,0.24551295648782356,1.024592351327125,Latn
o200k,grn_Latn,1.7647058823529411,2.264551083591331,1.7781788412160906,0.35936136931083235,1.0753466895286226,Latn
o200k,guj_Gujr,1.7703296703296703,2.211961722488038,1.7912030662746996,0.38073053437529664,2.618628784762869,Gujr
o200k,hat_Latn,1.4070935342121782,1.736842105263158,1.4120120567111971,0.3128555645334169,1.027950464192075,Latn
o200k,hau_Latn,1.5483870967741935,1.8994736842105262,1.5502549026904329,0.29742484061426866,1.011708515088992,Latn
o200k,heb_Hebr,1.4791304347826086,1.8,1.4833103858891825,0.3905873361161738,1.7939620201070021,Hebr
o200k,hin_Deva,1.5714285714285714,1.9230769230769231,1.5737729319391212,0.32264512240709803,2.5716857772793507,Deva
o200k,hne_Deva,1.7272727272727273,2.120855614973262,1.7293938153537007,0.3660494167500256,2.568395018942825,Deva
o200k,hrv_Latn,1.4755952380952382,1.8145833333333334,1.4794775425147917,0.308407155157702,1.0288021471678794,Latn
o200k,hun_Latn,1.7916666666666667,2.2649999999999997,1.7939567595728054,0.3477404695783893,1.1007321383489017,Latn
o200k,hye_Armn,1.7727272727272727,2.21030701754386,1.7873702229003088,0.329085477815232,1.8475088382800295,Armn
o200k,ibo_Latn,1.6493243243243243,2.0948051948051947,1.6655006884233245,0.33261741973840664,1.1966409036860879,Latn
o200k,ilo_Latn,1.8333333333333333,2.3179425837320573,1.8432255423659436,0.3102016533066132,1.0023421843687375,Latn
o200k,ind_Latn,1.25,1.5,1.2492092434785844,0.23573444939117733,1.0009058607081163,Latn
o200k,isl_Latn,1.6111111111111112,2.0,1.6085662188814052,0.3330662249104288,1.1052972223292368,Latn
o200k,ita_Latn,1.4558441558441557,1.8274362818590706,1.4690953745395006,0.25284684061535306,1.007179546298787,Latn
o200k,jav_Latn,1.3623737373737375,1.6666666666666667,1.3703717485952442,0.2689442626781958,1.0018915050245385,Latn
o200k,jpn_Jpan,1.6478537360890302,2.1,1.6581326982473115,0.7825193614667298,2.934671513618882,Jpan
o200k,kab_Latn,2.113961038961039,2.685563909774436,2.1389870874111563,0.44021443614780775,1.069707064905227,Latn
o200k,kac_Latn,2.12,2.845748987854251,2.138875451196368,0.33821132470711457,1.0001176837484627,Latn
o200k,kam_Latn,1.7320512820512821,2.5789473684210527,1.820675026978752,0.3811731160261454,1.041422884254318,Latn
o200k,kan_Knda,1.9583333333333333,2.44,1.971309492799464,0.3834877660344578,2.7181120602287536,Knda
o200k,kas_Arab,2.5714285714285716,3.5,2.6089383395973655,0.5554191192198307,1.808641437387605,Arab
o200k,kas_Deva,2.2222222222222223,2.782125603864734,2.233840657909426,0.47452669854946444,2.5099086992608988,Deva
o200k,kat_Geor,1.7777777777777777,2.210526315789474,1.7854351951773155,0.33335186060083927,2.7067156712892197,Geor
o200k,kaz_Cyrl,1.5833333333333333,1.9545454545454546,1.5855691586350613,0.3146038379467945,1.8459800497648353,Cyrl
o200k,kbp_Latn,3.846875,5.5,3.9010158895545715,0.7329371460532755,1.2639865762427462,Latn
o200k,kea_Latn,1.5333333333333334,1.8636363636363635,1.5479477542514792,0.31796674947448883,1.0242155551309,Latn
o200k,khk_Cyrl,1.8823529411764706,2.36,1.890112752576936,0.3705678933084309,1.838715090320133,Cyrl
o200k,khm_Khmr,3.3605555555555555,4.272377622377622,3.3357645220109404,0.5850770817288238,2.8402234782722204,Khmr
o200k,kik_Latn,2.557777777777778,3.5454545454545454,2.5985933836936703,0.45456439098057594,1.1119616726553143,Latn
o200k,kin_Latn,1.7,2.1333333333333333,1.7128716555650654,0.3155268262923027,1.0225386097077795,Latn
o200k,kir_Cyrl,1.6666666666666667,2.1,1.6736129200312582,0.3317963850977499,1.845946145333825,Cyrl
o200k,kmb_Latn,1.8181818181818181,2.3448717948717945,1.8335131916793808,0.33802353102596644,1.005440263437725,Latn
o200k,kmr_Latn,2.0,2.5584967320261436,2.016782644289808,0.41571042861964225,1.1101386800846809,Latn
o200k,knc_Arab,2.6924603174603177,4.630921052631579,2.7625869832173557,0.6398755397729722,1.8220494565638978,Arab
o200k,knc_Latn,2.0689655172413794,2.85,2.125255832992223,0.4108954343352951,1.0547505647725801,Latn
o200k,kon_Latn,1.75,2.2186141304347826,1.758865776057753,0.3152579905021077,1.0012139160130196,Latn
o200k,kor_Hang,1.4583333333333333,1.8,1.472332824768355,0.5998029257939816,2.3921625104221937,Hang
o200k,lao_Laoo,8.345341614906832,10.614715719063545,8.229970602463439,1.7000976254717923,2.7730092475151626,Laoo
o200k,lij_Latn,1.8125,2.2412413793103445,1.8094369813567521,0.33301601216321725,1.0576794006054213,Latn
o200k,lim_Latn,1.6,1.9786858974358974,1.6053287686525508,0.3132738350265419,1.0331791412201268,Latn
o200k,lin_Latn,1.6,1.964153439153439,1.616938934990511,0.30557606700563306,1.0013361744621898,Latn
o200k,lit_Latn,1.6792857142857143,2.0833333333333335,1.6757340081122316,0.34552555455807993,1.06809689324709,Latn
o200k,lmo_Latn,1.8429276315789473,2.310079575596817,1.8441186320842482,0.3497639162379047,1.0810024914071157,Latn
o200k,ltg_Latn,1.8717948717948718,2.3333333333333335,1.8855728798422209,0.3901040102855471,1.0618980529828856,Latn
o200k,ltz_Latn,1.6538461538461537,2.0454545454545454,1.6679566851486622,0.3037900044731812,1.029340002439917,Latn
o200k,lua_Latn,1.6818181818181819,2.1423645320197044,1.6990659770029397,0.3192981720024056,1.0007202897942629,Latn
o200k,lug_Latn,1.6666666666666667,2.110526315789474,1.6623748744092584,0.33066127814540125,1.012449852703883,Latn
o200k,luo_Latn,1.645497311827957,2.142857142857143,1.6758456443270198,0.3274177366117517,1.0025809547351432,Latn
o200k,lus_Latn,1.8153409090909092,2.4535353535353535,1.8278569567967848,0.3355924792304329,1.002165773939659,Latn
o200k,lvs_Latn,1.8,2.2413793103448274,1.8131581885163548,0.36319386986888497,1.0931818690042263,Latn
o200k,mag_Deva,1.7083333333333333,2.0869565217391304,1.7170394075838202,0.3641974821421524,2.578649512609022,Deva
o200k,mai_Deva,1.7647058823529411,2.1661290322580644,1.7585308674133888,0.36516988509477555,2.591448949471065,Deva
o200k,mal_Mlym,1.930952380952381,2.4285714285714284,1.9567595728054181,0.35211871216585416,2.7572253174050463,Mlym
o200k,mar_Deva,1.8125,2.227272727272727,1.822089085699401,0.36746165160748057,2.6694683757091826,Deva
o200k,min_Arab,2.6538461538461537,3.3122844827586206,2.6599933018271127,0.5654416301476055,1.8307361293486688,Arab
o200k,min_Latn,1.5555555555555556,1.905570530098832,1.5600788895917836,0.29695003612358517,1.0009278803246873,Latn
o200k,mkd_Cyrl,1.7831962397179788,2.1666666666666665,1.7845048933874148,0.34793618086441697,1.8225383995878892,Cyrl
o200k,mlt_Latn,1.8591269841269842,2.3125,1.868343690693261,0.34321338729082357,1.0513302526523023,Latn
o200k,mni_Beng,3.0615530303030303,3.8823529411764706,3.0727868120418265,0.6035257745521521,2.6894190219337677,Beng
o200k,mos_Latn,2.0,2.7327272727272724,2.035909649090165,0.43881839618858176,1.0818668891063379,Latn
o200k,mri_Latn,1.8136574074074074,2.281125,1.8271127153648643,0.33500266091726594,1.0496295184422035,Latn
o200k,mya_Mymr,3.1739130434782608,4.065882352941176,3.1641052357384734,0.5211100147699624,2.8530419381132446,Mymr
o200k,nld_Latn,1.2424242424242424,1.5,1.247125367469207,0.2271688956069654,1.0015183455456216,Latn
o200k,nno_Latn,1.3943381180223287,1.7058823529411764,1.4068395787593495,0.283267397950009,1.0225304201882155,Latn
o200k,nob_Latn,1.3442887931034484,1.636060606060606,1.3490864436423176,0.2743626030165205,1.0218860442412914,Latn
o200k,npi_Deva,1.6172161172161172,2.0,1.614148029620809,0.3418122503014113,2.675051023222461,Deva
o200k,nso_Latn,1.8636363636363635,2.3448717948717945,1.8607896401592676,0.3309178743961353,1.0251737145126067,Latn
o200k,nus_Latn,3.2222222222222223,4.234841628959276,3.251181483273174,0.6119777256330333,1.227205547578188,Latn
o200k,nya_Latn,1.6,2.0621323529411764,1.6121757898262197,0.2943146539133034,1.0023776689333777,Latn
o200k,oci_Latn,1.6,1.9307881773399016,1.601235440776988,0.2856270452901076,1.031324053607344,Latn
o200k,ory_Orya,5.0,6.2727272727272725,4.984966323075206,0.9934885307663213,2.6806710224786596,Orya
o200k,pag_Latn,1.4444444444444444,1.8888888888888888,1.4283853682134484,0.2954419506788584,1.0003386595240293,Latn
o200k,pan_Guru,2.611111111111111,3.25,2.6176831764224313,0.5272250327899569,2.5795165823496347,Guru
o200k,pap_Latn,1.5714285714285714,1.9307881773399016,1.5841550999144123,0.30588328279707416,1.0259890496788193,Latn
o200k,pbt_Arab,1.7027027027027026,2.096774193548387,1.7141368659993301,0.37616776638139415,1.7545567387469785,Arab
o200k,pes_Arab,1.5238095238095237,1.8888888888888888,1.5300115357421948,0.3320358556084955,1.8049261083743842,Arab
o200k,plt_Latn,1.7894736842105263,2.2491379310344826,1.7925799129237525,0.29921240279261596,1.029236751223633,Latn
o200k,pol_Latn,1.6394444444444445,2.05,1.6385219365162058,0.3156755206653045,1.062859805713876,Latn
o200k,por_Latn,1.2258064516129032,1.45,1.2250958210843597,0.2294391904605928,1.0280857766100537,Latn
o200k,prs_Arab,1.4782608695652173,1.822994652406417,1.4761284560711494,0.32874487216674264,1.7821157750797663,Arab
o200k,quy_Latn,1.8214285714285714,2.3699999999999997,1.829568712090202,0.3486208608097568,1.0080762958235836,Latn
o200k,ron_Latn,1.6296296296296295,2.0,1.6323447326312657,0.29518124987382827,1.0562153868929458,Latn
o200k,run_Latn,1.7576887232059646,2.3050110537951363,1.780374353440256,0.3248837130343259,1.0053441075611993,Latn
o200k,rus_Cyrl,1.4,1.75,1.4210545901090315,0.26874788875126676,1.8321557257065646,Cyrl
o200k,sag_Latn,1.784749034749035,2.409090909090909,1.8217169649834406,0.3432018620041783,1.0333842767207415,Latn
o200k,san_Deva,2.1,2.614715719063545,2.089197335615674,0.4373393366257965,2.70166856216991,Deva
o200k,sat_Olck,13.787096774193548,17.293738140417457,13.699921854649649,2.633631635799157,2.6419082773569116,Olck
o200k,scn_Latn,1.8,2.272727272727273,1.8130093402299705,0.3515959327709261,1.0537702693925857,Latn
o200k,shn_Mymr,7.922499999999999,10.83125,7.929148215681167,1.1316946740031018,2.7749463576299633,Mymr
o200k,sin_Sinh,2.7078252032520327,3.3333333333333335,2.695344769843337,0.5525785779676533,2.640036618858712,Sinh
o200k,slk_Latn,1.6666666666666667,2.103103448275862,1.6770364306180925,0.3421684002733278,1.0913218434439298,Latn
o200k,slv_Latn,1.5,1.8435855263157894,1.5114427120157778,0.3103970043177563,1.02410301478736,Latn
o200k,smo_Latn,1.92,2.433243243243243,1.9244594946600677,0.3385795841407846,1.0478578536636463,Latn
o200k,sna_Latn,1.7083333333333333,2.166,1.7007033081531648,0.3095905814772666,1.0001287053595622,Latn
o200k,snd_Arab,1.7013513513513514,2.08,1.7101551743385555,0.3842944108104492,1.7717580359233367,Arab
o200k,som_Latn,1.7071078431372548,2.1818181818181817,1.7232538235403565,0.30534346111748495,1.0018462106526356,Latn
o200k,sot_Latn,1.8309523809523809,2.3096133751306165,1.8359319763331226,0.3107744637964159,1.0018582091902617,Latn
o200k,spa_Latn,1.313392857142857,1.6291666666666664,1.317865515573252,0.22551435612356008,1.0184792506415523,Latn
o200k,srd_Latn,1.7777777777777777,2.2,1.784914226174971,0.31275306943475456,1.028122086237587,Latn
o200k,srp_Cyrl,1.7777777777777777,2.1739130434782608,1.7797417482231235,0.36567780411346434,1.81972627876749,Cyrl
o200k,ssw_Latn,1.7867965367965368,2.277272727272727,1.8068693484166263,0.3264290852375478,1.0002016820281145,Latn
o200k,sun_Latn,1.3783783783783783,1.6923076923076923,1.3849960927324825,0.2719752716537447,1.0101719438497008,Latn
o200k,swe_Latn,1.3529411764705883,1.620525451559934,1.3503144420049864,0.2745416991367375,1.0394709963456985,Latn
o200k,swh_Latn,1.4814814814814814,1.8,1.485654746399732,0.2890822991035871,1.0014771262653324,Latn
o200k,szl_Latn,1.962962962962963,2.472982456140351,1.964090350909835,0.3841887278629816,1.0593959951376808,Latn
o200k,tam_Taml,1.9622507122507122,2.5,1.9796449968369738,0.3451499678848786,2.7355660371237827,Taml
o200k,taq_Latn,2.0434782608695654,2.841678520625889,2.076545231273025,0.4484401870811167,1.0693839502402802,Latn
o200k,taq_Tfng,10.157072368421051,13.526470588235293,10.211625051166598,2.2143796651200325,2.4450514424046803,Tfng
o200k,tat_Cyrl,1.7391304347826086,2.1731884057971014,1.7482603356528859,0.35248527591251827,1.8363881907191357,Cyrl
o200k,tel_Telu,1.9333333333333333,2.4375,1.9299296691846834,0.3914040979585676,2.669416248443455,Telu
o200k,tgk_Cyrl,1.894736842105263,2.3333333333333335,1.8926431734454656,0.3486710860966196,1.820231574473336,Cyrl
o200k,tgl_Latn,1.6711711711711712,2.0952380952380953,1.6948238008409928,0.2735156170240876,1.0006425770341767,Latn
o200k,tha_Thai,1.9384469696969697,2.5549999999999997,1.964090350909835,0.41769677592947246,2.8893971288836835,Thai
o200k,tir_Ethi,5.969223484848484,7.54448051948052,5.9662114389908085,1.767676210846628,2.5556498825812284,Ethi
o200k,tpi_Latn,1.7727272727272727,2.3122844827586206,1.7925054887805605,0.28500597583632126,1.0008046670690003,Latn
o200k,tsn_Latn,1.9114379084967321,2.428021978021978,1.908830424589737,0.31463182752169777,1.0013003342840494,Latn
o200k,tso_Latn,1.7333333333333334,2.206896551724138,1.7436832508465747,0.2961946902654867,1.0062326169405815,Latn
o200k,tuk_Latn,1.6557112068965516,2.0468571428571427,1.6678078368622782,0.3195377222626228,1.1022515007628582,Latn
o200k,tum_Latn,2.0714285714285716,2.8371916508538897,2.10683585755219,0.3280927655826244,1.013345773162421,Latn
o200k,tur_Latn,1.4166666666666667,1.7617142857142856,1.4311018494399583,0.28324176228844145,1.0893738308120609,Latn
o200k,twi_Latn,1.8116554054054053,2.4776570048309177,1.8565102519257246,0.38788679832063444,1.0790468045405068,Latn
o200k,tzm_Tfng,10.207614942528735,12.637538461538462,10.147508651806646,2.3113382663310196,2.569490002627542,Tfng
o200k,uig_Arab,2.5,3.1536130536130536,2.5182153090462545,0.48173010528413907,1.8595855549307003,Arab
o200k,ukr_Cyrl,1.7333333333333334,2.141614906832298,1.7491162132995943,0.34946692242494537,1.8285378656079463,Cyrl
o200k,umb_Latn,1.788676236044657,2.393675889328063,1.7888587057641498,0.3567495361781076,1.0333803339517624,Latn
o200k,urd_Arab,1.651086956521739,2.0,1.6526997357942916,0.3418488300492611,1.7834128694581282,Arab
o200k,uzn_Latn,1.7692307692307692,2.1992307692307693,1.7754623599895807,0.3195199699981249,1.0010112239157805,Latn
o200k,vec_Latn,1.56,1.9333333333333333,1.5560227737878167,0.31379450081047006,1.0476151167677252,Latn
o200k,vie_Latn,1.4864468864468865,1.8398709677419356,1.4895992259889108,0.28882715826689276,1.324766405714492,Latn
o200k,war_Latn,1.7083333333333333,2.125,1.7201652215978864,0.2805554544020004,1.0005158831312286,Latn
o200k,wol_Latn,1.7386128364389233,2.2,1.7321475086518066,0.3660210893821802,1.039560284022552,Latn
o200k,xho_Latn,1.6363636363636365,2.0,1.637145089867153,0.31622641509433963,1.000869721473495,Latn
o200k,ydd_Hebr,2.0,2.43975,2.024001786179437,0.3835051401012508,1.8107751752146997,Hebr
o200k,yor_Latn,2.1176470588235294,3.0,2.1671566256093477,0.4591164228052472,1.3311758955600403,Latn
o200k,yue_Hant,1.3846153846153846,1.6894396551724138,1.380084099281807,0.9262024873882423,2.858548524049748,Hant
o200k,zho_Hans,1.211323763955343,1.5851626016260163,1.248651062404644,0.7758202122494278,2.7931377309195162,Hans
o200k,zho_Hant,1.4,1.7663733500942802,1.417705503665389,0.9355630862924218,2.854132901134522,Hant
o200k,zsm_Latn,1.3043478260869565,1.5769230769230769,1.3009340229970603,0.23909504985706273,1.0025715028245497,Latn
o200k,zul_Latn,1.7058823529411764,2.1330434782608694,1.7206489785286347,0.3116591626000917,1.001617643094012,Latn
qwen2.5,ace_Arab,2.625,3.3169448010269575,2.6484558850150246,0.6552638414890853,1.79061080805095,Arab
qwen2.5,ace_Latn,1.9480431848852902,2.5,1.964628362477825,0.38227980077632423,1.0177807835098027,Latn
qwen2.5,acm_Arab,1.6111111111111112,2.037037037037037,1.6185148980847905,0.3934398817172126,1.8170577156636685,Arab
qwen2.5,acq_Arab,1.619047619047619,2.033225806451613,1.6301002860142646,0.39110342850690133,1.8180120392970995,Arab
qwen2.5,aeb_Arab,1.631578947368421,2.096187683284457,1.6493247891097353,0.40637990401598545,1.815739237480152,Arab
qwen2.5,afr_Latn,1.6875,2.0,1.6764780420694398,0.3314887859633047,1.0114681690302167,Latn
qwen2.5,ajp_Arab,1.5555555555555556,1.9166666666666667,1.5482060750877955,0.3921376236806632,1.805192066097514,Arab
qwen2.5,aka_Latn,2.257142857142857,3.0711822660098522,2.2874624380000723,0.4762952967516754,1.0998846614852285,Latn
qwen2.5,als_Latn,2.212406015037594,2.8125,2.2254806125773867,0.4179358172423171,1.0777943976067446,Latn
qwen2.5,amh_Ethi,4.074074074074074,5.137471264367816,4.045364034611347,1.2823876417389708,2.5874535187990633,Ethi
qwen2.5,apc_Arab,1.5714285714285714,1.9523809523809523,1.5753593280475,0.40295411399731446,1.8142705005324813,Arab
qwen2.5,arb_Arab,1.625,2.0,1.6288693385467579,0.38678645116918847,1.8163342503438789,Arab
qwen2.5,arb_Latn,2.4285714285714284,3.0985714285714283,2.4158430179935557,0.4336873302049889,1.0004289558175508,Latn
qwen2.5,ars_Arab,1.6296296296296295,2.0,1.6327432026356758,0.38733670586012314,1.8169130214461784,Arab
qwen2.5,ary_Arab,1.676944971537002,2.142207792207792,1.694399189022845,0.4121039747811845,1.8151999718225524,Arab
qwen2.5,arz_Arab,1.631578947368421,2.0625,1.6340465587777415,0.39671266590489584,1.8150654829920014,Arab
qwen2.5,asm_Beng,5.416573971078977,6.820123839009287,5.386119257086999,1.1812486601081442,2.660536909554322,Beng
qwen2.5,ast_Latn,1.56125,1.947076023391813,1.5691683863726875,0.317156697741808,1.034677808836658,Latn
qwen2.5,awa_Deva,4.329166666666667,5.388709677419355,4.305057745917961,0.9274410551192157,2.5784436835578295,Deva
qwen2.5,ayr_Latn,2.138888888888889,2.842708333333333,2.152239238260744,0.4288486509883134,1.0235247439041986,Latn
qwen2.5,azb_Arab,2.6,3.3333333333333335,2.6036349154628726,0.6140073767972405,1.83661760185786,Arab
qwen2.5,azj_Latn,2.4868329868329866,3.291071428571428,2.4925238043517615,0.4788054552915076,1.1586026553165447,Latn
qwen2.5,bak_Cyrl,3.114835164835165,4.099523809523809,3.1228413163897035,0.6473585854416367,1.840426889217445,Cyrl
qwen2.5,bam_Latn,2.1176470588235294,2.7777777777777777,2.130878679265776,0.4652690492565276,1.0883708429182377,Latn
qwen2.5,ban_Latn,1.7727272727272727,2.2222222222222223,1.7774157344049817,0.33705211558661785,1.002656926889885,Latn
qwen2.5,bel_Cyrl,2.933333333333333,3.9299310344827583,2.9716520039100685,0.554560871298367,1.8304224743089947,Cyrl
qwen2.5,bem_Latn,2.176470588235294,2.814583333333333,2.187864306143876,0.3758801283805638,1.0024257955365363,Latn
qwen2.5,ben_Beng,5.04,6.366363636363636,5.025668875131241,1.0757272825901645,2.6710838331705955,Beng
qwen2.5,bho_Deva,4.25,5.472058823529411,4.300785634118967,0.9234739886190491,2.5543316023508194,Deva
qwen2.5,bjn_Arab,2.5917508417508417,3.299411764705882,2.601824698598892,0.5878527607361963,1.8284498977505113,Arab
qwen2.5,bjn_Latn,1.7,2.1314645308924485,1.6986713008218384,0.3394958104803114,1.0016569948336493,Latn
qwen2.5,bod_Tibt,7.375,9.59,7.228521776908874,1.3469449710249544,2.962302082560328,Tibt
qwen2.5,bos_Latn,1.8666666666666667,2.3333333333333335,1.856160167988125,0.3878168518672607,1.0278670791760907,Latn
qwen2.5,bug_Latn,1.9285714285714286,2.5789473684210527,1.9468882372108178,0.38579084432774463,1.0303539016708636,Latn
qwen2.5,bul_Cyrl,2.2,2.7589999999999995,2.2046269143043338,0.4418179443646337,1.8180894751353156,Cyrl
qwen2.5,cat_Latn,1.6984848484848485,2.093465909090909,1.6874841606024402,0.319693270048561,1.0208030398639194,Latn
qwen2.5,ceb_Latn,1.9285714285714286,2.4285714285714284,1.9154266681148402,0.3334026530547941,1.0003402968144437,Latn
qwen2.5,ces_Latn,2.072751322751323,2.610869565217391,2.0653850331269688,0.4482896815106438,1.1191132904280314,Latn
qwen2.5,cjk_Latn,1.9344086021505378,2.526315789473684,1.9207125013576627,0.380896311081116,1.0036975344983559,Latn
qwen2.5,ckb_Arab,3.4472222222222224,4.423923444976076,3.44944064298903,0.7409593579394336,1.838209447373742,Arab
qwen2.5,crh_Latn,1.945945945945946,2.4837597330367074,1.9459469244415482,0.39975159159873863,1.0991179270542035,Latn
qwen2.5,cym_Latn,2.1143790849673203,2.6538461538461537,2.1100249809927227,0.41254167462997177,1.0038223864432694,Latn
qwen2.5,dan_Latn,1.6125740618828175,2.0,1.6167770898953695,0.32967170878273133,1.0214456034667316,Latn
qwen2.5,deu_Latn,1.5454545454545454,1.9333333333333333,1.5588863545852794,0.2799446066224993,1.0165725022592955,Latn
qwen2.5,dik_Latn,1.9267857142857143,2.8333333333333335,2.0076753195032766,0.49553647224927844,1.1302331400180508,Latn
qwen2.5,dyu_Latn,1.9578527062999114,2.645510835913312,1.963687049708555,0.40825404949719996,1.0655973384717288,Latn
qwen2.5,dzo_Tibt,8.072299651567944,10.790760869565217,8.029868578255675,1.3572958484284736,2.9262337217272103,Tibt
qwen2.5,ell_Grek,4.944444444444445,6.31546052631579,4.90720828355237,0.8590514700756111,1.8219113834999143,Grek
qwen2.5,eng_Latn,1.0,1.0,1.0,0.20930391161359743,1.0009851022232998,Latn
qwen2.5,epo_Latn,1.7826086956521738,2.21030701754386,1.7936714818435249,0.377349724278707,1.0186606952441886,Latn
qwen2.5,est_Latn,1.8452991452991454,2.3461538461538463,1.8536258643785526,0.39548428459975743,1.0310523022733067,Latn
qwen2.5,eus_Latn,1.8666666666666667,2.399285714285714,1.8664784041128126,0.3686483703502424,1.0031963731533258,Latn
qwen2.5,ewe_Latn,2.290994623655914,3.234841628959276,2.3434343434343434,0.5077940518871255,1.0985259161050922,Latn
qwen2.5,fao_Latn,2.0540935672514617,2.6,2.0499619854458566,0.42161461823705493,1.0772759087998331,Latn
qwen2.5,fij_Latn,2.106203007518797,2.7589999999999995,2.140979689366786,0.38108740341674346,1.0009473053351978,Latn
qwen2.5,fin_Latn,1.9649014778325122,2.5,1.975091415951631,0.38927936863587387,1.0405948294931533,Latn
qwen2.5,fon_Latn,2.8333333333333335,3.9467492260061916,2.866297382426415,0.5852306327616795,1.2342770549970432,Latn
qwen2.5,fra_Latn,1.5714285714285714,1.9259259259259258,1.5819123130951087,0.27709147176703364,1.0401932930850795,Latn
qwen2.5,fur_Latn,1.8355855855855856,2.3073578595317725,1.833170413815575,0.35031617982814206,1.034302397985305,Latn
qwen2.5,fuv_Latn,1.7078252032520325,2.4281385281385277,1.750552116143514,0.3958022953127814,1.024402023542509,Latn
qwen2.5,gaz_Latn,2.278888888888889,2.9047619047619047,2.292096593171862,0.40474881407510643,1.0153754682964877,Latn
qwen2.5,gla_Latn,2.3858560794044665,3.0615131578947365,2.3776112378262915,0.4037974372217713,1.0401325659755527,Latn
qwen2.5,gle_Latn,2.2768199233716473,2.9285714285714284,2.2802577748814308,0.41305203237103394,1.0640075549900971,Latn
qwen2.5,glg_Latn,1.5454545454545454,1.894736842105263,1.543282285217769,0.29168006678390346,1.024592351327125,Latn
qwen2.5,grn_Latn,2.0869565217391304,2.727272727272727,2.0860939140509034,0.4333243088770568,1.0753466895286226,Latn
qwen2.5,guj_Gujr,6.769230769230769,8.681283422459893,6.738315050143007,1.4721343373303382,2.618628784762869,Gujr
qwen2.5,hat_Latn,1.7037037037037037,2.15625,1.7190543427102567,0.39148788813218344,1.027950464192075,Latn
qwen2.5,hau_Latn,1.9393939393939394,2.4444444444444446,1.9441005032402883,0.38336819710285647,1.011708515088992,Latn
qwen2.5,heb_Hebr,1.4736842105263157,1.8145833333333334,1.473806161978205,0.3988868638171948,1.7939620201070021,Hebr
qwen2.5,hin_Deva,4.447222222222223,5.599090909090909,4.415951631005394,0.93053044347302,2.5716857772793507,Deva
qwen2.5,hne_Deva,4.2631578947368425,5.2597826086956525,4.212628072843127,0.9164782886083128,2.568395018942825,Deva
qwen2.5,hrv_Latn,1.8181818181818181,2.277586206896552,1.8264364070815684,0.3913306545448904,1.0288021471678794,Latn
qwen2.5,hun_Latn,2.1158318425760285,2.7607142857142852,2.120958690851164,0.4225700580661449,1.1007321383489017,Latn
qwen2.5,hye_Armn,5.247222222222222,6.831818181818181,5.273704789833822,0.9980062484584395,1.8475088382800295,Armn
qwen2.5,ibo_Latn,2.395652173913043,3.1325,2.3839469968502227,0.4893504756242568,1.1966409036860879,Latn
qwen2.5,ilo_Latn,2.0363756613756614,2.5906417112299462,2.0321494515042904,0.35151553106212424,1.0023421843687375,Latn
qwen2.5,ind_Latn,1.5517241379310345,1.8666666666666667,1.5424495854603382,0.29917278766344113,1.0009058607081163,Latn
qwen2.5,isl_Latn,2.111111111111111,2.6666666666666665,2.0969190108975053,0.4462688292175521,1.1052972223292368,Latn
qwen2.5,ita_Latn,1.6211556383970178,2.0314132104454683,1.6257557655407118,0.28759815035417385,1.007179546298787,Latn
qwen2.5,jav_Latn,1.716117216117216,2.127884615384615,1.7165924477752434,0.3462695723299836,1.0018915050245385,Latn
qwen2.5,jpn_Jpan,1.3846153846153846,1.7894736842105263,1.402664639223779,0.6803821365224874,2.934671513618882,Jpan
qwen2.5,kab_Latn,2.1176470588235294,2.6818181818181817,2.132833713478875,0.45116599655370476,1.069707064905227,Latn
qwen2.5,kac_Latn,2.33739837398374,3.1666666666666665,2.3520871800441694,0.38227800431899356,1.0001176837484627,Latn
qwen2.5,kam_Latn,1.9375,2.7364912280701756,1.9847217696680062,0.42708341448593395,1.041422884254318,Latn
qwen2.5,kan_Knda,6.929802955665025,9.04090909090909,6.922595126896202,1.3841682351237874,2.7181120602287536,Knda
qwen2.5,kas_Arab,3.469987995198079,4.578744939271255,3.468375511386264,0.758938120400225,1.808641437387605,Arab
qwen2.5,kas_Deva,4.4,5.482542694497153,4.369935918323015,0.9541282953242954,2.5099086992608988,Deva
qwen2.5,kat_Geor,5.229020979020979,6.749074074074074,5.189493501321459,0.995879998888364,2.7067156712892197,Geor
qwen2.5,kaz_Cyrl,3.0,3.884642857142857,3.011223344556678,0.6141084046457024,1.8459800497648353,Cyrl
qwen2.5,kbp_Latn,3.3100961538461537,4.614560439560439,3.3206980196227507,0.6412710620149619,1.2639865762427462,Latn
qwen2.5,kea_Latn,1.7058823529411764,2.083108108108108,1.7060207812895984,0.36019109497420215,1.0242155551309,Latn
qwen2.5,khk_Cyrl,3.076923076923077,4.0,3.080047789725209,0.620670032392681,1.838715090320133,Cyrl
qwen2.5,khm_Khmr,6.5603864734299515,8.45089605734767,6.469606458853771,1.1663229208819037,2.8402234782722204,Khmr
qwen2.5,kik_Latn,2.584242688782191,3.61,2.6321277289019225,0.47324636775503826,1.1119616726553143,Latn
qwen2.5,kin_Latn,2.0960061443932414,2.65,2.10937330292169,0.39938169629086323,1.0225386097077795,Latn
qwen2.5,kir_Cyrl,2.75,3.5763736263736265,2.7519640852974185,0.5607672445592032,1.845946145333825,Cyrl
qwen2.5,kmb_Latn,2.1031947261663286,2.7403508771929825,2.1088664421997754,0.39960895962679654,1.005440263437725,Latn
qwen2.5,kmr_Latn,2.1538461538461537,2.7723776223776224,2.160928279207849,0.45782069769582423,1.1101386800846809,Latn
qwen2.5,knc_Arab,3.0529891304347827,5.2749999999999995,3.14890843923102,0.7496573896105015,1.8220494565638978,Arab
qwen2.5,knc_Latn,2.1363636363636362,2.8333333333333335,2.162774700409109,0.42978833618717355,1.0547505647725801,Latn
qwen2.5,kon_Latn,1.9583333333333333,2.5450757575757574,1.9750552116143514,0.3638613201003148,1.0012139160130196,Latn
qwen2.5,kor_Hang,1.6228448275862069,2.0454545454545454,1.6299192643278664,0.6824831349958311,2.3921625104221937,Hang
qwen2.5,lao_Laoo,5.7894736842105265,7.418341307814992,5.692480359147026,1.2086494630599052,2.7730092475151626,Laoo
qwen2.5,lij_Latn,1.9622507122507122,2.4494444444444445,1.9530429745483509,0.36945087457367104,1.0576794006054213,Latn
qwen2.5,lim_Latn,1.8,2.25,1.795228268346548,0.3600833654062611,1.0331791412201268,Latn
qwen2.5,lin_Latn,1.8449519230769231,2.315639097744361,1.856703233047319,0.3606545848365296,1.0013361744621898,Latn
qwen2.5,lit_Latn,2.0454545454545454,2.5789473684210527,2.0414177618478693,0.43264354057807547,1.06809689324709,Latn
qwen2.5,lmo_Latn,2.0,2.5384615384615383,2.004344520473553,0.39073450634144274,1.0810024914071157,Latn
qwen2.5,ltg_Latn,2.1379310344827585,2.6992307692307693,2.1392056768400853,0.4548967980845478,1.0618980529828856,Latn
qwen2.5,ltz_Latn,1.956439393939394,2.4664285714285716,1.9615509938090583,0.3672075149444919,1.029340002439917,Latn
qwen2.5,lua_Latn,1.9166666666666667,2.5,1.935302849281344,0.37381641701282536,1.0007202897942629,Latn
qwen2.5,lug_Latn,1.9411764705882353,2.4845117845117843,1.9441729119148474,0.39747746147355334,1.012449852703883,Latn
qwen2.5,luo_Latn,1.7795138888888888,2.3333333333333335,1.8070670866369791,0.3628822357611272,1.0025809547351432,Latn
qwen2.5,lus_Latn,1.9511904761904761,2.6891107078039926,1.9671264617501176,0.371215019676432,1.002165773939659,Latn
qwen2.5,lvs_Latn,2.272727272727273,2.933103448275862,2.277759675609138,0.4689580118816014,1.0931818690042263,Latn
qwen2.5,mag_Deva,4.235384615384616,5.2327272727272724,4.190217588067051,0.9135167133667469,2.578649512609022,Deva
qwen2.5,mai_Deva,4.425824175824176,5.5256842105263155,4.385902031063321,0.936110531562232,2.591448949471065,Deva
qwen2.5,mal_Mlym,7.26975051975052,9.285142857142858,7.225770247275624,1.3364694380457491,2.7572253174050463,Mlym
qwen2.5,mar_Deva,4.6306042884990255,5.828322981366459,4.621881901451794,0.9580419055623931,2.6694683757091826,Deva
qwen2.5,min_Arab,2.772077922077922,3.4497368421052634,2.780782737771985,0.6075717065607745,1.8307361293486688,Arab
qwen2.5,min_Latn,1.7741935483870968,2.2,1.7668078635820572,0.3456602116417107,1.0009278803246873,Latn
qwen2.5,mkd_Cyrl,2.28,2.8432459677419355,2.2709170558632925,0.45509950880451583,1.8225383995878892,Cyrl
qwen2.5,mlt_Latn,2.224747474747475,2.888235294117647,2.2407950472466602,0.42309006890517337,1.0513302526523023,Latn
qwen2.5,mni_Beng,5.662878787878788,7.260714285714285,5.607870822924586,1.1320996045928622,2.6894190219337677,Beng
qwen2.5,mos_Latn,2.039230769230769,2.7138248847926265,2.039245501611093,0.4517717640642295,1.0818668891063379,Latn
qwen2.5,mri_Latn,2.335897435897436,3.0302139037433156,2.3376416494696066,0.4405387334033814,1.0496295184422035,Latn
qwen2.5,mya_Mymr,9.0,11.897499999999999,8.928387820860939,1.5113839025795341,2.8530419381132446,Mymr
qwen2.5,nld_Latn,1.5862068965517242,2.0,1.590709967054053,0.29781941177666765,1.0015183455456216,Latn
qwen2.5,nno_Latn,1.625,2.0,1.6302813077006626,0.33739435353353714,1.0225304201882155,Latn
qwen2.5,nob_Latn,1.55,1.9285714285714286,1.5526230042359075,0.324544608329108,1.0218860442412914,Latn
qwen2.5,npi_Deva,4.47987117552335,5.651242236024845,4.4154085659462,0.9610332301048833,2.675051023222461,Deva
qwen2.5,nso_Latn,2.1751918158567776,2.825296442687747,2.1656710473914775,0.39585732248031236,1.0251737145126067,Latn
qwen2.5,nus_Latn,3.3651515151515152,4.498275862068965,3.391187864306144,0.656099183973663,1.227205547578188,Latn
qwen2.5,nya_Latn,2.056349206349206,2.7491935483870966,2.06342999891387,0.38717960911122734,1.0023776689333777,Latn
qwen2.5,oci_Latn,1.8153021442495128,2.25,1.8112305854241337,0.3320787781030328,1.031324053607344,Latn
qwen2.5,ory_Orya,9.805405405405406,12.659374999999997,9.698888526845517,1.98676199022538,2.6806710224786596,Orya
qwen2.5,pag_Latn,1.5555555555555556,2.090909090909091,1.5453821367799863,0.32853822234537117,1.0003386595240293,Latn
qwen2.5,pan_Guru,7.361818181818181,9.284415584415585,7.276601136816191,1.5063668727749673,2.5795165823496347,Guru
qwen2.5,pap_Latn,1.7272727272727273,2.142857142857143,1.7294811918467832,0.34323939816345006,1.0259890496788193,Latn
qwen2.5,pbt_Arab,2.787593984962406,3.5310661764705884,2.798884906411788,0.6313124714183054,1.7545567387469785,Arab
qwen2.5,pes_Arab,2.5714285714285716,3.275548589341693,2.5771333405742007,0.5748445449406444,1.8049261083743842,Arab
qwen2.5,plt_Latn,2.230769230769231,2.8421052631578947,2.226566742695775,0.38199706825014285,1.029236751223633,Latn
qwen2.5,pol_Latn,1.7741935483870968,2.23781512605042,1.764889033706238,0.34948560777144494,1.062859805713876,Latn
qwen2.5,por_Latn,1.4433760683760684,1.7619047619047619,1.4524456029832373,0.27958937618911556,1.0280857766100537,Latn
qwen2.5,prs_Arab,2.5,3.149814814814815,2.483291698345462,0.5684415530601251,1.7821157750797663,Arab
qwen2.5,quy_Latn,2.0594117647058825,2.6995652173913043,2.0627059121682776,0.40398496773736087,1.0080762958235836,Latn
qwen2.5,ron_Latn,1.8651515151515152,2.3212857142857146,1.8604684841243981,0.3457979772150706,1.0562153868929458,Latn
qwen2.5,run_Latn,2.106203007518797,2.7489130434782605,2.118388182904312,0.3973245509795267,1.0053441075611993,Latn
qwen2.5,rus_Cyrl,1.7294481981981984,2.2172737955346653,1.7548604322797872,0.3411144578313253,1.8321557257065646,Cyrl
qwen2.5,sag_Latn,2.0339861751152073,2.7304195804195803,2.042540096303537,0.39551464505545353,1.0333842767207415,Latn
qwen2.5,san_Deva,4.578947368421052,5.749193548387097,4.511169038050759,0.9706248928910839,2.70166856216991,Deva
qwen2.5,sat_Olck,9.0,11.498275862068965,8.919771188588394,1.762438211329771,2.6419082773569116,Olck
qwen2.5,scn_Latn,1.955050505050505,2.4761904761904763,1.9481191846783246,0.3883135721038313,1.0537702693925857,Latn
qwen2.5,shn_Mymr,10.5,14.375,10.431772926396583,1.530326528010877,2.7749463576299633,Mymr
qwen2.5,sin_Sinh,6.933333333333334,8.742255639097744,6.877231092284855,1.449160817821178,2.640036618858712,Sinh
qwen2.5,slk_Latn,2.066666666666667,2.651472650771388,2.0734948046776003,0.43483410523118976,1.0913218434439298,Latn
qwen2.5,slv_Latn,1.8724053724053724,2.3333333333333335,1.8666232214619312,0.39400863551259024,1.02410301478736,Latn
qwen2.5,smo_Latn,2.2586618876941458,2.894152046783626,2.249520292531045,0.4067852092389881,1.0478578536636463,Latn
qwen2.5,sna_Latn,2.098780487804878,2.756818181818182,2.1133195756851673,0.39540996044003685,1.0001287053595622,Latn
qwen2.5,snd_Arab,2.84,3.5784994400895855,2.845009232106006,0.657106064153594,1.7717580359233367,Arab
qwen2.5,som_Latn,2.185185185185185,2.8085714285714283,2.185547228557981,0.3980364230987327,1.0018462106526356,Latn
qwen2.5,sot_Latn,2.2,2.8318181818181816,2.194019043481409,0.3817265597933923,1.0018582091902617,Latn
qwen2.5,spa_Latn,1.51619644723093,1.9,1.522428586944716,0.2677708369152005,1.0184792506415523,Latn
qwen2.5,srd_Latn,1.96,2.476588628762541,1.9661489446435683,0.35409833927768036,1.028122086237587,Latn
qwen2.5,srp_Cyrl,2.3333333333333335,2.888888888888889,2.33275406393686,0.4926446976068507,1.81972627876749,Cyrl
qwen2.5,ssw_Latn,2.106203007518797,2.7687782805429864,2.1459396835740923,0.39847662841430864,1.0002016820281145,Latn
qwen2.5,sun_Latn,1.8,2.239809523809524,1.8001520582165744,0.3633400805278888,1.0101719438497008,Latn
qwen2.5,swe_Latn,1.565217391304348,1.9285714285714286,1.5654755439701675,0.32714699673912223,1.0394709963456985,Latn
qwen2.5,swh_Latn,1.936491935483871,2.375,1.9363165707251728,0.38726051004301043,1.0014771262653324,Latn
qwen2.5,szl_Latn,2.0915071770334928,2.6842105263157894,2.0934071901813835,0.42088176848663955,1.0593959951376808,Latn
qwen2.5,tam_Taml,6.203448275862069,7.809340659340659,6.112305854241338,1.0953397390565291,2.7355660371237827,Taml
qwen2.5,taq_Latn,1.957427536231884,2.6848847926267276,1.9818616270229172,0.43990581655121425,1.0693839502402802,Latn
qwen2.5,taq_Tfng,5.269230769230769,7.06010101010101,5.285652221136092,1.178091587653823,2.4450514424046803,Tfng
qwen2.5,tat_Cyrl,2.8666666666666667,3.6923076923076925,2.8685058470004705,0.5944479873954308,1.8363881907191357,Cyrl
qwen2.5,tel_Telu,7.044466403162056,9.147619047619049,6.9944969407335,1.4580204520584128,2.669416248443455,Telu
qwen2.5,tgk_Cyrl,2.901219512195122,3.6818181818181817,2.896419391043047,0.5484434877391668,1.820231574473336,Cyrl
qwen2.5,tgl_Latn,2.046536796536796,2.5924242424242423,2.0441692914811194,0.3390764906886384,1.0006425770341767,Latn
qwen2.5,tha_Thai,2.522233201581028,3.332,2.5507765830346476,0.5575647742200979,2.8893971288836835,Thai
qwen2.5,tir_Ethi,4.15,5.352429667519181,4.153144346692733,1.264749010485,2.5556498825812284,Ethi
qwen2.5,tpi_Latn,2.0,2.6396363636363636,2.0251982187466058,0.33096666548333276,1.0008046670690003,Latn
qwen2.5,tsn_Latn,2.269230769230769,2.8988888888888886,2.244017233264545,0.38017603582052933,1.0013003342840494,Latn
qwen2.5,tso_Latn,2.229020979020979,2.940808823529412,2.236559139784946,0.39049304677623264,1.0062326169405815,Latn
qwen2.5,tuk_Latn,2.1939964157706093,2.749285714285714,2.197494659860251,0.4327401577048666,1.1022515007628582,Latn
qwen2.5,tum_Latn,2.4814814814814814,3.4210526315789473,2.5152963325006334,0.40260425117637516,1.013345773162421,Latn
qwen2.5,tur_Latn,1.6216216216216217,2.0416666666666665,1.6242351833749684,0.3304143528406664,1.0893738308120609,Latn
qwen2.5,twi_Latn,2.0923295454545454,2.9470760233918125,2.1421020238224537,0.4600139947131084,1.0790468045405068,Latn
qwen2.5,tzm_Tfng,5.072751322751323,6.297999999999999,5.022736323811593,1.1758927284901806,2.569490002627542,Tfng
qwen2.5,uig_Arab,3.7142857142857144,4.75,3.70587596394048,0.7286602077208368,1.8595855549307003,Arab
qwen2.5,ukr_Cyrl,2.5,3.1739130434782608,2.4995836501212847,0.5133083522921592,1.8285378656079463,Cyrl
qwen2.5,umb_Latn,2.0,2.6666666666666665,1.9938814669997467,0.4087050092764378,1.0333803339517624,Latn
qwen2.5,urd_Arab,3.187830687830688,3.9966666666666657,3.1484015785091053,0.6693503694581281,1.7834128694581282,Arab
qwen2.5,uzn_Latn,2.1470588235294117,2.7364912280701756,2.1459034792368126,0.3969355227558865,1.0010112239157805,Latn
qwen2.5,vec_Latn,1.6813346228239845,2.08,1.681438036276746,0.34852464429369034,1.0476151167677252,Latn
qwen2.5,vie_Latn,1.4382621951219512,1.7644257703081232,1.4352485427754245,0.2860348497420542,1.324766405714492,Latn
qwen2.5,war_Latn,1.9259259259259258,2.5,1.939249122044821,0.325091341660294,1.0005158831312286,Latn
qwen2.5,wol_Latn,1.9090909090909092,2.4615384615384617,1.9074979182506064,0.4142939145887885,1.039560284022552,Latn
qwen2.5,xho_Latn,2.0171957671957674,2.56625,2.0337062380073134,0.403759209344115,1.000869721473495,Latn
qwen2.5,ydd_Hebr,2.772727272727273,3.3597142857142854,2.747185112776511,0.5350217872604459,1.8107751752146997,Hebr
qwen2.5,yor_Latn,2.6866071428571425,3.757758620689655,2.6873031389160422,0.5851570383451059,1.3311758955600403,Latn
qwen2.5,yue_Hant,1.103448275862069,1.3636363636363635,1.1095543246080881,0.7653713600719245,2.858548524049748,Hant
qwen2.5,zho_Hans,0.9629629629629629,1.3125,1.0030049599942072,0.640540103119003,2.7931377309195162,Hans
qwen2.5,zho_Hant,1.129733520336606,1.4410588235294117,1.1459396835740923,0.7772702715976622,2.854132901134522,Hant
qwen2.5,zsm_Latn,1.6165158371040724,1.964153439153439,1.608088048948264,0.3037724493564404,1.0025715028245497,Latn
qwen2.5,zul_Latn,2.1794871794871793,2.727272727272727,2.187864306143876,0.4073157908926694,1.001617643094012,Latn
