lon,lat,at_risk_kwh
-179.5,-42.5,20902
-179.5,-26.5,18353
-179.5,-25.5,585420
-179.5,-24.5,41617
-179.5,-22.5,67268
-179.5,-21.5,52162
-179.5,-20.5,3065
-179.5,-18.5,284
-179.5,-17.5,10426
-179.5,-15.5,27032
-179.5,-14.5,2429
-179.5,-11.5,11345
-179.5,-10.5,178800
-179.5,-9.5,186639
-179.5,-8.5,643556
-179.5,-7.5,918084
-179.5,-6.5,1144147
-179.5,-5.5,1006861
-179.5,-4.5,2888133
-179.5,-3.5,4060951
-179.5,-2.5,2657734
-179.5,-1.5,827520
-179.5,-0.5,102354
-179.5,0.5,284
-179.5,1.5,4462
-179.5,2.5,257305
-179.5,3.5,707875
-179.5,4.5,482414
-179.5,5.5,347170
-179.5,6.5,389986
-179.5,7.5,465254
-179.5,8.5,238618
-179.5,9.5,310138
-179.5,10.5,1872625
-179.5,11.5,2826438
-179.5,12.5,1807180
-179.5,13.5,818717
-179.5,14.5,385986
-179.5,15.5,91247
-179.5,16.5,349422
-179.5,17.5,169431
-179.5,18.5,204134
-179.5,19.5,68765
-179.5,20.5,998
-179.5,21.5,235
-179.5,22.5,4896
-179.5,24.5,33914
-179.5,29.5,964
-179.5,30.5,3173
-179.5,31.5,79587
-179.5,32.5,385403
-179.5,33.5,53522
-179.5,34.5,57037
-179.5,35.5,20841
-179.5,36.5,127236
-179.5,37.5,142646
-179.5,38.5,452667
-179.5,39.5,125868
-179.5,40.5,498126
-179.5,41.5,52729
-179.5,60.5,852676
-179.5,61.5,2578351
-179.5,62.5,149453
-179.5,63.5,2275
-179.5,81.5,13872
-178.5,-43.5,218229
-178.5,-42.5,81086
-178.5,-25.5,188796
-178.5,-23.5,590
-178.5,-22.5,5756
-178.5,-21.5,4933
-178.5,-20.5,2648
-178.5,-18.5,2607
-178.5,-16.5,47386
-178.5,-15.5,50938
-178.5,-14.5,653
-178.5,-11.5,11127
-178.5,-10.5,115921
-178.5,-9.5,500225
-178.5,-8.5,978799
-178.5,-7.5,1190829
-178.5,-6.5,1243523
-178.5,-5.5,1719927
-178.5,-4.5,5239747
-178.5,-3.5,5057641
-178.5,-2.5,1423381
-178.5,3.5,95220
-178.5,4.5,622819
-178.5,5.5,348485
-178.5,6.5,448446
-178.5,7.5,363334
-178.5,8.5,92456
-178.5,9.5,125325
-178.5,10.5,1656121
-178.5,11.5,3438294
-178.5,12.5,2311594
-178.5,13.5,818480
-178.5,14.5,157073
-178.5,15.5,58120
-178.5,16.5,251259
-178.5,17.5,140555
-178.5,18.5,128616
-178.5,19.5,24627
-178.5,20.5,36877
-178.5,23.5,5501
-178.5,24.5,20
-178.5,30.5,1193
-178.5,31.5,4439
-178.5,32.5,131502
-178.5,33.5,25823
-178.5,34.5,91641
-178.5,35.5,5631
-178.5,36.5,220249
-178.5,37.5,101691
-178.5,38.5,45044
-178.5,39.5,50518
-178.5,40.5,80644
-178.5,41.5,60722
-178.5,42.5,7973
-178.5,60.5,1393162
-178.5,61.5,2572328
-178.5,62.5,26031
-178.5,63.5,29928
-178.5,82.5,13872
-177.5,-43.5,99220
-177.5,-42.5,19959
-177.5,-36.5,20169
-177.5,-35.5,5580
-177.5,-34.5,3384
-177.5,-25.5,47111
-177.5,-23.5,5397
-177.5,-22.5,20973
-177.5,-21.5,4660
-177.5,-20.5,104588
-177.5,-19.5,38936
-177.5,-18.5,5425
-177.5,-17.5,542
-177.5,-14.5,351
-177.5,-12.5,42
-177.5,-10.5,32946
-177.5,-9.5,299425
-177.5,-8.5,598214
-177.5,-7.5,1230497
-177.5,-6.5,930909
-177.5,-5.5,246664
-177.5,-4.5,40092
-177.5,-3.5,679947
-177.5,-2.5,38060
-177.5,-0.5,13019
-177.5,3.5,328
-177.5,4.5,497140
-177.5,5.5,434866
-177.5,6.5,467621
-177.5,7.5,677633
-177.5,8.5,145598
-177.5,9.5,70854
-177.5,10.5,1460314
-177.5,11.5,4693747
-177.5,12.5,2143169
-177.5,13.5,866982
-177.5,14.5,524615
-177.5,15.5,183659
-177.5,16.5,199286
-177.5,17.5,32806
-177.5,18.5,118591
-177.5,19.5,163232
-177.5,20.5,199544
-177.5,21.5,33509
-177.5,22.5,2007
-177.5,31.5,38797
-177.5,32.5,79885
-177.5,33.5,35457
-177.5,34.5,75040
-177.5,35.5,23096
-177.5,36.5,157158
-177.5,37.5,97706
-177.5,38.5,51314
-177.5,39.5,46470
-177.5,40.5,526109
-177.5,41.5,246676
-177.5,61.5,159331
-177.5,64.5,637
-177.5,65.5,46435
-176.5,-43.5,2546
-176.5,-37.5,246808
-176.5,-36.5,425540
-176.5,-35.5,51671
-176.5,-34.5,161682
-176.5,-25.5,22113
-176.5,-23.5,6487
-176.5,-22.5,30073
-176.5,-21.5,139139
-176.5,-20.5,104091
-176.5,-19.5,242570
-176.5,-18.5,89011
-176.5,-17.5,36101
-176.5,-16.5,9311
-176.5,-15.5,2245
-176.5,-10.5,3305
-176.5,-9.5,1132579
-176.5,-8.5,1936261
-176.5,-7.5,993474
-176.5,-3.5,9136
-176.5,4.5,339464
-176.5,5.5,415802
-176.5,6.5,735385
-176.5,7.5,1491856
-176.5,8.5,497195
-176.5,9.5,125745
-176.5,10.5,2795289
-176.5,11.5,5399149
-176.5,12.5,1618410
-176.5,13.5,732545
-176.5,14.5,312126
-176.5,15.5,396849
-176.5,16.5,256546
-176.5,17.5,209488
-176.5,18.5,189044
-176.5,19.5,264099
-176.5,20.5,35155
-176.5,21.5,31395
-176.5,22.5,54319
-176.5,26.5,161
-176.5,29.5,207
-176.5,31.5,57091
-176.5,32.5,155749
-176.5,33.5,32252
-176.5,34.5,72834
-176.5,35.5,79654
-176.5,36.5,497634
-176.5,37.5,521790
-176.5,38.5,25308
-176.5,39.5,39355
-176.5,40.5,1134607
-176.5,41.5,456009
-176.5,64.5,14038
-176.5,65.5,48043
-176.5,66.5,40204
-175.5,-44.5,14559
-175.5,-43.5,733
-175.5,-38.5,20999
-175.5,-37.5,814113
-175.5,-36.5,552167
-175.5,-35.5,63794
-175.5,-34.5,328780
-175.5,-33.5,91573
-175.5,-32.5,3364
-175.5,-30.5,262
-175.5,-26.5,266025
-175.5,-25.5,24219
-175.5,-21.5,4055
-175.5,-20.5,39830
-175.5,-19.5,411766
-175.5,-18.5,892213
-175.5,-17.5,717312
-175.5,-16.5,279796
-175.5,-15.5,32541
-175.5,-14.5,6470
-175.5,-10.5,8685
-175.5,-9.5,92594
-175.5,-8.5,16670
-175.5,-7.5,2344
-175.5,3.5,3950
-175.5,4.5,598615
-175.5,5.5,770432
-175.5,6.5,558280
-175.5,7.5,855669
-175.5,8.5,394172
-175.5,9.5,62286
-175.5,10.5,1119706
-175.5,11.5,4733772
-175.5,12.5,2466864
-175.5,13.5,537889
-175.5,14.5,270273
-175.5,15.5,130232
-175.5,16.5,137770
-175.5,17.5,288287
-175.5,18.5,227713
-175.5,19.5,211188
-175.5,20.5,74161
-175.5,21.5,166139
-175.5,22.5,37495
-175.5,29.5,2311
-175.5,31.5,253612
-175.5,32.5,630443
-175.5,33.5,18312
-175.5,34.5,58973
-175.5,35.5,179440
-175.5,36.5,409645
-175.5,37.5,169668
-175.5,38.5,59895
-175.5,39.5,59032
-175.5,40.5,2636651
-175.5,41.5,3710634
-174.5,-43.5,117205
-174.5,-42.5,1330
-174.5,-39.5,8578
-174.5,-38.5,132321
-174.5,-37.5,742245
-174.5,-36.5,375161
-174.5,-35.5,213416
-174.5,-34.5,620950
-174.5,-33.5,249987
-174.5,-32.5,370251
-174.5,-31.5,123899
-174.5,-30.5,54858
-174.5,-28.5,5105
-174.5,-27.5,251700
-174.5,-26.5,891535
-174.5,-25.5,247939
-174.5,-21.5,2890
-174.5,-20.5,9166
-174.5,-18.5,3272
-174.5,-17.5,134494
-174.5,-16.5,394483
-174.5,-15.5,369201
-174.5,-14.5,615609
-174.5,-13.5,466100
-174.5,-12.5,330240
-174.5,-11.5,258955
-174.5,-10.5,32433
-174.5,3.5,299944
-174.5,4.5,823597
-174.5,5.5,639010
-174.5,6.5,434077
-174.5,7.5,457536
-174.5,8.5,52185
-174.5,9.5,23176
-174.5,10.5,722315
-174.5,11.5,3365506
-174.5,12.5,2233993
-174.5,13.5,511749
-174.5,14.5,168356
-174.5,15.5,206165
-174.5,16.5,40829
-174.5,17.5,133893
-174.5,18.5,129751
-174.5,19.5,60014
-174.5,20.5,45899
-174.5,21.5,99164
-174.5,22.5,15374
-174.5,29.5,5388
-174.5,31.5,326143
-174.5,32.5,468400
-174.5,33.5,39612
-174.5,34.5,102692
-174.5,35.5,404091
-174.5,36.5,240230
-174.5,37.5,14992
-174.5,38.5,73142
-174.5,39.5,947381
-174.5,40.5,2273437
-174.5,41.5,144757
-174.5,42.5,83308
-173.5,-43.5,39549
-173.5,-38.5,217034
-173.5,-37.5,700246
-173.5,-36.5,394403
-173.5,-35.5,555362
-173.5,-34.5,337657
-173.5,-33.5,337153
-173.5,-32.5,453497
-173.5,-31.5,629784
-173.5,-30.5,1334857
-173.5,-29.5,1254267
-173.5,-28.5,684036
-173.5,-27.5,534030
-173.5,-26.5,793075
-173.5,-25.5,362801
-173.5,-24.5,80980
-173.5,-23.5,10505
-173.5,-22.5,14646
-173.5,-21.5,114551
-173.5,-20.5,8789
-173.5,-19.5,39744
-173.5,-18.5,66155
-173.5,-17.5,78437
-173.5,-16.5,40767
-173.5,-14.5,651406
-173.5,-13.5,655176
-173.5,-12.5,949833
-173.5,-11.5,509747
-173.5,-10.5,231669
-173.5,-9.5,38974
-173.5,0.5,1388
-173.5,1.5,106630
-173.5,2.5,746936
-173.5,3.5,1209552
-173.5,4.5,673030
-173.5,5.5,301277
-173.5,6.5,609813
-173.5,7.5,629003
-173.5,8.5,17519
-173.5,9.5,74120
-173.5,10.5,721458
-173.5,11.5,2943482
-173.5,12.5,2431027
-173.5,13.5,915070
-173.5,14.5,445785
-173.5,15.5,116379
-173.5,19.5,40901
-173.5,21.5,20200
-173.5,22.5,18157
-173.5,29.5,1800
-173.5,30.5,90043
-173.5,31.5,497293
-173.5,32.5,232354
-173.5,33.5,97977
-173.5,34.5,105819
-173.5,35.5,184557
-173.5,36.5,131326
-173.5,37.5,77305
-173.5,38.5,205465
-173.5,39.5,2139798
-173.5,40.5,476998
-173.5,41.5,136571
-173.5,42.5,5014
-172.5,-38.5,19313
-172.5,-37.5,256153
-172.5,-36.5,274720
-172.5,-35.5,540112
-172.5,-34.5,144773
-172.5,-33.5,168002
-172.5,-32.5,275423
-172.5,-31.5,745034
-172.5,-30.5,1040018
-172.5,-29.5,530781
-172.5,-28.5,349519
-172.5,-27.5,484785
-172.5,-26.5,339465
-172.5,-25.5,293629
-172.5,-24.5,203081
-172.5,-23.5,18697
-172.5,-22.5,74453
-172.5,-21.5,19412
-172.5,-20.5,1844
-172.5,-19.5,30922
-172.5,-18.5,49584
-172.5,-17.5,119720
-172.5,-16.5,77055
-172.5,-15.5,430229
-172.5,-14.5,378821
-172.5,-13.5,20981
-172.5,-12.5,331122
-172.5,-11.5,77578
-172.5,-10.5,778847
-172.5,-9.5,301982
-172.5,-8.5,1533
-172.5,-7.5,579
-172.5,-1.5,740
-172.5,0.5,22155
-172.5,1.5,554687
-172.5,2.5,1766224
-172.5,3.5,1575753
-172.5,4.5,652578
-172.5,5.5,571069
-172.5,6.5,576174
-172.5,7.5,175872
-172.5,8.5,37136
-172.5,9.5,71986
-172.5,10.5,521078
-172.5,11.5,3516402
-172.5,12.5,2796907
-172.5,13.5,1521926
-172.5,14.5,412351
-172.5,15.5,18086
-172.5,19.5,36337
-172.5,20.5,28952
-172.5,21.5,22760
-172.5,29.5,59976
-172.5,30.5,327737
-172.5,31.5,345389
-172.5,32.5,258550
-172.5,33.5,186800
-172.5,34.5,160482
-172.5,35.5,247092
-172.5,36.5,224789
-172.5,37.5,50499
-172.5,38.5,103741
-172.5,39.5,322427
-172.5,40.5,406228
-172.5,41.5,137358
-171.5,-37.5,31807
-171.5,-36.5,54515
-171.5,-35.5,170781
-171.5,-34.5,137130
-171.5,-33.5,179130
-171.5,-32.5,244018
-171.5,-31.5,191248
-171.5,-30.5,469339
-171.5,-29.5,595247
-171.5,-28.5,483288
-171.5,-27.5,351175
-171.5,-26.5,161203
-171.5,-25.5,114548
-171.5,-24.5,303412
-171.5,-23.5,256910
-171.5,-22.5,523427
-171.5,-21.5,136102
-171.5,-20.5,102195
-171.5,-19.5,127688
-171.5,-18.5,150760
-171.5,-17.5,269115
-171.5,-16.5,13561
-171.5,-15.5,402548
-171.5,-14.5,393711
-171.5,-13.5,236056
-171.5,-12.5,289664
-171.5,-11.5,1373
-171.5,-10.5,144612
-171.5,-9.5,82961
-171.5,-8.5,23776
-171.5,-7.5,2223
-171.5,0.5,56155
-171.5,1.5,452977
-171.5,2.5,1706667
-171.5,3.5,1974514
-171.5,4.5,896437
-171.5,5.5,508038
-171.5,6.5,201548
-171.5,7.5,30908
-171.5,8.5,9399
-171.5,9.5,39143
-171.5,10.5,718657
-171.5,11.5,4065137
-171.5,12.5,1547852
-171.5,13.5,493288
-171.5,14.5,27
-171.5,20.5,10104
-171.5,21.5,133513
-171.5,29.5,60690
-171.5,30.5,363245
-171.5,31.5,605474
-171.5,32.5,165890
-171.5,33.5,136157
-171.5,34.5,103703
-171.5,35.5,329082
-171.5,36.5,69040
-170.5,-38.5,5855
-170.5,-37.5,15391
-170.5,-36.5,51657
-170.5,-35.5,45742
-170.5,-34.5,108252
-170.5,-33.5,88657
-170.5,-32.5,119284
-170.5,-31.5,282535
-170.5,-30.5,743404
-170.5,-29.5,462020
-170.5,-28.5,307749
-170.5,-27.5,254126
-170.5,-26.5,241847
-170.5,-25.5,196556
-170.5,-24.5,270661
-170.5,-23.5,310653
-170.5,-22.5,197845
-170.5,-21.5,61792
-170.5,-20.5,84459
-170.5,-19.5,26273
-170.5,-18.5,123319
-170.5,-17.5,769780
-170.5,-16.5,440592
-170.5,-15.5,1635
-170.5,-14.5,53545
-170.5,-13.5,89225
-170.5,-12.5,134128
-170.5,-11.5,220
-170.5,-10.5,194607
-170.5,-9.5,262415
-170.5,-8.5,27464
-170.5,-7.5,6024
-170.5,0.5,246988
-170.5,1.5,384808
-170.5,2.5,2117990
-170.5,3.5,2122414
-170.5,4.5,1836422
-170.5,5.5,536739
-170.5,6.5,158961
-170.5,7.5,47799
-170.5,8.5,19937
-170.5,9.5,84221
-170.5,10.5,534681
-170.5,11.5,3598178
-170.5,12.5,1872983
-170.5,13.5,331187
-170.5,20.5,6416
-170.5,21.5,150632
-170.5,29.5,57418
-170.5,30.5,420302
-170.5,31.5,685413
-170.5,32.5,187379
-170.5,33.5,118062
-170.5,34.5,251877
-170.5,35.5,241449
-170.5,36.5,12055
-169.5,-39.5,8390
-169.5,-37.5,3404
-169.5,-36.5,37407
-169.5,-35.5,36815
-169.5,-34.5,71866
-169.5,-33.5,66730
-169.5,-32.5,34389
-169.5,-31.5,211622
-169.5,-30.5,362035
-169.5,-29.5,408215
-169.5,-28.5,388685
-169.5,-27.5,164262
-169.5,-26.5,161026
-169.5,-25.5,94288
-169.5,-24.5,78171
-169.5,-23.5,234309
-169.5,-22.5,97902
-169.5,-21.5,55753
-169.5,-20.5,28064
-169.5,-18.5,6822
-169.5,-17.5,368253
-169.5,-16.5,205377
-169.5,-14.5,23332
-169.5,-13.5,176
-169.5,-10.5,90262
-169.5,-9.5,477003
-169.5,-8.5,5249
-169.5,-7.5,76
-169.5,-0.5,31803
-169.5,0.5,469979
-169.5,1.5,471012
-169.5,2.5,1772694
-169.5,3.5,2196555
-169.5,4.5,2250304
-169.5,5.5,791568
-169.5,6.5,246585
-169.5,7.5,57210
-169.5,8.5,31187
-169.5,9.5,57924
-169.5,10.5,379897
-169.5,11.5,3357365
-169.5,12.5,1098148
-169.5,13.5,171541
-169.5,20.5,6570
-169.5,21.5,3269
-169.5,29.5,53075
-169.5,30.5,357433
-169.5,31.5,525442
-169.5,32.5,70489
-169.5,33.5,60466
-169.5,34.5,245811
-169.5,35.5,188108
-169.5,36.5,73501
-169.5,37.5,1610
-168.5,-37.5,749
-168.5,-36.5,22310
-168.5,-35.5,27510
-168.5,-34.5,4076
-168.5,-33.5,103585
-168.5,-32.5,42175
-168.5,-31.5,127602
-168.5,-30.5,254408
-168.5,-29.5,591762
-168.5,-28.5,368269
-168.5,-27.5,146251
-168.5,-26.5,30156
-168.5,-25.5,144653
-168.5,-24.5,236254
-168.5,-23.5,322658
-168.5,-22.5,360464
-168.5,-21.5,5938
-168.5,-20.5,22313
-168.5,-18.5,106836
-168.5,-17.5,239266
-168.5,-16.5,14340
-168.5,-11.5,14250
-168.5,-10.5,23623
-168.5,-9.5,109727
-168.5,-8.5,13752
-168.5,-7.5,1194940
-168.5,-6.5,1715737
-168.5,-5.5,16118
-168.5,-1.5,336662
-168.5,-0.5,999589
-168.5,0.5,913293
-168.5,1.5,959267
-168.5,2.5,1780730
-168.5,3.5,1791207
-168.5,4.5,1662944
-168.5,5.5,738619
-168.5,6.5,229573
-168.5,7.5,52333
-168.5,8.5,5646
-168.5,9.5,41717
-168.5,10.5,79170
-168.5,11.5,1821613
-168.5,12.5,1328823
-168.5,13.5,378605
-168.5,20.5,7960
-168.5,28.5,8854
-168.5,29.5,242752
-168.5,30.5,406181
-168.5,31.5,549373
-168.5,32.5,45952
-168.5,33.5,64823
-168.5,34.5,133574
-168.5,35.5,258308
-168.5,36.5,40811
-168.5,37.5,12769
-168.5,61.5,47795
-167.5,-37.5,310
-167.5,-36.5,19497
-167.5,-35.5,9992
-167.5,-34.5,82422
-167.5,-33.5,74327
-167.5,-32.5,23964
-167.5,-31.5,185965
-167.5,-30.5,565178
-167.5,-29.5,514051
-167.5,-28.5,355040
-167.5,-27.5,146099
-167.5,-26.5,88266
-167.5,-25.5,74172
-167.5,-24.5,67626
-167.5,-23.5,158253
-167.5,-22.5,396171
-167.5,-21.5,175163
-167.5,-19.5,21586
-167.5,-18.5,73234
-167.5,-17.5,218562
-167.5,-14.5,61
-167.5,-12.5,3243
-167.5,-11.5,227772
-167.5,-10.5,74836
-167.5,-9.5,46770
-167.5,-8.5,22514
-167.5,-7.5,4339317
-167.5,-6.5,4646646
-167.5,-5.5,2407941
-167.5,-4.5,1340887
-167.5,-3.5,1906544
-167.5,-2.5,4004501
-167.5,-1.5,5581462
-167.5,-0.5,1779794
-167.5,0.5,983911
-167.5,1.5,1532296
-167.5,2.5,1926384
-167.5,3.5,1505567
-167.5,4.5,1463331
-167.5,5.5,590952
-167.5,6.5,131237
-167.5,7.5,195565
-167.5,8.5,9706
-167.5,9.5,282
-167.5,10.5,81119
-167.5,11.5,727292
-167.5,12.5,1163776
-167.5,13.5,1422261
-167.5,14.5,8875
-167.5,19.5,2341
-167.5,20.5,374
-167.5,28.5,18738
-167.5,29.5,258982
-167.5,30.5,409052
-167.5,31.5,316953
-167.5,32.5,135800
-167.5,33.5,193810
-167.5,34.5,71356
-167.5,35.5,224311
-167.5,36.5,8323
-166.5,-37.5,747
-166.5,-36.5,32854
-166.5,-35.5,72998
-166.5,-34.5,87781
-166.5,-33.5,110090
-166.5,-32.5,170747
-166.5,-31.5,98034
-166.5,-30.5,482967
-166.5,-29.5,433068
-166.5,-28.5,244490
-166.5,-27.5,292003
-166.5,-26.5,86175
-166.5,-25.5,128514
-166.5,-24.5,59699
-166.5,-23.5,100865
-166.5,-22.5,133098
-166.5,-21.5,272063
-166.5,-20.5,12896
-166.5,-18.5,16597
-166.5,-17.5,54104
-166.5,-13.5,72181
-166.5,-12.5,273520
-166.5,-11.5,2318
-166.5,-10.5,26871
-166.5,-9.5,65803
-166.5,-8.5,232714
-166.5,-7.5,2965557
-166.5,-6.5,3751123
-166.5,-5.5,2817119
-166.5,-4.5,3701474
-166.5,-3.5,8171088
-166.5,-2.5,8462630
-166.5,-1.5,4642786
-166.5,-0.5,1612911
-166.5,0.5,765790
-166.5,1.5,1240169
-166.5,2.5,1740309
-166.5,3.5,1265153
-166.5,4.5,802645
-166.5,5.5,148653
-166.5,6.5,55787
-166.5,7.5,11726
-166.5,8.5,10526
-166.5,9.5,7966
-166.5,10.5,54273
-166.5,11.5,329951
-166.5,12.5,1028843
-166.5,13.5,1767578
-166.5,14.5,99388
-166.5,18.5,14552
-166.5,19.5,58506
-166.5,20.5,2444
-166.5,28.5,64686
-166.5,29.5,174762
-166.5,30.5,397474
-166.5,31.5,217115
-166.5,32.5,110945
-166.5,33.5,62617
-166.5,34.5,30574
-166.5,35.5,25287
-166.5,36.5,14943
-165.5,-37.5,11637
-165.5,-36.5,26645
-165.5,-35.5,41817
-165.5,-34.5,174360
-165.5,-33.5,169650
-165.5,-32.5,119697
-165.5,-31.5,182761
-165.5,-30.5,391083
-165.5,-29.5,315530
-165.5,-28.5,179666
-165.5,-27.5,157879
-165.5,-26.5,56096
-165.5,-25.5,77755
-165.5,-24.5,114777
-165.5,-23.5,93506
-165.5,-22.5,144078
-165.5,-21.5,194330
-165.5,-20.5,661
-165.5,-19.5,1159
-165.5,-18.5,13015
-165.5,-17.5,12813
-165.5,-14.5,4823
-165.5,-13.5,251999
-165.5,-12.5,168477
-165.5,-10.5,10198
-165.5,-9.5,59585
-165.5,-8.5,14019
-165.5,-7.5,2233377
-165.5,-6.5,3172747
-165.5,-5.5,2199415
-165.5,-4.5,3358464
-165.5,-3.5,4293016
-165.5,-2.5,5900686
-165.5,-1.5,3958403
-165.5,-0.5,1314653
-165.5,0.5,725557
-165.5,1.5,1848636
-165.5,2.5,1664249
-165.5,3.5,867606
-165.5,4.5,52252
-165.5,5.5,1846
-165.5,10.5,44381
-165.5,11.5,320256
-165.5,12.5,1004103
-165.5,13.5,1529437
-165.5,14.5,111660
-165.5,15.5,190264
-165.5,16.5,6322
-165.5,17.5,48417
-165.5,18.5,95994
-165.5,19.5,122435
-165.5,21.5,420
-165.5,27.5,12455
-165.5,28.5,159724
-165.5,29.5,355957
-165.5,30.5,582222
-165.5,31.5,293280
-165.5,32.5,252964
-165.5,33.5,79604
-165.5,34.5,39006
-165.5,35.5,2959
-165.5,36.5,10190
-164.5,-36.5,5360
-164.5,-35.5,8993
-164.5,-34.5,202319
-164.5,-33.5,141865
-164.5,-32.5,17123
-164.5,-31.5,145514
-164.5,-30.5,275885
-164.5,-29.5,270831
-164.5,-28.5,127768
-164.5,-27.5,70956
-164.5,-26.5,241263
-164.5,-25.5,152463
-164.5,-24.5,112923
-164.5,-23.5,169978
-164.5,-22.5,45879
-164.5,-21.5,84703
-164.5,-19.5,329
-164.5,-18.5,28908
-164.5,-16.5,6763
-164.5,-15.5,12353
-164.5,-14.5,62836
-164.5,-13.5,162750
-164.5,-12.5,46916
-164.5,-11.5,49965
-164.5,-10.5,22397
-164.5,-9.5,185661
-164.5,-8.5,142013
-164.5,-7.5,1604933
-164.5,-6.5,2397481
-164.5,-5.5,1569410
-164.5,-4.5,2727624
-164.5,-3.5,3520997
-164.5,-2.5,4530988
-164.5,-1.5,3135951
-164.5,-0.5,1179702
-164.5,0.5,721809
-164.5,1.5,877285
-164.5,2.5,1078336
-164.5,3.5,79570
-164.5,5.5,8256
-164.5,10.5,22986
-164.5,11.5,64080
-164.5,12.5,853120
-164.5,13.5,1296982
-164.5,14.5,421943
-164.5,15.5,504190
-164.5,16.5,170228
-164.5,17.5,126802
-164.5,18.5,142073
-164.5,19.5,187482
-164.5,26.5,3391
-164.5,27.5,95286
-164.5,28.5,75201
-164.5,29.5,111367
-164.5,30.5,379541
-164.5,31.5,138162
-164.5,32.5,79417
-164.5,33.5,102630
-164.5,34.5,109021
-164.5,35.5,71135
-164.5,36.5,48837
-164.5,37.5,13871
-163.5,-38.5,534
-163.5,-37.5,9940
-163.5,-34.5,171582
-163.5,-33.5,113077
-163.5,-32.5,105081
-163.5,-31.5,249751
-163.5,-30.5,204513
-163.5,-29.5,291718
-163.5,-28.5,101563
-163.5,-27.5,187141
-163.5,-26.5,143622
-163.5,-25.5,174931
-163.5,-24.5,91024
-163.5,-23.5,75913
-163.5,-22.5,14019
-163.5,-21.5,8492
-163.5,-16.5,11275
-163.5,-15.5,20257
-163.5,-14.5,32703
-163.5,-13.5,106165
-163.5,-12.5,695
-163.5,-11.5,235447
-163.5,-10.5,121824
-163.5,-9.5,257506
-163.5,-8.5,68252
-163.5,-7.5,794687
-163.5,-6.5,1278902
-163.5,-5.5,1796929
-163.5,-4.5,2786111
-163.5,-3.5,3210407
-163.5,-2.5,3452757
-163.5,-1.5,1075368
-163.5,-0.5,260970
-163.5,0.5,254400
-163.5,1.5,334852
-163.5,2.5,187147
-163.5,6.5,1189
-163.5,10.5,23504
-163.5,11.5,50534
-163.5,12.5,442108
-163.5,13.5,1101660
-163.5,14.5,696202
-163.5,15.5,372179
-163.5,16.5,74565
-163.5,17.5,210756
-163.5,18.5,185767
-163.5,19.5,77651
-163.5,20.5,390
-163.5,21.5,202
-163.5,25.5,5553
-163.5,26.5,11747
-163.5,27.5,33670
-163.5,28.5,145603
-163.5,29.5,139419
-163.5,30.5,287945
-163.5,31.5,107991
-163.5,32.5,94408
-163.5,33.5,221685
-163.5,34.5,90504
-163.5,35.5,32247
-163.5,36.5,29600
-163.5,37.5,26389
-162.5,-38.5,235
-162.5,-37.5,5897
-162.5,-36.5,41358
-162.5,-35.5,161935
-162.5,-34.5,43222
-162.5,-33.5,74360
-162.5,-32.5,313644
-162.5,-31.5,77059
-162.5,-30.5,110429
-162.5,-29.5,262440
-162.5,-28.5,68439
-162.5,-27.5,146329
-162.5,-26.5,122927
-162.5,-25.5,29129
-162.5,-24.5,9434
-162.5,-16.5,8966
-162.5,-15.5,24214
-162.5,-14.5,10944
-162.5,-13.5,2253
-162.5,-12.5,9032
-162.5,-11.5,127502
-162.5,-10.5,20686
-162.5,-9.5,219254
-162.5,-8.5,73182
-162.5,-7.5,8595
-162.5,-6.5,964023
-162.5,-5.5,1283030
-162.5,-4.5,2349320
-162.5,-3.5,3102596
-162.5,-2.5,749250
-162.5,1.5,266
-162.5,2.5,4751
-162.5,10.5,13618
-162.5,11.5,43056
-162.5,12.5,155894
-162.5,13.5,412022
-162.5,14.5,378687
-162.5,15.5,313356
-162.5,16.5,293337
-162.5,17.5,248102
-162.5,18.5,95657
-162.5,19.5,48875
-162.5,20.5,88153
-162.5,21.5,6525
-162.5,24.5,31824
-162.5,25.5,65769
-162.5,26.5,59290
-162.5,27.5,170335
-162.5,28.5,234788
-162.5,29.5,188433
-162.5,30.5,217907
-162.5,31.5,169898
-162.5,32.5,202414
-162.5,33.5,218025
-162.5,34.5,64381
-162.5,35.5,49649
-162.5,36.5,119608
-162.5,37.5,44830
-161.5,-36.5,45326
-161.5,-35.5,236416
-161.5,-34.5,50096
-161.5,-33.5,51539
-161.5,-32.5,216870
-161.5,-31.5,99771
-161.5,-30.5,99248
-161.5,-29.5,97919
-161.5,-28.5,39543
-161.5,-27.5,75605
-161.5,-26.5,106135
-161.5,-25.5,175891
-161.5,-24.5,49808
-161.5,-16.5,5080
-161.5,-15.5,9936
-161.5,-14.5,4995
-161.5,-13.5,49480
-161.5,-12.5,24057
-161.5,-11.5,33067
-161.5,-10.5,15957
-161.5,-9.5,176842
-161.5,-8.5,26238
-161.5,-6.5,528938
-161.5,-5.5,1117883
-161.5,-4.5,3221397
-161.5,-3.5,1279188
-161.5,10.5,11417
-161.5,11.5,105165
-161.5,12.5,312310
-161.5,13.5,233016
-161.5,14.5,354565
-161.5,15.5,192952
-161.5,16.5,315355
-161.5,17.5,536061
-161.5,18.5,71723
-161.5,19.5,56648
-161.5,20.5,36531
-161.5,24.5,16907
-161.5,25.5,180353
-161.5,26.5,200343
-161.5,27.5,93152
-161.5,28.5,131059
-161.5,29.5,221876
-161.5,30.5,290973
-161.5,31.5,516349
-161.5,32.5,320881
-161.5,33.5,264652
-161.5,34.5,122688
-161.5,35.5,237848
-161.5,36.5,163993
-161.5,37.5,53126
-160.5,-36.5,28852
-160.5,-35.5,145258
-160.5,-34.5,82620
-160.5,-33.5,145774
-160.5,-32.5,184756
-160.5,-31.5,284689
-160.5,-30.5,208156
-160.5,-29.5,142227
-160.5,-28.5,98229
-160.5,-27.5,208115
-160.5,-26.5,343376
-160.5,-25.5,308550
-160.5,-24.5,3121
-160.5,-16.5,12188
-160.5,-14.5,4018
-160.5,-13.5,16479
-160.5,-12.5,66593
-160.5,-11.5,17234
-160.5,-10.5,30469
-160.5,-9.5,42998
-160.5,-8.5,82937
-160.5,-6.5,173508
-160.5,-5.5,1760987
-160.5,-4.5,3674253
-160.5,-3.5,433070
-160.5,9.5,6362
-160.5,10.5,215208
-160.5,11.5,169787
-160.5,12.5,399234
-160.5,13.5,658482
-160.5,14.5,542957
-160.5,15.5,209942
-160.5,16.5,180661
-160.5,17.5,231626
-160.5,18.5,100190
-160.5,19.5,123821
-160.5,20.5,21251
-160.5,23.5,23958
-160.5,24.5,85644
-160.5,25.5,273132
-160.5,26.5,248246
-160.5,27.5,188285
-160.5,28.5,212523
-160.5,29.5,104485
-160.5,30.5,346229
-160.5,31.5,203594
-160.5,32.5,425656
-160.5,33.5,289594
-160.5,34.5,130833
-160.5,35.5,340496
-160.5,36.5,156974
-160.5,37.5,5865
-159.5,-36.5,3874
-159.5,-35.5,59783
-159.5,-34.5,69854
-159.5,-33.5,187580
-159.5,-32.5,67017
-159.5,-31.5,194516
-159.5,-30.5,365228
-159.5,-29.5,252121
-159.5,-28.5,16920
-159.5,-27.5,81071
-159.5,-26.5,50892
-159.5,-25.5,44173
-159.5,-17.5,1393
-159.5,-16.5,4325
-159.5,-15.5,34471
-159.5,-14.5,349766
-159.5,-13.5,408496
-159.5,-12.5,100960
-159.5,-11.5,56989
-159.5,-10.5,118292
-159.5,-9.5,213044
-159.5,-8.5,111724
-159.5,-7.5,7042
-159.5,-6.5,364
-159.5,-5.5,752824
-159.5,-4.5,1646717
-159.5,-3.5,276293
-159.5,6.5,261
-159.5,7.5,104
-159.5,8.5,12675
-159.5,9.5,130038
-159.5,10.5,372317
-159.5,11.5,97584
-159.5,12.5,654550
-159.5,13.5,704377
-159.5,14.5,301300
-159.5,15.5,199254
-159.5,16.5,324094
-159.5,17.5,335972
-159.5,18.5,309423
-159.5,19.5,266500
-159.5,20.5,1666
-159.5,22.5,6070
-159.5,23.5,58293
-159.5,24.5,126030
-159.5,25.5,400662
-159.5,26.5,318366
-159.5,27.5,294417
-159.5,28.5,251314
-159.5,29.5,139722
-159.5,30.5,304636
-159.5,31.5,162192
-159.5,32.5,405356
-159.5,33.5,200985
-159.5,34.5,71072
-159.5,35.5,220014
-159.5,36.5,107836
-159.5,37.5,5958
-158.5,-36.5,2629
-158.5,-35.5,49227
-158.5,-34.5,107233
-158.5,-33.5,197475
-158.5,-32.5,19009
-158.5,-31.5,96569
-158.5,-30.5,223572
-158.5,-29.5,206498
-158.5,-28.5,93061
-158.5,-27.5,175386
-158.5,-26.5,25217
-158.5,-25.5,32562
-158.5,-17.5,12228
-158.5,-16.5,4789
-158.5,-15.5,56309
-158.5,-14.5,717762
-158.5,-13.5,1317143
-158.5,-12.5,352073
-158.5,-11.5,1189
-158.5,-10.5,115386
-158.5,-9.5,60149
-158.5,-8.5,47526
-158.5,-7.5,12228
-158.5,-5.5,6540
-158.5,-4.5,680
-158.5,-3.5,10140
-158.5,7.5,22653
-158.5,8.5,14362
-158.5,9.5,45024
-158.5,10.5,191300
-158.5,11.5,19483
-158.5,12.5,225160
-158.5,13.5,411352
-158.5,14.5,614397
-158.5,15.5,211200
-158.5,16.5,104025
-158.5,17.5,94601
-158.5,18.5,152365
-158.5,19.5,200419
-158.5,20.5,16543
-158.5,21.5,41303
-158.5,22.5,2858
-158.5,23.5,264739
-158.5,24.5,190335
-158.5,25.5,399451
-158.5,26.5,307636
-158.5,27.5,194476
-158.5,28.5,220964
-158.5,29.5,235673
-158.5,30.5,309738
-158.5,31.5,371752
-158.5,32.5,377236
-158.5,33.5,76040
-158.5,34.5,101242
-158.5,35.5,165570
-158.5,36.5,195850
-158.5,37.5,7852
-157.5,-36.5,1458
-157.5,-35.5,62559
-157.5,-34.5,99849
-157.5,-33.5,93800
-157.5,-32.5,32873
-157.5,-31.5,41744
-157.5,-30.5,152542
-157.5,-29.5,153768
-157.5,-28.5,229642
-157.5,-27.5,150605
-157.5,-26.5,124280
-157.5,-25.5,72994
-157.5,-18.5,1236
-157.5,-14.5,155587
-157.5,-13.5,906096
-157.5,-12.5,2594105
-157.5,-10.5,24575
-157.5,-9.5,77490
-157.5,-4.5,2625
-157.5,-3.5,65
-157.5,5.5,9635
-157.5,6.5,3860
-157.5,7.5,68210
-157.5,8.5,126304
-157.5,9.5,161167
-157.5,10.5,1155720
-157.5,11.5,21552
-157.5,12.5,287358
-157.5,13.5,680917
-157.5,14.5,802611
-157.5,15.5,92836
-157.5,16.5,284590
-157.5,17.5,159029
-157.5,18.5,73992
-157.5,19.5,129899
-157.5,20.5,4238
-157.5,21.5,67360
-157.5,22.5,43412
-157.5,23.5,484215
-157.5,24.5,250125
-157.5,25.5,373086
-157.5,26.5,299241
-157.5,27.5,72655
-157.5,28.5,122475
-157.5,29.5,218975
-157.5,30.5,364563
-157.5,31.5,450720
-157.5,32.5,645189
-157.5,33.5,107510
-157.5,34.5,90015
-157.5,35.5,153815
-157.5,36.5,57908
-157.5,37.5,15350
-156.5,-36.5,606
-156.5,-35.5,103173
-156.5,-34.5,178134
-156.5,-33.5,168018
-156.5,-32.5,74695
-156.5,-31.5,46557
-156.5,-30.5,626272
-156.5,-29.5,466009
-156.5,-28.5,247817
-156.5,-27.5,153062
-156.5,-26.5,74592
-156.5,-25.5,44977
-156.5,-18.5,410
-156.5,-17.5,1587
-156.5,-14.5,1205
-156.5,-13.5,97552
-156.5,-12.5,2325330
-156.5,-11.5,2325
-156.5,-10.5,18471
-156.5,-9.5,144212
-156.5,-8.5,28830
-156.5,-7.5,3300
-156.5,-6.5,97
-156.5,5.5,6370
-156.5,6.5,116196
-156.5,7.5,13699
-156.5,8.5,3831
-156.5,9.5,146766
-156.5,10.5,749534
-156.5,11.5,47048
-156.5,12.5,172383
-156.5,13.5,471320
-156.5,14.5,115748
-156.5,15.5,81437
-156.5,16.5,142611
-156.5,17.5,35927
-156.5,21.5,15197
-156.5,22.5,26563
-156.5,23.5,289697
-156.5,24.5,343039
-156.5,25.5,320816
-156.5,26.5,146748
-156.5,27.5,79328
-156.5,28.5,157203
-156.5,29.5,194346
-156.5,30.5,309528
-156.5,31.5,124498
-156.5,32.5,102295
-156.5,33.5,88410
-156.5,34.5,91920
-156.5,35.5,37381
-156.5,36.5,13105
-156.5,37.5,1853
-156.5,38.5,2007
-155.5,-36.5,10677
-155.5,-35.5,243052
-155.5,-34.5,63108
-155.5,-33.5,100380
-155.5,-32.5,28674
-155.5,-31.5,82000
-155.5,-30.5,400071
-155.5,-29.5,926933
-155.5,-28.5,268990
-155.5,-27.5,260090
-155.5,-26.5,92694
-155.5,-25.5,35321
-155.5,-12.5,816701
-155.5,-11.5,250887
-155.5,-10.5,2660
-155.5,-2.5,351
-155.5,3.5,1471
-155.5,4.5,16598
-155.5,5.5,413456
-155.5,6.5,365601
-155.5,7.5,57064
-155.5,8.5,7649
-155.5,9.5,116335
-155.5,10.5,144194
-155.5,11.5,29994
-155.5,12.5,68697
-155.5,13.5,226273
-155.5,14.5,171954
-155.5,15.5,29694
-155.5,16.5,92719
-155.5,17.5,69351
-155.5,21.5,92251
-155.5,22.5,153041
-155.5,23.5,203253
-155.5,24.5,185996
-155.5,25.5,244716
-155.5,26.5,375375
-155.5,27.5,83557
-155.5,28.5,127860
-155.5,29.5,239220
-155.5,30.5,129479
-155.5,31.5,173090
-155.5,32.5,386773
-155.5,33.5,183481
-155.5,34.5,43160
-155.5,35.5,61027
-155.5,36.5,90323
-155.5,37.5,60934
-155.5,38.5,11209
-155.5,39.5,1166
-154.5,-36.5,12130
-154.5,-35.5,174277
-154.5,-34.5,90982
-154.5,-33.5,183467
-154.5,-32.5,6540
-154.5,-31.5,47264
-154.5,-30.5,215591
-154.5,-29.5,453422
-154.5,-28.5,269662
-154.5,-27.5,114494
-154.5,-26.5,13572
-154.5,-12.5,1211
-154.5,-1.5,3069
-154.5,2.5,546
-154.5,3.5,80584
-154.5,4.5,401768
-154.5,5.5,682360
-154.5,6.5,158029
-154.5,7.5,184426
-154.5,8.5,44532
-154.5,9.5,698102
-154.5,10.5,317930
-154.5,11.5,84458
-154.5,12.5,51511
-154.5,13.5,25809
-154.5,14.5,60942
-154.5,15.5,6992
-154.5,16.5,131361
-154.5,17.5,294802
-154.5,18.5,63679
-154.5,20.5,18693
-154.5,21.5,218267
-154.5,22.5,192897
-154.5,23.5,185903
-154.5,24.5,278641
-154.5,25.5,238881
-154.5,26.5,216262
-154.5,27.5,136621
-154.5,28.5,68801
-154.5,29.5,61863
-154.5,30.5,170965
-154.5,31.5,341095
-154.5,32.5,474079
-154.5,33.5,154930
-154.5,34.5,37476
-154.5,35.5,76703
-154.5,36.5,161213
-154.5,37.5,236229
-154.5,38.5,34549
-153.5,-36.5,24472
-153.5,-35.5,84323
-153.5,-34.5,20490
-153.5,-33.5,47968
-153.5,-32.5,6545
-153.5,-31.5,115481
-153.5,-30.5,309951
-153.5,-29.5,475816
-153.5,-28.5,271648
-153.5,-27.5,187174
-153.5,-26.5,15505
-153.5,-5.5,2827
-153.5,-2.5,168
-153.5,-1.5,337
-153.5,-0.5,22767
-153.5,0.5,192431
-153.5,1.5,275920
-153.5,2.5,713069
-153.5,3.5,1239324
-153.5,4.5,1053232
-153.5,5.5,547140
-153.5,6.5,106740
-153.5,7.5,135007
-153.5,8.5,414582
-153.5,9.5,600423
-153.5,10.5,194736
-153.5,11.5,8962
-153.5,12.5,4408
-153.5,13.5,3217
-153.5,15.5,14633
-153.5,16.5,108747
-153.5,17.5,406245
-153.5,18.5,109008
-153.5,19.5,57468
-153.5,20.5,20202
-153.5,21.5,262924
-153.5,22.5,256643
-153.5,23.5,266325
-153.5,24.5,314458
-153.5,25.5,332263
-153.5,26.5,168959
-153.5,27.5,56955
-153.5,28.5,80925
-153.5,29.5,82867
-153.5,30.5,102224
-153.5,31.5,217280
-153.5,32.5,435367
-153.5,33.5,138653
-153.5,34.5,77195
-153.5,35.5,30371
-153.5,36.5,332009
-153.5,37.5,120004
-153.5,38.5,9664
-152.5,-36.5,5028
-152.5,-35.5,67446
-152.5,-34.5,46240
-152.5,-33.5,62605
-152.5,-32.5,65724
-152.5,-31.5,45010
-152.5,-30.5,240303
-152.5,-29.5,179936
-152.5,-28.5,136757
-152.5,-27.5,226262
-152.5,-26.5,48851
-152.5,-9.5,84
-152.5,-6.5,312346
-152.5,-5.5,2529
-152.5,-4.5,1620
-152.5,-2.5,24151
-152.5,-1.5,835900
-152.5,-0.5,406262
-152.5,0.5,430702
-152.5,1.5,813558
-152.5,2.5,2101539
-152.5,3.5,2481417
-152.5,4.5,1677327
-152.5,5.5,433415
-152.5,6.5,64279
-152.5,7.5,4540
-152.5,8.5,20070
-152.5,9.5,194852
-152.5,10.5,6625
-152.5,12.5,803
-152.5,13.5,7960
-152.5,14.5,16362
-152.5,15.5,6425
-152.5,16.5,73725
-152.5,17.5,132567
-152.5,18.5,241264
-152.5,19.5,105919
-152.5,20.5,78034
-152.5,21.5,80330
-152.5,22.5,215546
-152.5,23.5,227459
-152.5,24.5,323452
-152.5,25.5,175528
-152.5,26.5,123305
-152.5,27.5,28614
-152.5,28.5,99412
-152.5,29.5,92543
-152.5,30.5,43544
-152.5,31.5,205777
-152.5,32.5,290296
-152.5,33.5,283418
-152.5,34.5,195523
-152.5,35.5,54208
-152.5,36.5,180513
-152.5,37.5,111873
-152.5,38.5,6908
-151.5,-36.5,21278
-151.5,-35.5,133307
-151.5,-34.5,105744
-151.5,-33.5,89150
-151.5,-32.5,97458
-151.5,-31.5,91419
-151.5,-30.5,182856
-151.5,-29.5,120415
-151.5,-28.5,65667
-151.5,-27.5,120422
-151.5,-26.5,36906
-151.5,-6.5,798490
-151.5,-5.5,1553220
-151.5,-4.5,685642
-151.5,-3.5,977396
-151.5,-2.5,4232374
-151.5,-1.5,5710315
-151.5,-0.5,438406
-151.5,0.5,263982
-151.5,1.5,2419212
-151.5,2.5,3176403
-151.5,3.5,2727207
-151.5,4.5,2013222
-151.5,5.5,454333
-151.5,6.5,60999
-151.5,7.5,4307
-151.5,8.5,4863
-151.5,9.5,195407
-151.5,10.5,11002
-151.5,12.5,3157
-151.5,13.5,4595
-151.5,14.5,215
-151.5,15.5,498
-151.5,16.5,10186
-151.5,17.5,26218
-151.5,18.5,44622
-151.5,19.5,89782
-151.5,20.5,101913
-151.5,21.5,90794
-151.5,22.5,216725
-151.5,23.5,191866
-151.5,24.5,142821
-151.5,25.5,109071
-151.5,26.5,210110
-151.5,27.5,98431
-151.5,28.5,56506
-151.5,29.5,73870
-151.5,30.5,27582
-151.5,31.5,191181
-151.5,32.5,267593
-151.5,33.5,308497
-151.5,34.5,199402
-151.5,35.5,116046
-151.5,36.5,52393
-151.5,37.5,73662
-151.5,39.5,12776
-150.5,-36.5,1773
-150.5,-35.5,45551
-150.5,-34.5,123541
-150.5,-33.5,99302
-150.5,-32.5,175960
-150.5,-31.5,234928
-150.5,-30.5,227663
-150.5,-29.5,113438
-150.5,-28.5,122466
-150.5,-27.5,219884
-150.5,-26.5,16167
-150.5,-7.5,454
-150.5,-6.5,585668
-150.5,-5.5,2908814
-150.5,-4.5,2998436
-150.5,-3.5,4626251
-150.5,-2.5,8243203
-150.5,-1.5,5094351
-150.5,-0.5,304481
-150.5,0.5,290493
-150.5,1.5,2451685
-150.5,2.5,2472593
-150.5,3.5,1897543
-150.5,4.5,1576983
-150.5,5.5,688828
-150.5,6.5,156091
-150.5,7.5,17355
-150.5,12.5,35384
-150.5,13.5,24162
-150.5,17.5,653
-150.5,18.5,6992
-150.5,19.5,97776
-150.5,20.5,235972
-150.5,21.5,80362
-150.5,22.5,390138
-150.5,23.5,313035
-150.5,24.5,140030
-150.5,25.5,183013
-150.5,26.5,151562
-150.5,27.5,117597
-150.5,28.5,28489
-150.5,29.5,72745
-150.5,30.5,60984
-150.5,31.5,306703
-150.5,32.5,526808
-150.5,33.5,321295
-150.5,34.5,46624
-150.5,35.5,130940
-150.5,36.5,161996
-150.5,37.5,242793
-150.5,38.5,56929
-150.5,39.5,9962
-149.5,-35.5,9727
-149.5,-34.5,39723
-149.5,-33.5,116744
-149.5,-32.5,104172
-149.5,-31.5,146872
-149.5,-30.5,204021
-149.5,-29.5,333569
-149.5,-28.5,121541
-149.5,-27.5,120879
-149.5,-26.5,13302
-149.5,-17.5,65478
-149.5,-16.5,1234
-149.5,-8.5,2086
-149.5,-6.5,844779
-149.5,-5.5,2996465
-149.5,-4.5,3273335
-149.5,-3.5,5055040
-149.5,-2.5,8083628
-149.5,-1.5,5937063
-149.5,-0.5,215840
-149.5,0.5,201461
-149.5,1.5,1850657
-149.5,2.5,1633686
-149.5,3.5,1608114
-149.5,4.5,1704025
-149.5,5.5,646212
-149.5,6.5,266363
-149.5,7.5,14063
-149.5,12.5,8137
-149.5,13.5,5613
-149.5,14.5,4099
-149.5,16.5,10133
-149.5,17.5,379339
-149.5,18.5,224654
-149.5,19.5,133179
-149.5,20.5,223785
-149.5,21.5,82907
-149.5,22.5,233589
-149.5,23.5,285728
-149.5,24.5,134459
-149.5,25.5,139047
-149.5,26.5,114193
-149.5,27.5,63380
-149.5,28.5,49235
-149.5,29.5,102005
-149.5,30.5,37666
-149.5,31.5,283091
-149.5,32.5,439904
-149.5,33.5,380025
-149.5,34.5,153154
-149.5,35.5,233164
-149.5,36.5,194863
-149.5,37.5,514788
-149.5,38.5,216578
-149.5,39.5,37877
-149.5,88.5,5100
-148.5,-35.5,23939
-148.5,-34.5,141024
-148.5,-33.5,161250
-148.5,-32.5,136741
-148.5,-31.5,173731
-148.5,-30.5,80815
-148.5,-29.5,118153
-148.5,-28.5,98296
-148.5,-27.5,18139
-148.5,-26.5,301
-148.5,-17.5,26459
-148.5,-16.5,2175
-148.5,-14.5,2058
-148.5,-7.5,16851
-148.5,-6.5,1851077
-148.5,-5.5,3706500
-148.5,-4.5,3018927
-148.5,-3.5,2691331
-148.5,-2.5,7592322
-148.5,-1.5,5566129
-148.5,-0.5,338521
-148.5,0.5,258243
-148.5,1.5,1390935
-148.5,2.5,968005
-148.5,3.5,1397538
-148.5,4.5,2026924
-148.5,5.5,811042
-148.5,6.5,330633
-148.5,7.5,2438
-148.5,10.5,12617
-148.5,12.5,8279
-148.5,14.5,23590
-148.5,15.5,14752
-148.5,16.5,2941
-148.5,17.5,37655
-148.5,18.5,211778
-148.5,19.5,155078
-148.5,20.5,210567
-148.5,21.5,106667
-148.5,22.5,188295
-148.5,23.5,196434
-148.5,24.5,197734
-148.5,25.5,119551
-148.5,26.5,56702
-148.5,27.5,292208
-148.5,28.5,34954
-148.5,29.5,93818
-148.5,30.5,42449
-148.5,31.5,268359
-148.5,32.5,267716
-148.5,33.5,332206
-148.5,34.5,244894
-148.5,35.5,213550
-148.5,36.5,169479
-148.5,37.5,495120
-148.5,38.5,263564
-148.5,39.5,14347
-147.5,-35.5,7816
-147.5,-34.5,329231
-147.5,-33.5,246354
-147.5,-32.5,166520
-147.5,-31.5,35514
-147.5,-30.5,95271
-147.5,-29.5,20415
-147.5,-11.5,6938
-147.5,-10.5,3412
-147.5,-8.5,66956
-147.5,-7.5,1274865
-147.5,-6.5,2264876
-147.5,-5.5,3693880
-147.5,-4.5,3004611
-147.5,-3.5,2147580
-147.5,-2.5,7387851
-147.5,-1.5,4403448
-147.5,-0.5,264085
-147.5,0.5,130596
-147.5,1.5,717180
-147.5,2.5,1088899
-147.5,3.5,1411395
-147.5,4.5,3000614
-147.5,5.5,721574
-147.5,6.5,130278
-147.5,7.5,9695
-147.5,10.5,520
-147.5,12.5,786
-147.5,13.5,2024
-147.5,14.5,31478
-147.5,15.5,42738
-147.5,16.5,1925
-147.5,18.5,96655
-147.5,19.5,62126
-147.5,20.5,54566
-147.5,21.5,57183
-147.5,22.5,123553
-147.5,23.5,70911
-147.5,24.5,73456
-147.5,25.5,347942
-147.5,26.5,106935
-147.5,27.5,128416
-147.5,28.5,21730
-147.5,29.5,86835
-147.5,30.5,97449
-147.5,31.5,184280
-147.5,32.5,353986
-147.5,33.5,242508
-147.5,34.5,239660
-147.5,35.5,205030
-147.5,36.5,94062
-147.5,37.5,179256
-147.5,38.5,142154
-146.5,-35.5,78858
-146.5,-34.5,475806
-146.5,-33.5,195299
-146.5,-32.5,78851
-146.5,-31.5,59078
-146.5,-30.5,20264
-146.5,-11.5,42804
-146.5,-10.5,3213633
-146.5,-9.5,5504761
-146.5,-8.5,5732670
-146.5,-7.5,4308101
-146.5,-6.5,2571328
-146.5,-5.5,2099079
-146.5,-4.5,1538409
-146.5,-3.5,1435873
-146.5,-2.5,5664149
-146.5,-1.5,4604946
-146.5,-0.5,180872
-146.5,0.5,63247
-146.5,1.5,286408
-146.5,2.5,1042705
-146.5,3.5,1176521
-146.5,4.5,2350962
-146.5,5.5,1452879
-146.5,6.5,236272
-146.5,7.5,24061
-146.5,8.5,8020
-146.5,13.5,624
-146.5,16.5,2151
-146.5,17.5,5118
-146.5,18.5,105897
-146.5,19.5,38931
-146.5,20.5,51491
-146.5,21.5,86937
-146.5,22.5,136289
-146.5,23.5,51508
-146.5,24.5,30356
-146.5,25.5,126156
-146.5,26.5,138530
-146.5,27.5,55435
-146.5,28.5,14876
-146.5,29.5,16990
-146.5,30.5,83871
-146.5,31.5,151301
-146.5,32.5,373328
-146.5,33.5,193081
-146.5,34.5,125643
-146.5,35.5,161046
-146.5,36.5,67244
-146.5,37.5,99466
-146.5,38.5,46254
-146.5,39.5,10851
-145.5,-35.5,62754
-145.5,-34.5,290992
-145.5,-33.5,134412
-145.5,-32.5,34258
-145.5,-31.5,19443
-145.5,-12.5,22790
-145.5,-11.5,5348
-145.5,-10.5,5744901
-145.5,-9.5,7778568
-145.5,-8.5,4689703
-145.5,-7.5,2154448
-145.5,-6.5,1821596
-145.5,-5.5,896071
-145.5,-4.5,890915
-145.5,-3.5,1093881
-145.5,-2.5,3924318
-145.5,-1.5,2976613
-145.5,-0.5,106902
-145.5,0.5,45837
-145.5,1.5,289068
-145.5,2.5,740367
-145.5,3.5,709569
-145.5,4.5,1110677
-145.5,5.5,558672
-145.5,6.5,83245
-145.5,7.5,22455
-145.5,12.5,3572
-145.5,13.5,1991
-145.5,15.5,10760
-145.5,16.5,5249
-145.5,17.5,7846
-145.5,18.5,25292
-145.5,19.5,101625
-145.5,20.5,49969
-145.5,21.5,46259
-145.5,22.5,43844
-145.5,23.5,36213
-145.5,24.5,2304
-145.5,25.5,19814
-145.5,26.5,6276
-145.5,27.5,99792
-145.5,28.5,14394
-145.5,29.5,31476
-145.5,30.5,43160
-145.5,31.5,233143
-145.5,32.5,441720
-145.5,33.5,277012
-145.5,34.5,72255
-145.5,35.5,62540
-145.5,36.5,128070
-145.5,37.5,39287
-144.5,-35.5,3789
-144.5,-34.5,373831
-144.5,-33.5,96773
-144.5,-32.5,30231
-144.5,-31.5,2183
-144.5,-11.5,3190
-144.5,-10.5,6394696
-144.5,-9.5,3824296
-144.5,-8.5,1319998
-144.5,-7.5,1227106
-144.5,-6.5,661732
-144.5,-5.5,876839
-144.5,-4.5,1062742
-144.5,-3.5,1001818
-144.5,-2.5,3398418
-144.5,-1.5,2239257
-144.5,-0.5,70326
-144.5,0.5,78750
-144.5,1.5,211649
-144.5,2.5,502806
-144.5,3.5,423501
-144.5,4.5,543799
-144.5,5.5,376531
-144.5,6.5,100292
-144.5,10.5,6854
-144.5,11.5,9325
-144.5,13.5,1768
-144.5,17.5,4319
-144.5,18.5,51597
-144.5,19.5,64365
-144.5,20.5,210665
-144.5,21.5,329878
-144.5,22.5,26994
-144.5,23.5,7437
-144.5,24.5,23641
-144.5,25.5,14244
-144.5,26.5,17663
-144.5,27.5,80209
-144.5,28.5,30527
-144.5,29.5,16443
-144.5,30.5,115684
-144.5,31.5,262405
-144.5,32.5,229385
-144.5,33.5,125443
-144.5,34.5,91616
-144.5,35.5,73673
-144.5,36.5,8631
-144.5,37.5,12078
-144.5,38.5,1731
-143.5,-35.5,16884
-143.5,-34.5,162463
-143.5,-33.5,101640
-143.5,-32.5,114743
-143.5,-31.5,3609
-143.5,-28.5,10101
-143.5,-11.5,125812
-143.5,-10.5,1556382
-143.5,-9.5,59595
-143.5,-6.5,14408
-143.5,-5.5,496967
-143.5,-4.5,703008
-143.5,-3.5,677044
-143.5,-2.5,2654216
-143.5,-1.5,1246553
-143.5,-0.5,12220
-143.5,0.5,3146
-143.5,1.5,210533
-143.5,2.5,389030
-143.5,3.5,387703
-143.5,4.5,373985
-143.5,5.5,342606
-143.5,6.5,44431
-143.5,8.5,9913
-143.5,11.5,19111
-143.5,12.5,4160
-143.5,17.5,55552
-143.5,18.5,273321
-143.5,19.5,52816
-143.5,20.5,128214
-143.5,21.5,92237
-143.5,22.5,18812
-143.5,23.5,681
-143.5,24.5,35021
-143.5,25.5,41238
-143.5,26.5,6735
-143.5,27.5,109671
-143.5,28.5,31988
-143.5,30.5,72134
-143.5,31.5,209373
-143.5,32.5,155200
-143.5,33.5,148434
-143.5,34.5,42846
-143.5,35.5,34715
-143.5,37.5,8172
-143.5,38.5,13584
-142.5,-35.5,5348
-142.5,-34.5,90426
-142.5,-33.5,41521
-142.5,-32.5,123935
-142.5,-31.5,21685
-142.5,-10.5,147
-142.5,-5.5,144649
-142.5,-4.5,540625
-142.5,-3.5,550727
-142.5,-2.5,2078157
-142.5,-1.5,1269428
-142.5,0.5,12486
-142.5,1.5,150958
-142.5,2.5,556589
-142.5,3.5,424187
-142.5,4.5,733317
-142.5,5.5,628994
-142.5,6.5,31951
-142.5,11.5,15318
-142.5,12.5,6464
-142.5,18.5,24609
-142.5,19.5,26436
-142.5,20.5,45472
-142.5,21.5,19673
-142.5,22.5,11907
-142.5,24.5,7047
-142.5,25.5,10227
-142.5,27.5,6892
-142.5,28.5,78092
-142.5,29.5,27788
-142.5,30.5,48435
-142.5,31.5,128361
-142.5,32.5,272628
-142.5,33.5,92629
-142.5,34.5,35798
-142.5,35.5,70927
-141.5,-34.5,71232
-141.5,-33.5,22738
-141.5,-32.5,141132
-141.5,-31.5,16284
-141.5,-10.5,3453
-141.5,-9.5,19244
-141.5,-6.5,822
-141.5,-5.5,7349
-141.5,-4.5,83127
-141.5,-3.5,516560
-141.5,-2.5,2788092
-141.5,-1.5,1335446
-141.5,-0.5,9605
-141.5,1.5,52101
-141.5,2.5,225511
-141.5,3.5,503502
-141.5,4.5,733683
-141.5,5.5,538277
-141.5,6.5,50204
-141.5,18.5,44368
-141.5,19.5,50444
-141.5,20.5,107485
-141.5,21.5,26423
-141.5,22.5,8626
-141.5,23.5,72526
-141.5,24.5,6176
-141.5,25.5,2639
-141.5,27.5,36038
-141.5,28.5,236
-141.5,29.5,18159
-141.5,30.5,37335
-141.5,31.5,54228
-141.5,32.5,162778
-141.5,33.5,104900
-141.5,34.5,27027
-141.5,35.5,11504
-140.5,-34.5,89889
-140.5,-33.5,66869
-140.5,-32.5,182401
-140.5,-31.5,43959
-140.5,-30.5,2514
-140.5,-29.5,1345
-140.5,-9.5,322
-140.5,-4.5,227356
-140.5,-3.5,1347219
-140.5,-2.5,2610590
-140.5,-1.5,1209268
-140.5,-0.5,16017
-140.5,0.5,203
-140.5,1.5,32780
-140.5,2.5,154810
-140.5,3.5,356607
-140.5,4.5,484586
-140.5,5.5,327774
-140.5,6.5,20208
-140.5,18.5,15150
-140.5,19.5,19257
-140.5,20.5,30969
-140.5,21.5,102303
-140.5,22.5,10285
-140.5,23.5,6758
-140.5,24.5,6783
-140.5,26.5,46558
-140.5,27.5,87548
-140.5,28.5,14388
-140.5,30.5,17926
-140.5,31.5,5080
-140.5,32.5,214245
-140.5,33.5,128545
-140.5,34.5,44918
-140.5,35.5,22144
-140.5,36.5,28439
-139.5,-34.5,97803
-139.5,-33.5,134209
-139.5,-32.5,135778
-139.5,-31.5,49761
-139.5,-29.5,90764
-139.5,-28.5,65811
-139.5,-27.5,11428
-139.5,-17.5,52
-139.5,-4.5,289454
-139.5,-3.5,990508
-139.5,-2.5,2558975
-139.5,-1.5,1162278
-139.5,-0.5,23071
-139.5,0.5,17656
-139.5,1.5,55795
-139.5,2.5,167758
-139.5,3.5,379536
-139.5,4.5,511315
-139.5,5.5,294036
-139.5,6.5,14829
-139.5,7.5,6561
-139.5,18.5,27532
-139.5,19.5,53648
-139.5,20.5,44811
-139.5,21.5,58413
-139.5,22.5,51433
-139.5,23.5,90158
-139.5,24.5,86038
-139.5,27.5,37851
-139.5,28.5,80442
-139.5,29.5,27106
-139.5,30.5,23674
-139.5,31.5,32681
-139.5,32.5,244996
-139.5,33.5,145468
-139.5,34.5,41040
-139.5,36.5,8514
-138.5,-34.5,99968
-138.5,-33.5,182949
-138.5,-32.5,79994
-138.5,-31.5,28390
-138.5,-30.5,18736
-138.5,-29.5,36851
-138.5,-28.5,296268
-138.5,-27.5,9816
-138.5,-11.5,240
-138.5,-5.5,20608
-138.5,-4.5,666673
-138.5,-3.5,887552
-138.5,-2.5,2360424
-138.5,-1.5,894620
-138.5,-0.5,114742
-138.5,0.5,33829
-138.5,1.5,63139
-138.5,2.5,374642
-138.5,3.5,432328
-138.5,4.5,448320
-138.5,5.5,295518
-138.5,6.5,64216
-138.5,7.5,3042
-138.5,9.5,6615
-138.5,10.5,7940
-138.5,11.5,6944
-138.5,18.5,92808
-138.5,19.5,152464
-138.5,20.5,86950
-138.5,21.5,39653
-138.5,22.5,64393
-138.5,23.5,147029
-138.5,24.5,26383
-138.5,25.5,5750
-138.5,27.5,13172
-138.5,28.5,75322
-138.5,29.5,122701
-138.5,30.5,95596
-138.5,31.5,16791
-138.5,32.5,126546
-138.5,33.5,233417
-138.5,34.5,65177
-137.5,-34.5,111704
-137.5,-33.5,184165
-137.5,-32.5,187862
-137.5,-31.5,103076
-137.5,-30.5,137482
-137.5,-29.5,218592
-137.5,-28.5,197122
-137.5,-27.5,2689
-137.5,-7.5,397
-137.5,-6.5,192006
-137.5,-5.5,1177227
-137.5,-4.5,996149
-137.5,-3.5,1636573
-137.5,-2.5,2245847
-137.5,-1.5,683863
-137.5,-0.5,84053
-137.5,0.5,2659
-137.5,1.5,216837
-137.5,2.5,427660
-137.5,3.5,397519
-137.5,4.5,559917
-137.5,5.5,359782
-137.5,6.5,73881
-137.5,7.5,38615
-137.5,8.5,9391
-137.5,9.5,11526
-137.5,10.5,32267
-137.5,11.5,4648
-137.5,18.5,242883
-137.5,19.5,65783
-137.5,20.5,22385
-137.5,21.5,8836
-137.5,22.5,70204
-137.5,23.5,73470
-137.5,24.5,16295
-137.5,25.5,10312
-137.5,26.5,352
-137.5,27.5,197
-137.5,28.5,16246
-137.5,29.5,43866
-137.5,30.5,96790
-137.5,31.5,14288
-137.5,32.5,9641
-137.5,33.5,57496
-137.5,34.5,73928
-137.5,35.5,11782
-136.5,-35.5,9409
-136.5,-34.5,375713
-136.5,-33.5,197224
-136.5,-32.5,177496
-136.5,-31.5,90877
-136.5,-30.5,89580
-136.5,-29.5,205889
-136.5,-28.5,110673
-136.5,-27.5,4254
-136.5,-16.5,3154
-136.5,-12.5,442
-136.5,-7.5,88628
-136.5,-6.5,2460026
-136.5,-5.5,2350846
-136.5,-4.5,859646
-136.5,-3.5,1202377
-136.5,-2.5,1846904
-136.5,-1.5,653075
-136.5,-0.5,32056
-136.5,0.5,21048
-136.5,1.5,111974
-136.5,2.5,205892
-136.5,3.5,220434
-136.5,4.5,525698
-136.5,5.5,552517
-136.5,6.5,108533
-136.5,8.5,32079
-136.5,9.5,20616
-136.5,10.5,75247
-136.5,11.5,54234
-136.5,18.5,127396
-136.5,19.5,73030
-136.5,20.5,37557
-136.5,21.5,20043
-136.5,22.5,39024
-136.5,23.5,33568
-136.5,24.5,13393
-136.5,25.5,50722
-136.5,26.5,12991
-136.5,27.5,26588
-136.5,28.5,10431
-136.5,29.5,34352
-136.5,30.5,28608
-136.5,31.5,6673
-136.5,32.5,3039
-136.5,33.5,14913
-136.5,34.5,67284
-136.5,35.5,61207
-136.5,36.5,17583
-135.5,-34.5,164177
-135.5,-33.5,254846
-135.5,-32.5,195439
-135.5,-31.5,48035
-135.5,-30.5,18044
-135.5,-29.5,133880
-135.5,-28.5,172283
-135.5,-27.5,5748
-135.5,-16.5,10772
-135.5,-15.5,36537
-135.5,-14.5,149229
-135.5,-13.5,751770
-135.5,-12.5,425920
-135.5,-11.5,34555
-135.5,-9.5,11420
-135.5,-8.5,545326
-135.5,-7.5,1772644
-135.5,-6.5,3179313
-135.5,-5.5,2308469
-135.5,-4.5,344914
-135.5,-3.5,1347604
-135.5,-2.5,1376140
-135.5,-1.5,738537
-135.5,-0.5,27484
-135.5,0.5,57127
-135.5,1.5,39468
-135.5,2.5,266837
-135.5,3.5,703621
-135.5,4.5,643828
-135.5,5.5,384653
-135.5,6.5,68365
-135.5,7.5,50891
-135.5,8.5,39249
-135.5,9.5,34051
-135.5,10.5,54540
-135.5,11.5,22910
-135.5,17.5,13413
-135.5,18.5,93502
-135.5,19.5,183453
-135.5,20.5,49827
-135.5,21.5,4350
-135.5,22.5,50065
-135.5,23.5,122749
-135.5,24.5,7785
-135.5,25.5,67134
-135.5,26.5,78230
-135.5,27.5,139339
-135.5,28.5,19181
-135.5,29.5,4662
-135.5,30.5,10808
-135.5,33.5,1156
-135.5,34.5,48535
-135.5,35.5,49773
-135.5,36.5,4729
-134.5,-34.5,34230
-134.5,-33.5,115284
-134.5,-32.5,99331
-134.5,-31.5,37034
-134.5,-30.5,32619
-134.5,-29.5,155628
-134.5,-28.5,161086
-134.5,-27.5,37041
-134.5,-15.5,879293
-134.5,-14.5,1636887
-134.5,-13.5,1946010
-134.5,-12.5,1996337
-134.5,-11.5,1440004
-134.5,-10.5,1098810
-134.5,-9.5,1300266
-134.5,-8.5,1843070
-134.5,-7.5,2041139
-134.5,-6.5,1716823
-134.5,-5.5,2052253
-134.5,-4.5,461579
-134.5,-3.5,1231171
-134.5,-2.5,1721744
-134.5,-1.5,486803
-134.5,-0.5,21756
-134.5,0.5,38326
-134.5,1.5,66913
-134.5,2.5,232386
-134.5,3.5,319465
-134.5,4.5,392751
-134.5,5.5,160635
-134.5,6.5,105634
-134.5,7.5,110458
-134.5,8.5,57993
-134.5,9.5,56736
-134.5,10.5,28711
-134.5,11.5,2177
-134.5,16.5,2327
-134.5,17.5,13811
-134.5,18.5,53597
-134.5,19.5,171934
-134.5,20.5,35851
-134.5,21.5,457
-134.5,22.5,56875
-134.5,23.5,108087
-134.5,24.5,43319
-134.5,25.5,73151
-134.5,26.5,45256
-134.5,27.5,59920
-134.5,28.5,10912
-134.5,33.5,6039
-134.5,34.5,51145
-134.5,35.5,29027
-133.5,-34.5,120645
-133.5,-33.5,156185
-133.5,-32.5,157970
-133.5,-31.5,66359
-133.5,-30.5,11611
-133.5,-29.5,153943
-133.5,-28.5,231290
-133.5,-27.5,80542
-133.5,-17.5,4102
-133.5,-16.5,826328
-133.5,-15.5,1875198
-133.5,-14.5,1252136
-133.5,-13.5,1158472
-133.5,-12.5,1249253
-133.5,-11.5,1136573
-133.5,-10.5,1267162
-133.5,-9.5,1846614
-133.5,-8.5,1132511
-133.5,-7.5,930099
-133.5,-6.5,1337002
-133.5,-5.5,1008774
-133.5,-4.5,520570
-133.5,-3.5,990294
-133.5,-2.5,1817948
-133.5,-1.5,954152
-133.5,-0.5,74084
-133.5,0.5,123287
-133.5,1.5,45913
-133.5,2.5,175037
-133.5,3.5,202639
-133.5,4.5,388535
-133.5,5.5,258831
-133.5,6.5,154043
-133.5,7.5,105147
-133.5,8.5,46946
-133.5,9.5,95221
-133.5,10.5,66294
-133.5,18.5,21570
-133.5,19.5,22858
-133.5,20.5,5322
-133.5,21.5,19789
-133.5,22.5,82682
-133.5,23.5,64760
-133.5,24.5,105338
-133.5,25.5,32924
-133.5,33.5,9621
-133.5,34.5,24519
-133.5,35.5,317
-132.5,-34.5,170911
-132.5,-33.5,185070
-132.5,-32.5,126896
-132.5,-31.5,193231
-132.5,-30.5,50004
-132.5,-29.5,109383
-132.5,-28.5,316086
-132.5,-27.5,49087
-132.5,-20.5,1242
-132.5,-19.5,49567
-132.5,-18.5,123165
-132.5,-17.5,547926
-132.5,-16.5,1325811
-132.5,-15.5,1751185
-132.5,-14.5,1228649
-132.5,-13.5,1735222
-132.5,-12.5,1478911
-132.5,-11.5,1022452
-132.5,-10.5,1193090
-132.5,-9.5,755188
-132.5,-8.5,1276543
-132.5,-7.5,733825
-132.5,-6.5,1307232
-132.5,-5.5,731659
-132.5,-4.5,224645
-132.5,-3.5,768584
-132.5,-2.5,709359
-132.5,-1.5,950267
-132.5,-0.5,87443
-132.5,0.5,171774
-132.5,1.5,72699
-132.5,2.5,196469
-132.5,3.5,136154
-132.5,4.5,197030
-132.5,5.5,364729
-132.5,6.5,204568
-132.5,7.5,94605
-132.5,8.5,40246
-132.5,9.5,44897
-132.5,10.5,24375
-132.5,11.5,47364
-132.5,19.5,29306
-132.5,20.5,29586
-132.5,21.5,11340
-132.5,22.5,21651
-132.5,23.5,86504
-132.5,24.5,48759
-132.5,25.5,80342
-132.5,26.5,3560
-132.5,33.5,1383
-132.5,34.5,18581
-132.5,35.5,2262
-131.5,-34.5,59719
-131.5,-33.5,86288
-131.5,-32.5,121215
-131.5,-31.5,71996
-131.5,-30.5,21825
-131.5,-29.5,55499
-131.5,-28.5,90545
-131.5,-20.5,17987
-131.5,-19.5,240552
-131.5,-18.5,271507
-131.5,-17.5,611753
-131.5,-16.5,932531
-131.5,-15.5,1467177
-131.5,-14.5,2417691
-131.5,-13.5,1722087
-131.5,-12.5,1453237
-131.5,-11.5,785250
-131.5,-10.5,934594
-131.5,-9.5,307551
-131.5,-8.5,505564
-131.5,-7.5,753970
-131.5,-6.5,1291191
-131.5,-5.5,394237
-131.5,-4.5,263451
-131.5,-3.5,408247
-131.5,-2.5,718693
-131.5,-1.5,545628
-131.5,-0.5,130633
-131.5,0.5,67320
-131.5,1.5,26427
-131.5,2.5,19493
-131.5,3.5,92535
-131.5,4.5,377404
-131.5,5.5,100560
-131.5,6.5,155091
-131.5,7.5,109797
-131.5,8.5,45539
-131.5,9.5,115984
-131.5,10.5,105267
-131.5,11.5,72229
-131.5,19.5,6348
-131.5,20.5,9400
-131.5,21.5,32490
-131.5,22.5,13854
-131.5,23.5,85864
-131.5,24.5,70886
-131.5,25.5,52746
-131.5,26.5,199711
-131.5,27.5,76935
-131.5,28.5,4305
-131.5,29.5,7303
-131.5,34.5,51490
-131.5,35.5,9353
-130.5,-34.5,12523
-130.5,-33.5,48397
-130.5,-32.5,67499
-130.5,-31.5,77169
-130.5,-30.5,84440
-130.5,-29.5,151464
-130.5,-28.5,156438
-130.5,-20.5,22736
-130.5,-19.5,264695
-130.5,-18.5,319011
-130.5,-17.5,876741
-130.5,-16.5,1310184
-130.5,-15.5,1422719
-130.5,-14.5,2376182
-130.5,-13.5,1462316
-130.5,-12.5,653995
-130.5,-11.5,539539
-130.5,-10.5,940925
-130.5,-9.5,158539
-130.5,-8.5,389506
-130.5,-7.5,752567
-130.5,-6.5,978345
-130.5,-5.5,469450
-130.5,-4.5,362487
-130.5,-3.5,281747
-130.5,-2.5,380963
-130.5,-1.5,283864
-130.5,-0.5,46881
-130.5,0.5,86132
-130.5,1.5,37648
-130.5,2.5,73406
-130.5,3.5,47639
-130.5,4.5,360861
-130.5,5.5,201817
-130.5,6.5,77458
-130.5,7.5,86791
-130.5,8.5,118917
-130.5,9.5,45816
-130.5,10.5,124546
-130.5,11.5,124696
-130.5,12.5,8216
-130.5,20.5,2460
-130.5,21.5,5840
-130.5,22.5,6470
-130.5,23.5,25004
-130.5,24.5,34943
-130.5,25.5,24351
-130.5,26.5,119457
-130.5,27.5,12052
-130.5,28.5,19286
-130.5,29.5,34891
-130.5,30.5,13961
-130.5,34.5,52985
-130.5,35.5,889
-129.5,-34.5,96681
-129.5,-33.5,131723
-129.5,-32.5,21017
-129.5,-31.5,16793
-129.5,-30.5,35035
-129.5,-29.5,89603
-129.5,-28.5,79131
-129.5,-20.5,38499
-129.5,-19.5,358847
-129.5,-18.5,645385
-129.5,-17.5,1044076
-129.5,-16.5,1040120
-129.5,-15.5,1046418
-129.5,-14.5,1306027
-129.5,-13.5,1399439
-129.5,-12.5,564811
-129.5,-11.5,950298
-129.5,-10.5,813997
-129.5,-9.5,718397
-129.5,-8.5,679507
-129.5,-7.5,763024
-129.5,-6.5,734912
-129.5,-5.5,728610
-129.5,-4.5,421877
-129.5,-3.5,184600
-129.5,-2.5,296372
-129.5,-1.5,51766
-129.5,-0.5,104693
-129.5,0.5,101897
-129.5,1.5,49163
-129.5,2.5,137724
-129.5,3.5,138477
-129.5,4.5,191650
-129.5,5.5,239367
-129.5,6.5,220598
-129.5,7.5,185480
-129.5,8.5,101534
-129.5,9.5,81782
-129.5,10.5,115356
-129.5,11.5,114685
-129.5,12.5,5812
-129.5,25.5,39930
-129.5,26.5,142929
-129.5,27.5,6870
-129.5,28.5,8851
-129.5,29.5,14312
-129.5,30.5,3498
-129.5,34.5,8953
-129.5,36.5,4113
-128.5,-34.5,181275
-128.5,-33.5,195974
-128.5,-32.5,130106
-128.5,-31.5,126624
-128.5,-30.5,9120
-128.5,-29.5,44711
-128.5,-28.5,6045
-128.5,-20.5,93055
-128.5,-19.5,534704
-128.5,-18.5,402016
-128.5,-17.5,598764
-128.5,-16.5,782739
-128.5,-15.5,795537
-128.5,-14.5,930867
-128.5,-13.5,1071943
-128.5,-12.5,1236522
-128.5,-11.5,752387
-128.5,-10.5,551928
-128.5,-9.5,447957
-128.5,-8.5,902819
-128.5,-7.5,726505
-128.5,-6.5,739956
-128.5,-5.5,791145
-128.5,-4.5,222622
-128.5,-3.5,201049
-128.5,-2.5,191383
-128.5,-1.5,86387
-128.5,-0.5,78534
-128.5,0.5,157830
-128.5,1.5,9287
-128.5,2.5,1808
-128.5,3.5,114610
-128.5,4.5,131947
-128.5,5.5,310174
-128.5,6.5,221908
-128.5,7.5,128300
-128.5,8.5,57365
-128.5,9.5,66952
-128.5,10.5,35333
-128.5,11.5,85470
-128.5,12.5,10599
-128.5,25.5,25439
-128.5,26.5,61049
-128.5,27.5,16808
-128.5,28.5,8079
-128.5,29.5,16222
-128.5,30.5,2792
-128.5,32.5,8139
-128.5,36.5,2029
-128.5,50.5,2227469
-127.5,-35.5,4096
-127.5,-34.5,310636
-127.5,-33.5,128551
-127.5,-32.5,82994
-127.5,-31.5,109174
-127.5,-30.5,59200
-127.5,-29.5,32780
-127.5,-28.5,1277
-127.5,-20.5,214223
-127.5,-19.5,502637
-127.5,-18.5,619173
-127.5,-17.5,901384
-127.5,-16.5,773988
-127.5,-15.5,498310
-127.5,-14.5,593874
-127.5,-13.5,520117
-127.5,-12.5,790928
-127.5,-11.5,851474
-127.5,-10.5,506850
-127.5,-9.5,782399
-127.5,-8.5,795399
-127.5,-7.5,1096592
-127.5,-6.5,1363234
-127.5,-5.5,478668
-127.5,-4.5,138536
-127.5,-3.5,81870
-127.5,-2.5,92550
-127.5,-1.5,121292
-127.5,-0.5,149500
-127.5,0.5,120483
-127.5,1.5,26636
-127.5,2.5,32788
-127.5,3.5,34600
-127.5,4.5,84701
-127.5,5.5,155632
-127.5,6.5,153596
-127.5,7.5,231967
-127.5,8.5,41411
-127.5,9.5,15041
-127.5,10.5,93852
-127.5,11.5,70032
-127.5,12.5,12213
-127.5,13.5,5798
-127.5,14.5,1383
-127.5,15.5,36552
-127.5,16.5,5026
-127.5,25.5,6199
-127.5,26.5,19517
-127.5,27.5,416
-127.5,28.5,5158
-127.5,29.5,15955
-127.5,30.5,8500
-127.5,32.5,10413
-127.5,33.5,3637
-127.5,49.5,1241465
-127.5,50.5,6164
-126.5,-34.5,166554
-126.5,-33.5,55862
-126.5,-32.5,11025
-126.5,-31.5,81514
-126.5,-30.5,23349
-126.5,-29.5,20679
-126.5,-28.5,18094
-126.5,-21.5,4320
-126.5,-20.5,373365
-126.5,-19.5,363172
-126.5,-18.5,698916
-126.5,-17.5,843620
-126.5,-16.5,695604
-126.5,-15.5,493210
-126.5,-14.5,400139
-126.5,-13.5,1217702
-126.5,-12.5,1338219
-126.5,-11.5,1119031
-126.5,-10.5,829207
-126.5,-9.5,459046
-126.5,-8.5,545937
-126.5,-7.5,867709
-126.5,-6.5,664316
-126.5,-5.5,163105
-126.5,-4.5,89603
-126.5,-3.5,112574
-126.5,-2.5,207378
-126.5,-1.5,163541
-126.5,-0.5,202775
-126.5,0.5,102574
-126.5,1.5,53120
-126.5,2.5,29520
-126.5,3.5,18752
-126.5,4.5,231446
-126.5,5.5,126324
-126.5,6.5,116890
-126.5,7.5,182350
-126.5,8.5,131982
-126.5,9.5,116189
-126.5,10.5,78038
-126.5,11.5,116183
-126.5,12.5,46914
-126.5,13.5,6520
-126.5,14.5,28195
-126.5,15.5,97018
-126.5,16.5,38120
-126.5,31.5,7910
-126.5,32.5,2594
-126.5,36.5,2388
-126.5,37.5,2561
-126.5,48.5,197392
-126.5,49.5,244523
-125.5,-34.5,9394
-125.5,-33.5,102439
-125.5,-32.5,57680
-125.5,-31.5,95520
-125.5,-30.5,18605
-125.5,-29.5,15957
-125.5,-28.5,16229
-125.5,-21.5,29429
-125.5,-20.5,309862
-125.5,-19.5,673617
-125.5,-18.5,546411
-125.5,-17.5,711098
-125.5,-16.5,1117805
-125.5,-15.5,435742
-125.5,-14.5,370234
-125.5,-13.5,855545
-125.5,-12.5,1147225
-125.5,-11.5,1044701
-125.5,-10.5,919511
-125.5,-9.5,248335
-125.5,-8.5,374264
-125.5,-7.5,633341
-125.5,-6.5,745061
-125.5,-5.5,177331
-125.5,-4.5,28091
-125.5,-3.5,184443
-125.5,-2.5,160056
-125.5,-1.5,119309
-125.5,-0.5,133017
-125.5,0.5,102570
-125.5,1.5,40406
-125.5,2.5,71510
-125.5,3.5,11656
-125.5,4.5,59532
-125.5,5.5,238745
-125.5,6.5,297240
-125.5,7.5,231203
-125.5,8.5,124747
-125.5,9.5,287025
-125.5,10.5,178357
-125.5,11.5,150887
-125.5,12.5,108923
-125.5,13.5,26159
-125.5,14.5,18822
-125.5,15.5,138892
-125.5,16.5,119009
-125.5,31.5,326
-125.5,32.5,2744
-125.5,33.5,4999
-125.5,34.5,1490
-125.5,48.5,1736633
-124.5,-34.5,42316
-124.5,-33.5,237176
-124.5,-32.5,99521
-124.5,-31.5,118698
-124.5,-30.5,16726
-124.5,-29.5,21253
-124.5,-28.5,8294
-124.5,-21.5,37071
-124.5,-20.5,284316
-124.5,-19.5,462138
-124.5,-18.5,1006428
-124.5,-17.5,830808
-124.5,-16.5,1122784
-124.5,-15.5,629555
-124.5,-14.5,686571
-124.5,-13.5,1038698
-124.5,-12.5,815717
-124.5,-11.5,702770
-124.5,-10.5,557934
-124.5,-9.5,293276
-124.5,-8.5,310973
-124.5,-7.5,469218
-124.5,-6.5,518201
-124.5,-5.5,204310
-124.5,-4.5,122453
-124.5,-3.5,187157
-124.5,-2.5,62126
-124.5,-1.5,73045
-124.5,-0.5,133968
-124.5,0.5,95169
-124.5,1.5,69956
-124.5,2.5,95034
-124.5,3.5,33896
-124.5,4.5,34624
-124.5,5.5,101650
-124.5,6.5,193707
-124.5,7.5,154330
-124.5,8.5,86348
-124.5,9.5,314314
-124.5,10.5,288080
-124.5,11.5,157033
-124.5,12.5,97053
-124.5,13.5,32384
-124.5,14.5,38600
-124.5,15.5,74168
-124.5,16.5,78086
-124.5,17.5,11129
-124.5,30.5,694
-124.5,37.5,7347
-123.5,-33.5,71075
-123.5,-32.5,92595
-123.5,-31.5,67369
-123.5,-30.5,21466
-123.5,-29.5,4383
-123.5,-28.5,836
-123.5,-21.5,6730
-123.5,-20.5,300145
-123.5,-19.5,628226
-123.5,-18.5,732883
-123.5,-17.5,823539
-123.5,-16.5,892992
-123.5,-15.5,913574
-123.5,-14.5,722804
-123.5,-13.5,475365
-123.5,-12.5,905151
-123.5,-11.5,329321
-123.5,-10.5,439617
-123.5,-9.5,325792
-123.5,-8.5,353422
-123.5,-7.5,728307
-123.5,-6.5,765979
-123.5,-5.5,284327
-123.5,-4.5,35398
-123.5,-3.5,88956
-123.5,-2.5,45835
-123.5,-1.5,129830
-123.5,-0.5,250054
-123.5,0.5,113255
-123.5,1.5,33226
-123.5,2.5,84645
-123.5,3.5,63961
-123.5,4.5,49226
-123.5,5.5,103374
-123.5,6.5,88495
-123.5,7.5,79509
-123.5,8.5,72026
-123.5,9.5,138524
-123.5,10.5,289354
-123.5,11.5,170466
-123.5,12.5,79072
-123.5,13.5,23316
-123.5,14.5,43332
-123.5,15.5,46465
-123.5,16.5,36976
-123.5,31.5,599
-123.5,33.5,1470
-123.5,35.5,2148
-123.5,36.5,2931
-123.5,37.5,8888
-123.5,48.5,17092
-122.5,-32.5,10756
-122.5,-31.5,22998
-122.5,-30.5,50214
-122.5,-29.5,30499
-122.5,-21.5,18668
-122.5,-20.5,490703
-122.5,-19.5,702505
-122.5,-18.5,632845
-122.5,-17.5,805752
-122.5,-16.5,837498
-122.5,-15.5,791011
-122.5,-14.5,677408
-122.5,-13.5,589023
-122.5,-12.5,389913
-122.5,-11.5,434658
-122.5,-10.5,432903
-122.5,-9.5,414962
-122.5,-8.5,565710
-122.5,-7.5,563787
-122.5,-6.5,409513
-122.5,-5.5,215264
-122.5,-4.5,15607
-122.5,-3.5,19716
-122.5,-2.5,57874
-122.5,-1.5,146292
-122.5,-0.5,298518
-122.5,0.5,146641
-122.5,1.5,71981
-122.5,2.5,50851
-122.5,3.5,108014
-122.5,4.5,66608
-122.5,5.5,97627
-122.5,6.5,100512
-122.5,7.5,121081
-122.5,8.5,160784
-122.5,9.5,153296
-122.5,10.5,401339
-122.5,11.5,301615
-122.5,12.5,164491
-122.5,13.5,12435
-122.5,14.5,28018
-122.5,15.5,29578
-122.5,16.5,23949
-122.5,37.5,53513
-121.5,-31.5,23889
-121.5,-30.5,46734
-121.5,-29.5,29190
-121.5,-28.5,30439
-121.5,-26.5,3106
-121.5,-21.5,40972
-121.5,-20.5,233324
-121.5,-19.5,945823
-121.5,-18.5,644438
-121.5,-17.5,620883
-121.5,-16.5,474248
-121.5,-15.5,565210
-121.5,-14.5,451073
-121.5,-13.5,246485
-121.5,-12.5,480196
-121.5,-11.5,511119
-121.5,-10.5,417367
-121.5,-9.5,220455
-121.5,-8.5,331727
-121.5,-7.5,520123
-121.5,-6.5,554126
-121.5,-5.5,44124
-121.5,-4.5,721
-121.5,-3.5,65830
-121.5,-2.5,142159
-121.5,-1.5,223147
-121.5,-0.5,387533
-121.5,0.5,162140
-121.5,1.5,21108
-121.5,2.5,80775
-121.5,3.5,108730
-121.5,4.5,46682
-121.5,5.5,138474
-121.5,6.5,123601
-121.5,7.5,150476
-121.5,8.5,137346
-121.5,9.5,222510
-121.5,10.5,527414
-121.5,11.5,335444
-121.5,12.5,145563
-121.5,13.5,57076
-121.5,14.5,46178
-121.5,16.5,15257
-121.5,28.5,1515
-121.5,29.5,1683
-121.5,31.5,192
-121.5,32.5,346
-120.5,-37.5,4769
-120.5,-31.5,16468
-120.5,-30.5,5120
-120.5,-28.5,56738
-120.5,-27.5,25338
-120.5,-22.5,6033
-120.5,-21.5,33070
-120.5,-20.5,258140
-120.5,-19.5,993263
-120.5,-18.5,897096
-120.5,-17.5,714493
-120.5,-16.5,486055
-120.5,-15.5,988270
-120.5,-14.5,355920
-120.5,-13.5,327168
-120.5,-12.5,364558
-120.5,-11.5,600503
-120.5,-10.5,962706
-120.5,-9.5,485458
-120.5,-8.5,377017
-120.5,-7.5,378623
-120.5,-6.5,420025
-120.5,-5.5,2035
-120.5,-4.5,3178
-120.5,-3.5,76832
-120.5,-2.5,50741
-120.5,-1.5,174246
-120.5,-0.5,345205
-120.5,0.5,180107
-120.5,1.5,52469
-120.5,2.5,76814
-120.5,3.5,95379
-120.5,4.5,282650
-120.5,5.5,612979
-120.5,6.5,210317
-120.5,7.5,127483
-120.5,8.5,104507
-120.5,9.5,161765
-120.5,10.5,415135
-120.5,11.5,300165
-120.5,12.5,120376
-120.5,13.5,26963
-120.5,14.5,7661
-120.5,15.5,6042
-120.5,33.5,391
-119.5,-33.5,22631
-119.5,-31.5,2908
-119.5,-30.5,1452
-119.5,-29.5,7922
-119.5,-28.5,4244
-119.5,-27.5,31323
-119.5,-24.5,13775
-119.5,-22.5,31109
-119.5,-21.5,19908
-119.5,-20.5,450506
-119.5,-19.5,562027
-119.5,-18.5,688864
-119.5,-17.5,559592
-119.5,-16.5,369565
-119.5,-15.5,665242
-119.5,-14.5,315116
-119.5,-13.5,291272
-119.5,-12.5,307622
-119.5,-11.5,455989
-119.5,-10.5,722695
-119.5,-9.5,373461
-119.5,-8.5,383047
-119.5,-7.5,335697
-119.5,-6.5,226498
-119.5,-5.5,3915
-119.5,-4.5,11344
-119.5,-3.5,124900
-119.5,-2.5,81755
-119.5,-1.5,253599
-119.5,-0.5,308917
-119.5,0.5,130983
-119.5,1.5,43143
-119.5,2.5,30745
-119.5,3.5,54200
-119.5,4.5,204820
-119.5,5.5,242185
-119.5,6.5,87134
-119.5,7.5,95274
-119.5,8.5,114920
-119.5,9.5,181658
-119.5,10.5,347205
-119.5,11.5,437861
-119.5,12.5,96645
-119.5,13.5,22746
-119.5,14.5,135
-119.5,15.5,7737
-119.5,16.5,1759
-119.5,33.5,210
-118.5,-31.5,14672
-118.5,-29.5,2964
-118.5,-28.5,9532
-118.5,-27.5,2432
-118.5,-24.5,2367
-118.5,-23.5,9720
-118.5,-22.5,18106
-118.5,-21.5,26200
-118.5,-20.5,437989
-118.5,-19.5,834031
-118.5,-18.5,714374
-118.5,-17.5,263664
-118.5,-16.5,329335
-118.5,-15.5,395229
-118.5,-14.5,171246
-118.5,-13.5,113781
-118.5,-12.5,178617
-118.5,-11.5,250007
-118.5,-10.5,178184
-118.5,-9.5,66773
-118.5,-8.5,225750
-118.5,-7.5,441482
-118.5,-6.5,258727
-118.5,-5.5,37968
-118.5,-4.5,11184
-118.5,-3.5,17927
-118.5,-2.5,11546
-118.5,-1.5,73503
-118.5,-0.5,249271
-118.5,0.5,102389
-118.5,1.5,28369
-118.5,2.5,22724
-118.5,3.5,65744
-118.5,4.5,123108
-118.5,5.5,139484
-118.5,6.5,80014
-118.5,7.5,96799
-118.5,8.5,93774
-118.5,9.5,176009
-118.5,10.5,364309
-118.5,11.5,317767
-118.5,12.5,152480
-118.5,13.5,14893
-118.5,14.5,9956
-118.5,33.5,15097
-117.5,-34.5,8046
-117.5,-32.5,28462
-117.5,-31.5,91101
-117.5,-30.5,6769
-117.5,-29.5,536
-117.5,-26.5,15847
-117.5,-25.5,5045
-117.5,-24.5,9682
-117.5,-23.5,114896
-117.5,-22.5,8504
-117.5,-21.5,19724
-117.5,-20.5,467616
-117.5,-19.5,794048
-117.5,-18.5,524707
-117.5,-17.5,257520
-117.5,-16.5,368938
-117.5,-15.5,446202
-117.5,-14.5,283365
-117.5,-13.5,162350
-117.5,-12.5,114294
-117.5,-11.5,285040
-117.5,-10.5,168491
-117.5,-9.5,254175
-117.5,-8.5,151487
-117.5,-7.5,196388
-117.5,-6.5,186183
-117.5,-5.5,60188
-117.5,-4.5,9378
-117.5,-3.5,54418
-117.5,-2.5,44571
-117.5,-1.5,78275
-117.5,-0.5,122100
-117.5,0.5,85347
-117.5,1.5,15227
-117.5,2.5,60316
-117.5,3.5,51493
-117.5,4.5,134610
-117.5,5.5,232267
-117.5,6.5,92991
-117.5,7.5,117942
-117.5,8.5,129330
-117.5,9.5,161812
-117.5,10.5,307704
-117.5,11.5,245671
-117.5,12.5,195351
-117.5,13.5,47819
-117.5,14.5,17268
-117.5,32.5,1990
-117.5,33.5,26674
-116.5,-34.5,407
-116.5,-32.5,40777
-116.5,-31.5,107883
-116.5,-30.5,2648
-116.5,-28.5,2068
-116.5,-27.5,2855
-116.5,-26.5,25252
-116.5,-25.5,28025
-116.5,-24.5,11682
-116.5,-23.5,7336
-116.5,-22.5,120
-116.5,-21.5,17102
-116.5,-20.5,294261
-116.5,-19.5,713983
-116.5,-18.5,872639
-116.5,-17.5,250701
-116.5,-16.5,246071
-116.5,-15.5,506566
-116.5,-14.5,387178
-116.5,-13.5,164225
-116.5,-12.5,205119
-116.5,-11.5,223439
-116.5,-10.5,105145
-116.5,-9.5,406863
-116.5,-8.5,158917
-116.5,-7.5,136352
-116.5,-6.5,134201
-116.5,-5.5,53759
-116.5,-4.5,457
-116.5,-3.5,30654
-116.5,-2.5,17647
-116.5,-1.5,63428
-116.5,-0.5,122823
-116.5,0.5,82724
-116.5,1.5,31500
-116.5,2.5,38708
-116.5,3.5,85504
-116.5,4.5,325876
-116.5,5.5,456314
-116.5,6.5,138374
-116.5,7.5,116199
-116.5,8.5,259913
-116.5,9.5,201398
-116.5,10.5,249907
-116.5,11.5,255500
-116.5,12.5,312022
-116.5,13.5,128031
-116.5,14.5,534
-116.5,15.5,2539
-116.5,31.5,483
-115.5,-33.5,6011
-115.5,-32.5,12212
-115.5,-31.5,23871
-115.5,-30.5,10065
-115.5,-29.5,12459
-115.5,-28.5,21052
-115.5,-27.5,13890
-115.5,-26.5,469
-115.5,-24.5,4467
-115.5,-22.5,8080
-115.5,-21.5,76304
-115.5,-20.5,112657
-115.5,-19.5,358709
-115.5,-18.5,407648
-115.5,-17.5,278365
-115.5,-16.5,413076
-115.5,-15.5,541646
-115.5,-14.5,153905
-115.5,-13.5,172810
-115.5,-12.5,114772
-115.5,-11.5,282399
-115.5,-10.5,280258
-115.5,-9.5,296403
-115.5,-8.5,123891
-115.5,-7.5,37491
-115.5,-6.5,145411
-115.5,-5.5,29729
-115.5,-4.5,5747
-115.5,-3.5,252338
-115.5,-2.5,365898
-115.5,-1.5,284763
-115.5,-0.5,73365
-115.5,0.5,10796
-115.5,1.5,32601
-115.5,2.5,78638
-115.5,3.5,131992
-115.5,4.5,221312
-115.5,5.5,516790
-115.5,6.5,215333
-115.5,7.5,173651
-115.5,8.5,143674
-115.5,9.5,201069
-115.5,10.5,375529
-115.5,11.5,223704
-115.5,12.5,140031
-115.5,13.5,83947
-115.5,14.5,2098
-114.5,-33.5,462
-114.5,-32.5,9401
-114.5,-31.5,200858
-114.5,-30.5,57526
-114.5,-29.5,13771
-114.5,-28.5,83427
-114.5,-26.5,46
-114.5,-25.5,1655
-114.5,-24.5,1219
-114.5,-21.5,12718
-114.5,-20.5,104002
-114.5,-19.5,311650
-114.5,-18.5,404840
-114.5,-17.5,502559
-114.5,-16.5,804230
-114.5,-15.5,277759
-114.5,-14.5,88446
-114.5,-13.5,154952
-114.5,-12.5,105849
-114.5,-11.5,186181
-114.5,-10.5,370828
-114.5,-9.5,164578
-114.5,-8.5,21852
-114.5,-7.5,39734
-114.5,-6.5,110794
-114.5,-5.5,28659
-114.5,-3.5,1199102
-114.5,-2.5,9644780
-114.5,-1.5,583201
-114.5,-0.5,93768
-114.5,0.5,35024
-114.5,1.5,482638
-114.5,2.5,53466
-114.5,3.5,99077
-114.5,4.5,272510
-114.5,5.5,698873
-114.5,6.5,136212
-114.5,7.5,64359
-114.5,8.5,96692
-114.5,9.5,231125
-114.5,10.5,345224
-114.5,11.5,202111
-114.5,12.5,184860
-114.5,13.5,33665
-114.5,14.5,18457
-113.5,-32.5,52904
-113.5,-31.5,89840
-113.5,-30.5,217588
-113.5,-29.5,53518
-113.5,-28.5,31949
-113.5,-27.5,24129
-113.5,-22.5,38434
-113.5,-21.5,26243
-113.5,-20.5,181832
-113.5,-19.5,552985
-113.5,-18.5,620307
-113.5,-17.5,249940
-113.5,-16.5,192968
-113.5,-15.5,194758
-113.5,-14.5,10809
-113.5,-13.5,165110
-113.5,-12.5,139536
-113.5,-11.5,233142
-113.5,-10.5,785254
-113.5,-9.5,118387
-113.5,-8.5,117453
-113.5,-7.5,34921
-113.5,-6.5,102075
-113.5,-5.5,50190
-113.5,-3.5,149465
-113.5,-2.5,13458139
-113.5,-1.5,1910149
-113.5,-0.5,118913
-113.5,0.5,1225439
-113.5,1.5,3939421
-113.5,2.5,70720
-113.5,3.5,83391
-113.5,4.5,108793
-113.5,5.5,147852
-113.5,6.5,123792
-113.5,7.5,29298
-113.5,8.5,34804
-113.5,9.5,93930
-113.5,10.5,150764
-113.5,11.5,174716
-113.5,12.5,93211
-113.5,13.5,8416
-113.5,14.5,12318
-112.5,-34.5,1135
-112.5,-32.5,5083
-112.5,-31.5,28138
-112.5,-30.5,67431
-112.5,-29.5,43760
-112.5,-22.5,2492
-112.5,-21.5,51154
-112.5,-20.5,408938
-112.5,-19.5,344740
-112.5,-18.5,468569
-112.5,-17.5,611240
-112.5,-16.5,172382
-112.5,-15.5,72180
-112.5,-14.5,36922
-112.5,-13.5,78617
-112.5,-12.5,69657
-112.5,-11.5,352103
-112.5,-10.5,665350
-112.5,-9.5,367510
-112.5,-8.5,195296
-112.5,-7.5,38402
-112.5,-6.5,98635
-112.5,-5.5,20096
-112.5,-4.5,39337
-112.5,-3.5,2716925
-112.5,-2.5,11724450
-112.5,-1.5,694702
-112.5,-0.5,261647
-112.5,0.5,5330446
-112.5,1.5,6474654
-112.5,2.5,381547
-112.5,3.5,73383
-112.5,4.5,92643
-112.5,5.5,179639
-112.5,6.5,117714
-112.5,7.5,74881
-112.5,8.5,8275
-112.5,9.5,11300
-112.5,10.5,2672
-112.5,11.5,17487
-112.5,12.5,52612
-112.5,13.5,55806
-112.5,14.5,63751
-112.5,15.5,2365
-111.5,-34.5,308
-111.5,-31.5,4763
-111.5,-30.5,9649
-111.5,-29.5,5000
-111.5,-21.5,110820
-111.5,-20.5,361081
-111.5,-19.5,237232
-111.5,-18.5,71962
-111.5,-17.5,254209
-111.5,-16.5,426154
-111.5,-15.5,90200
-111.5,-14.5,81078
-111.5,-13.5,226805
-111.5,-12.5,161356
-111.5,-11.5,523089
-111.5,-10.5,851320
-111.5,-9.5,453506
-111.5,-8.5,93789
-111.5,-7.5,47398
-111.5,-6.5,71028
-111.5,-4.5,45961
-111.5,-3.5,4214293
-111.5,-2.5,8934303
-111.5,-1.5,445207
-111.5,-0.5,177887
-111.5,0.5,3813079
-111.5,1.5,8975114
-111.5,2.5,219797
-111.5,3.5,55129
-111.5,4.5,44249
-111.5,5.5,122368
-111.5,6.5,97182
-111.5,7.5,26527
-111.5,13.5,55040
-111.5,14.5,125340
-111.5,16.5,5274
-110.5,-31.5,380
-110.5,-30.5,66790
-110.5,-21.5,121142
-110.5,-20.5,420834
-110.5,-19.5,252644
-110.5,-18.5,134053
-110.5,-17.5,253647
-110.5,-16.5,310004
-110.5,-15.5,49275
-110.5,-14.5,49185
-110.5,-13.5,21004
-110.5,-12.5,286822
-110.5,-11.5,589852
-110.5,-10.5,440993
-110.5,-9.5,246379
-110.5,-8.5,69529
-110.5,-7.5,29922
-110.5,-6.5,6064
-110.5,-5.5,2656
-110.5,-4.5,16622
-110.5,-3.5,136371
-110.5,-2.5,226446
-110.5,-1.5,192310
-110.5,-0.5,40560
-110.5,0.5,2200645
-110.5,1.5,6224112
-110.5,2.5,41353
-110.5,3.5,34405
-110.5,4.5,26222
-110.5,5.5,64924
-110.5,6.5,43205
-110.5,14.5,197303
-109.5,-32.5,1125
-109.5,-31.5,22395
-109.5,-30.5,68280
-109.5,-21.5,185910
-109.5,-20.5,863937
-109.5,-19.5,95457
-109.5,-18.5,46417
-109.5,-17.5,204740
-109.5,-16.5,556941
-109.5,-15.5,36502
-109.5,-13.5,24473
-109.5,-12.5,92466
-109.5,-11.5,197879
-109.5,-10.5,136871
-109.5,-9.5,289901
-109.5,-8.5,39765
-109.5,-7.5,2116
-109.5,-4.5,58644
-109.5,-3.5,91867
-109.5,-2.5,90269
-109.5,-1.5,96193
-109.5,-0.5,45504
-109.5,0.5,4878260
-109.5,1.5,382901
-109.5,2.5,45809
-109.5,3.5,27991
-109.5,4.5,77213
-109.5,5.5,34577
-109.5,6.5,24346
-109.5,14.5,304771
-109.5,15.5,6602
-108.5,-34.5,2918
-108.5,-32.5,19199
-108.5,-31.5,72194
-108.5,-30.5,74617
-108.5,-29.5,8614
-108.5,-21.5,75708
-108.5,-20.5,623467
-108.5,-19.5,247440
-108.5,-18.5,59895
-108.5,-17.5,181900
-108.5,-16.5,153144
-108.5,-15.5,61764
-108.5,-14.5,36070
-108.5,-13.5,204904
-108.5,-12.5,152961
-108.5,-11.5,404040
-108.5,-10.5,140176
-108.5,-9.5,103386
-108.5,-8.5,69602
-108.5,-4.5,5079
-108.5,-3.5,80159
-108.5,-2.5,196821
-108.5,-1.5,108349
-108.5,-0.5,51956
-108.5,0.5,3679216
-108.5,1.5,163116
-108.5,2.5,25811
-108.5,3.5,152890
-108.5,4.5,110046
-108.5,5.5,53549
-108.5,6.5,17805
-108.5,13.5,3911
-108.5,14.5,73319
-108.5,15.5,36753
-107.5,-32.5,11419
-107.5,-31.5,54276
-107.5,-30.5,32816
-107.5,-21.5,23188
-107.5,-20.5,858794
-107.5,-19.5,458789
-107.5,-18.5,69279
-107.5,-17.5,182617
-107.5,-16.5,197181
-107.5,-15.5,75561
-107.5,-14.5,26418
-107.5,-13.5,95909
-107.5,-12.5,58802
-107.5,-11.5,168773
-107.5,-10.5,91214
-107.5,-8.5,13837
-107.5,-3.5,82015
-107.5,-2.5,223601
-107.5,-1.5,1334178
-107.5,-0.5,28022
-107.5,0.5,1257591
-107.5,1.5,2680696
-107.5,2.5,42370
-107.5,3.5,73689
-107.5,4.5,98654
-107.5,5.5,109826
-107.5,6.5,78643
-107.5,7.5,16603
-107.5,13.5,11421
-107.5,14.5,81064
-107.5,15.5,14478
-106.5,-33.5,5950
-106.5,-31.5,1047
-106.5,-30.5,45669
-106.5,-29.5,2011
-106.5,-21.5,58383
-106.5,-20.5,300601
-106.5,-19.5,325642
-106.5,-18.5,137583
-106.5,-17.5,90149
-106.5,-16.5,118917
-106.5,-15.5,60689
-106.5,-14.5,15945
-106.5,-13.5,154265
-106.5,-12.5,86259
-106.5,-11.5,350218
-106.5,-10.5,151072
-106.5,-9.5,8613
-106.5,-6.5,5398
-106.5,-4.5,17073
-106.5,-3.5,133822
-106.5,-2.5,2240312
-106.5,-1.5,1034482
-106.5,-0.5,99638
-106.5,0.5,2552467
-106.5,1.5,1335506
-106.5,2.5,48478
-106.5,3.5,42517
-106.5,4.5,45324
-106.5,5.5,47084
-106.5,6.5,16605
-106.5,7.5,12495
-106.5,11.5,7423
-106.5,12.5,2841
-106.5,13.5,31058
-106.5,14.5,57751
-105.5,-34.5,11867
-105.5,-33.5,656
-105.5,-30.5,132091
-105.5,-29.5,5761
-105.5,-21.5,12301
-105.5,-20.5,211914
-105.5,-19.5,61990
-105.5,-18.5,58106
-105.5,-17.5,160976
-105.5,-16.5,49317
-105.5,-15.5,39610
-105.5,-14.5,15621
-105.5,-13.5,107644
-105.5,-12.5,203519
-105.5,-11.5,140123
-105.5,-10.5,80486
-105.5,-9.5,6949
-105.5,-6.5,21631
-105.5,-5.5,8677
-105.5,-4.5,35766
-105.5,-3.5,285680
-105.5,-2.5,2278260
-105.5,-1.5,1138227
-105.5,-0.5,45267
-105.5,0.5,4174712
-105.5,1.5,653749
-105.5,2.5,70612
-105.5,3.5,81129
-105.5,4.5,47611
-105.5,5.5,6670
-105.5,6.5,63576
-105.5,7.5,58718
-105.5,8.5,12260
-105.5,9.5,31649
-105.5,10.5,38064
-105.5,11.5,53119
-105.5,12.5,51966
-105.5,13.5,105078
-105.5,14.5,15831
-104.5,-30.5,47675
-104.5,-29.5,7319
-104.5,-22.5,13522
-104.5,-21.5,256498
-104.5,-20.5,197362
-104.5,-19.5,38081
-104.5,-18.5,44421
-104.5,-17.5,237657
-104.5,-16.5,100285
-104.5,-15.5,56993
-104.5,-14.5,72705
-104.5,-13.5,27236
-104.5,-12.5,54697
-104.5,-11.5,87355
-104.5,-10.5,43967
-104.5,-4.5,41280
-104.5,-3.5,80434
-104.5,-2.5,9014420
-104.5,-1.5,4367492
-104.5,-0.5,354554
-104.5,0.5,832186
-104.5,1.5,214365
-104.5,2.5,98564
-104.5,3.5,68664
-104.5,4.5,43542
-104.5,5.5,33345
-104.5,6.5,57658
-104.5,7.5,60974
-104.5,8.5,99191
-104.5,9.5,78264
-104.5,10.5,41478
-104.5,11.5,106973
-104.5,12.5,52183
-104.5,13.5,33841
-103.5,-31.5,3824
-103.5,-30.5,15881
-103.5,-29.5,45595
-103.5,-22.5,139694
-103.5,-21.5,448785
-103.5,-20.5,376380
-103.5,-19.5,76767
-103.5,-18.5,119327
-103.5,-17.5,133841
-103.5,-16.5,101504
-103.5,-15.5,24353
-103.5,-14.5,28452
-103.5,-13.5,38465
-103.5,-12.5,117731
-103.5,-11.5,62623
-103.5,-10.5,24273
-103.5,-7.5,1266
-103.5,-4.5,13211
-103.5,-3.5,16154
-103.5,-2.5,7956000
-103.5,-1.5,5644860
-103.5,-0.5,257520
-103.5,0.5,345912
-103.5,1.5,133809
-103.5,2.5,93207
-103.5,3.5,96210
-103.5,4.5,165851
-103.5,5.5,71042
-103.5,6.5,75863
-103.5,7.5,38491
-103.5,8.5,51559
-103.5,9.5,35091
-103.5,10.5,51836
-103.5,11.5,90222
-103.5,12.5,54883
-103.5,13.5,86326
-102.5,-30.5,27921
-102.5,-29.5,65590
-102.5,-23.5,1890
-102.5,-22.5,146916
-102.5,-21.5,164617
-102.5,-20.5,118462
-102.5,-19.5,25493
-102.5,-18.5,71903
-102.5,-17.5,125343
-102.5,-16.5,96123
-102.5,-15.5,9742
-102.5,-14.5,14419
-102.5,-13.5,13748
-102.5,-12.5,81930
-102.5,-11.5,5453
-102.5,-10.5,96332
-102.5,-9.5,23294
-102.5,-4.5,10649
-102.5,-3.5,99039
-102.5,-2.5,6627147
-102.5,-1.5,3857296
-102.5,-0.5,1964261
-102.5,0.5,118560
-102.5,1.5,67096
-102.5,2.5,30160
-102.5,3.5,126168
-102.5,4.5,96888
-102.5,5.5,87253
-102.5,6.5,34230
-102.5,7.5,30002
-102.5,8.5,32120
-102.5,9.5,16224
-102.5,10.5,74355
-102.5,11.5,118674
-102.5,12.5,124392
-102.5,13.5,30112
-101.5,-30.5,33649
-101.5,-29.5,116132
-101.5,-28.5,32299
-101.5,-23.5,111072
-101.5,-22.5,149069
-101.5,-21.5,132425
-101.5,-20.5,141718
-101.5,-19.5,74563
-101.5,-18.5,77523
-101.5,-17.5,92197
-101.5,-16.5,64398
-101.5,-15.5,9450
-101.5,-14.5,20630
-101.5,-13.5,11010
-101.5,-12.5,29428
-101.5,-11.5,19209
-101.5,-10.5,29583
-101.5,-9.5,17806
-101.5,-8.5,722
-101.5,-3.5,69667
-101.5,-2.5,3731281
-101.5,-1.5,3385208
-101.5,-0.5,1791239
-101.5,0.5,40076
-101.5,1.5,13954
-101.5,2.5,19089
-101.5,3.5,108595
-101.5,4.5,150006
-101.5,5.5,53404
-101.5,6.5,11742
-101.5,7.5,29839
-101.5,8.5,49644
-101.5,9.5,9547
-101.5,10.5,83983
-101.5,11.5,114367
-101.5,12.5,203035
-101.5,13.5,25428
-100.5,-29.5,217222
-100.5,-28.5,64493
-100.5,-24.5,8636
-100.5,-23.5,166235
-100.5,-22.5,164488
-100.5,-21.5,157637
-100.5,-20.5,387524
-100.5,-19.5,197329
-100.5,-18.5,76555
-100.5,-17.5,106024
-100.5,-16.5,16982
-100.5,-15.5,44116
-100.5,-14.5,25525
-100.5,-13.5,65758
-100.5,-12.5,74194
-100.5,-11.5,49187
-100.5,-10.5,66006
-100.5,-9.5,55706
-100.5,-3.5,78565
-100.5,-2.5,5205244
-100.5,-1.5,4309024
-100.5,-0.5,260402
-100.5,0.5,2726
-100.5,2.5,111177
-100.5,3.5,206893
-100.5,4.5,164323
-100.5,5.5,30083
-100.5,6.5,39902
-100.5,7.5,20687
-100.5,8.5,34622
-100.5,9.5,7357
-100.5,10.5,35725
-100.5,11.5,43361
-100.5,12.5,23618
-99.5,-30.5,25430
-99.5,-29.5,141133
-99.5,-28.5,9390
-99.5,-27.5,1715
-99.5,-26.5,6370
-99.5,-24.5,7353
-99.5,-23.5,7290
-99.5,-22.5,101519
-99.5,-21.5,217736
-99.5,-20.5,255418
-99.5,-19.5,114521
-99.5,-18.5,30619
-99.5,-17.5,1856
-99.5,-16.5,55582
-99.5,-15.5,48354
-99.5,-14.5,72130
-99.5,-13.5,124804
-99.5,-12.5,197588
-99.5,-11.5,33482
-99.5,-10.5,2235
-99.5,-4.5,20528
-99.5,-3.5,1905708
-99.5,-2.5,13946004
-99.5,-1.5,2019747
-99.5,-0.5,1369166
-99.5,2.5,4015
-99.5,3.5,166636
-99.5,4.5,20848
-99.5,5.5,37623
-99.5,6.5,13802
-99.5,7.5,2182
-99.5,8.5,979
-99.5,10.5,3837
-99.5,11.5,10635
-98.5,-36.5,188
-98.5,-29.5,54532
-98.5,-28.5,3572
-98.5,-27.5,7432
-98.5,-25.5,1452
-98.5,-24.5,7335
-98.5,-23.5,12060
-98.5,-22.5,25668
-98.5,-21.5,24541
-98.5,-20.5,92424
-98.5,-19.5,361131
-98.5,-18.5,131659
-98.5,-17.5,3153
-98.5,-16.5,12986
-98.5,-15.5,27200
-98.5,-14.5,47918
-98.5,-13.5,122361
-98.5,-12.5,384514
-98.5,-11.5,93890
-98.5,-10.5,5061
-98.5,-9.5,29394
-98.5,-8.5,14836
-98.5,-7.5,4250
-98.5,-4.5,250391
-98.5,-3.5,3088523
-98.5,-2.5,19920345
-98.5,-1.5,2179630
-98.5,-0.5,2357689
-98.5,0.5,1450578
-98.5,1.5,4115
-98.5,2.5,27262
-98.5,3.5,41056
-98.5,4.5,10925
-98.5,5.5,14852
-98.5,6.5,8470
-97.5,-33.5,163
-97.5,-29.5,40632
-97.5,-28.5,19683
-97.5,-21.5,55401
-97.5,-20.5,126008
-97.5,-19.5,208241
-97.5,-18.5,64827
-97.5,-17.5,30232
-97.5,-16.5,9773
-97.5,-15.5,27549
-97.5,-14.5,90667
-97.5,-13.5,128502
-97.5,-12.5,133203
-97.5,-11.5,8297
-97.5,-10.5,33810
-97.5,-9.5,75607
-97.5,-8.5,13679
-97.5,-5.5,69348
-97.5,-4.5,788860
-97.5,-3.5,3109376
-97.5,-2.5,13221065
-97.5,-1.5,4322919
-97.5,-0.5,925365
-97.5,0.5,838724
-97.5,2.5,7853
-97.5,4.5,21098
-97.5,5.5,24230
-97.5,8.5,4774
-96.5,-47.5,3493
-96.5,-31.5,2764
-96.5,-30.5,2357
-96.5,-29.5,22562
-96.5,-28.5,48415
-96.5,-27.5,68693
-96.5,-26.5,7597
-96.5,-21.5,17212
-96.5,-20.5,53783
-96.5,-19.5,146043
-96.5,-18.5,87880
-96.5,-17.5,1678
-96.5,-16.5,8108
-96.5,-15.5,48584
-96.5,-14.5,174373
-96.5,-13.5,61652
-96.5,-12.5,271992
-96.5,-11.5,182023
-96.5,-10.5,28252
-96.5,-9.5,6793
-96.5,-8.5,6498
-96.5,-7.5,1281
-96.5,-6.5,5783
-96.5,-5.5,428911
-96.5,-4.5,245281
-96.5,-3.5,388746
-96.5,-2.5,9332359
-96.5,-1.5,6895497
-96.5,-0.5,835684
-96.5,0.5,1098
-96.5,1.5,14221
-96.5,2.5,881
-96.5,4.5,6933
-96.5,5.5,7597
-96.5,7.5,12717
-95.5,-29.5,20514
-95.5,-28.5,62182
-95.5,-27.5,136158
-95.5,-26.5,13993
-95.5,-25.5,8226
-95.5,-24.5,83148
-95.5,-23.5,38455
-95.5,-22.5,49019
-95.5,-21.5,101515
-95.5,-20.5,9138
-95.5,-19.5,85720
-95.5,-18.5,121708
-95.5,-17.5,18595
-95.5,-16.5,20722
-95.5,-15.5,95116
-95.5,-14.5,181405
-95.5,-13.5,53360
-95.5,-12.5,293385
-95.5,-11.5,147043
-95.5,-10.5,8930
-95.5,-9.5,6985
-95.5,-7.5,18229
-95.5,-6.5,44963
-95.5,-5.5,980243
-95.5,-4.5,131664
-95.5,-3.5,732365
-95.5,-2.5,11520469
-95.5,-1.5,2394163
-95.5,-0.5,11869
-95.5,3.5,23363
-95.5,4.5,2808
-95.5,5.5,193
-95.5,7.5,71
-94.5,-28.5,44211
-94.5,-27.5,97444
-94.5,-26.5,548
-94.5,-25.5,10827
-94.5,-24.5,197288
-94.5,-23.5,177674
-94.5,-22.5,87673
-94.5,-21.5,66495
-94.5,-20.5,65515
-94.5,-19.5,88211
-94.5,-18.5,56206
-94.5,-17.5,36074
-94.5,-16.5,51670
-94.5,-15.5,100735
-94.5,-14.5,202526
-94.5,-13.5,68811
-94.5,-12.5,241765
-94.5,-11.5,131923
-94.5,-7.5,969
-94.5,-6.5,18221
-94.5,-5.5,21039
-94.5,-4.5,67700
-94.5,-3.5,450056
-94.5,-2.5,3603660
-94.5,2.5,6405
-94.5,3.5,104922
-94.5,6.5,1441
-94.5,8.5,460
-93.5,-28.5,2416
-93.5,-27.5,17450
-93.5,-24.5,35759
-93.5,-23.5,164609
-93.5,-22.5,26648
-93.5,-21.5,138019
-93.5,-20.5,35387
-93.5,-19.5,10294
-93.5,-18.5,22969
-93.5,-17.5,72197
-93.5,-16.5,49152
-93.5,-15.5,135895
-93.5,-14.5,310869
-93.5,-13.5,78193
-93.5,-12.5,180910
-93.5,-11.5,141413
-93.5,-10.5,6438
-93.5,-4.5,41639
-93.5,-3.5,11360
-93.5,0.5,5810
-93.5,2.5,12058
-93.5,3.5,48621
-92.5,-40.5,68194
-92.5,-24.5,45734
-92.5,-23.5,79907
-92.5,-22.5,5393
-92.5,-21.5,280159
-92.5,-20.5,350704
-92.5,-19.5,79156
-92.5,-18.5,34996
-92.5,-17.5,459661
-92.5,-16.5,125555
-92.5,-15.5,393406
-92.5,-14.5,879132
-92.5,-13.5,190624
-92.5,-12.5,33884
-92.5,-11.5,9012
-92.5,-10.5,11366
-92.5,-7.5,10607
-92.5,-5.5,4095
-92.5,-4.5,9003
-92.5,2.5,3709
-92.5,3.5,45871
-92.5,4.5,14591
-92.5,5.5,1564
-91.5,-40.5,190767
-91.5,-24.5,7588
-91.5,-23.5,29463
-91.5,-22.5,132734
-91.5,-21.5,203421
-91.5,-20.5,340936
-91.5,-19.5,389805
-91.5,-18.5,135805
-91.5,-17.5,277364
-91.5,-16.5,27673
-91.5,-15.5,429783
-91.5,-14.5,736867
-91.5,-13.5,190187
-91.5,-11.5,10844
-91.5,-10.5,4770
-91.5,-9.5,2369
-91.5,-8.5,5860
-91.5,-5.5,1332
-91.5,-4.5,34031
-91.5,3.5,3425
-91.5,4.5,8830
-91.5,5.5,1905
-90.5,-40.5,13062
-90.5,-24.5,1745
-90.5,-23.5,38887
-90.5,-22.5,101836
-90.5,-21.5,37841
-90.5,-20.5,90934
-90.5,-19.5,39215
-90.5,-18.5,40763
-90.5,-17.5,35686
-90.5,-16.5,92580
-90.5,-15.5,90131
-90.5,-14.5,80763
-90.5,-13.5,9680
-90.5,-12.5,366
-90.5,-11.5,5178
-90.5,-10.5,6235
-90.5,-9.5,52545
-90.5,-8.5,2211
-90.5,-6.5,3613
-90.5,-5.5,32027
-90.5,3.5,86356
-90.5,4.5,65062
-90.5,6.5,3693
-89.5,-40.5,23201
-89.5,-39.5,8191
-89.5,-22.5,41217
-89.5,-21.5,131264
-89.5,-20.5,173030
-89.5,-19.5,154433
-89.5,-18.5,625
-89.5,-17.5,23931
-89.5,-16.5,481764
-89.5,-15.5,220018
-89.5,-14.5,176647
-89.5,-13.5,2019
-89.5,-12.5,14048
-89.5,-10.5,12295
-89.5,-8.5,4635
-89.5,-7.5,6580
-89.5,-6.5,16841
-89.5,-5.5,6801
-89.5,6.5,9785
-88.5,-40.5,176766
-88.5,-21.5,31956
-88.5,-20.5,101521
-88.5,-19.5,99580
-88.5,-18.5,48339
-88.5,-17.5,292073
-88.5,-16.5,392283
-88.5,-15.5,43116
-88.5,-14.5,76946
-88.5,-13.5,2432
-88.5,-11.5,13740
-88.5,-10.5,26723
-88.5,-8.5,17196
-88.5,-7.5,9002
-88.5,-6.5,7586
-88.5,-5.5,4105
-88.5,12.5,19179
-88.5,13.5,6070
-87.5,-41.5,33155
-87.5,-40.5,172775
-87.5,-31.5,7096
-87.5,-30.5,6996
-87.5,-29.5,2701
-87.5,-25.5,24906
-87.5,-22.5,8466
-87.5,-21.5,17947
-87.5,-20.5,127324
-87.5,-19.5,22543
-87.5,-18.5,95367
-87.5,-17.5,194906
-87.5,-16.5,54583
-87.5,-15.5,12723
-87.5,-14.5,53130
-87.5,-13.5,17835
-87.5,-12.5,2064
-87.5,-11.5,49537
-87.5,-10.5,3636
-87.5,-6.5,30146
-87.5,-5.5,15454
-87.5,13.5,4983
-86.5,-41.5,81755
-86.5,-40.5,107441
-86.5,-31.5,12362
-86.5,-30.5,1312
-86.5,-29.5,24248
-86.5,-27.5,4367
-86.5,-26.5,5997
-86.5,-25.5,33131
-86.5,-23.5,1382
-86.5,-22.5,45454
-86.5,-21.5,108113
-86.5,-20.5,104042
-86.5,-19.5,169307
-86.5,-18.5,332166
-86.5,-17.5,68481
-86.5,-16.5,134086
-86.5,-15.5,16038
-86.5,-14.5,30397
-86.5,-7.5,10837
-86.5,-6.5,16874
-86.5,-5.5,41062
-86.5,-4.5,36554
-86.5,-3.5,47277
-86.5,6.5,2088
-85.5,-46.5,116076
-85.5,-45.5,947
-85.5,-41.5,160624
-85.5,-40.5,45347
-85.5,-36.5,6226
-85.5,-35.5,27878
-85.5,-34.5,26512
-85.5,-33.5,49471
-85.5,-32.5,22487
-85.5,-31.5,57694
-85.5,-30.5,17243
-85.5,-27.5,250053
-85.5,-26.5,99874
-85.5,-25.5,85223
-85.5,-24.5,8122
-85.5,-23.5,6417
-85.5,-21.5,139249
-85.5,-20.5,126230
-85.5,-19.5,6785
-85.5,-18.5,18769
-85.5,-17.5,161328
-85.5,-16.5,351129
-85.5,-15.5,3239
-85.5,-9.5,3857
-85.5,-7.5,87806
-85.5,-6.5,169792
-85.5,-5.5,94619
-85.5,-4.5,160101
-85.5,-2.5,14619
-84.5,-46.5,75643
-84.5,-45.5,152478
-84.5,-41.5,268088
-84.5,-40.5,17486
-84.5,-36.5,2508
-84.5,-35.5,16183
-84.5,-34.5,13233
-84.5,-33.5,29212
-84.5,-32.5,21698
-84.5,-31.5,171903
-84.5,-30.5,424748
-84.5,-29.5,77659
-84.5,-28.5,35315
-84.5,-27.5,130016
-84.5,-26.5,175916
-84.5,-25.5,119169
-84.5,-24.5,139667
-84.5,-23.5,23973
-84.5,-21.5,85168
-84.5,-20.5,533990
-84.5,-19.5,133842
-84.5,-18.5,86928
-84.5,-17.5,126857
-84.5,-16.5,187587
-84.5,-12.5,10683
-84.5,-10.5,21622
-84.5,-9.5,7906
-84.5,-8.5,49770
-84.5,-7.5,165774
-84.5,-6.5,140626
-84.5,78.5,21932
-83.5,-46.5,81141
-83.5,-45.5,531292
-83.5,-41.5,2661
-83.5,-38.5,9856
-83.5,-37.5,17514
-83.5,-31.5,30018
-83.5,-30.5,96264
-83.5,-29.5,189162
-83.5,-28.5,13921
-83.5,-27.5,54526
-83.5,-26.5,53180
-83.5,-25.5,3045
-83.5,-24.5,51195
-83.5,-23.5,8700
-83.5,-22.5,3767
-83.5,-21.5,54697
-83.5,-20.5,97992
-83.5,-19.5,239701
-83.5,-18.5,48801
-83.5,-17.5,5491
-83.5,-16.5,22946
-83.5,-15.5,7765
-83.5,-14.5,3135
-83.5,-13.5,9060
-83.5,-11.5,8951
-83.5,-10.5,24954
-83.5,-9.5,101693
-83.5,-8.5,64993
-82.5,-47.5,115310
-82.5,-46.5,1138218
-82.5,-45.5,846531
-82.5,-44.5,276006
-82.5,-43.5,2415
-82.5,-42.5,54757
-82.5,-41.5,534654
-82.5,-38.5,6689
-82.5,-30.5,168709
-82.5,-29.5,340210
-82.5,-28.5,1579
-82.5,-23.5,7138
-82.5,-22.5,80547
-82.5,-21.5,245504
-82.5,-20.5,240956
-82.5,-19.5,24585
-82.5,-18.5,2429
-82.5,-17.5,80269
-82.5,-16.5,947705
-82.5,-15.5,957374
-82.5,-14.5,225945
-82.5,-13.5,262001
-82.5,-12.5,149365
-82.5,-11.5,327778
-82.5,-10.5,325170
-82.5,-9.5,123964
-81.5,-47.5,87337
-81.5,-46.5,1465763
-81.5,-45.5,1446003
-81.5,-44.5,223919
-81.5,-43.5,338647
-81.5,-42.5,296484
-81.5,-41.5,881597
-81.5,-38.5,2871
-81.5,-37.5,9261
-81.5,-30.5,425450
-81.5,-29.5,499206
-81.5,-23.5,4254
-81.5,-22.5,269497
-81.5,-21.5,601465
-81.5,-20.5,63002
-81.5,-19.5,10300
-81.5,-18.5,1077884
-81.5,-17.5,2703894
-81.5,-16.5,3214836
-81.5,-15.5,3342129
-81.5,-14.5,385266
-81.5,-13.5,648125
-81.5,-12.5,435962
-81.5,-11.5,177785
-81.5,-10.5,53071
-81.5,5.5,4481
-80.5,-47.5,21525
-80.5,-46.5,743240
-80.5,-45.5,1378234
-80.5,-44.5,445198
-80.5,-43.5,1762255
-80.5,-42.5,1443352
-80.5,-41.5,511299
-80.5,-38.5,3655
-80.5,-30.5,879839
-80.5,-29.5,940427
-80.5,-22.5,311229
-80.5,-21.5,29350
-80.5,-20.5,153233
-80.5,-19.5,293079
-80.5,-18.5,13830043
-80.5,-17.5,3890447
-80.5,-16.5,4259612
-80.5,-15.5,1440769
-80.5,-14.5,284030
-80.5,-13.5,165110
-80.5,6.5,1782
-80.5,27.5,307
-79.5,-44.5,65637
-79.5,-43.5,1931528
-79.5,-42.5,2385290
-79.5,-41.5,131982
-79.5,-40.5,20412
-79.5,-38.5,5909
-79.5,-37.5,710828
-79.5,-30.5,85440
-79.5,-29.5,129169
-79.5,-22.5,251563
-79.5,-21.5,5788
-79.5,-20.5,156282
-79.5,-19.5,5415819
-79.5,-18.5,21002458
-79.5,-17.5,4351746
-79.5,-16.5,1285809
-79.5,-15.5,411382
-79.5,-14.5,6731
-79.5,8.5,14854
-79.5,9.5,5016
-79.5,10.5,6070
-79.5,30.5,248
-79.5,31.5,3035
-78.5,-41.5,537974
-78.5,-40.5,32065
-78.5,-39.5,183570
-78.5,-38.5,404161
-78.5,-37.5,2189907
-78.5,-30.5,11607
-78.5,-29.5,34398
-78.5,-22.5,192810
-78.5,-20.5,383554
-78.5,-19.5,6619815
-78.5,-18.5,18439480
-78.5,-17.5,3026439
-78.5,-16.5,104307
-78.5,-15.5,2310
-78.5,-14.5,4876
-78.5,-13.5,438
-78.5,-9.5,7923
-78.5,31.5,5005
-77.5,-55.5,19378
-77.5,-39.5,3073
-77.5,-37.5,4997
-77.5,-29.5,8314
-77.5,-24.5,135804
-77.5,-23.5,82395
-77.5,-22.5,8156
-77.5,-21.5,1196369
-77.5,-20.5,5187790
-77.5,-19.5,10780695
-77.5,-18.5,13790813
-77.5,-17.5,1063830
-77.5,-12.5,38002
-77.5,10.5,78093
-77.5,11.5,2948
-77.5,12.5,1182
-76.5,-49.5,16220
-76.5,-48.5,14855
-76.5,-44.5,22394
-76.5,-43.5,10565
-76.5,-38.5,1610
-76.5,-30.5,16161
-76.5,-29.5,44656
-76.5,-28.5,104912
-76.5,-27.5,4342
-76.5,-25.5,46614
-76.5,-24.5,1808438
-76.5,-23.5,663968
-76.5,-22.5,178043
-76.5,-21.5,1361247
-76.5,-20.5,2639959
-76.5,-19.5,670242
-76.5,-18.5,599749
-76.5,9.5,7337
-76.5,10.5,303662
-76.5,11.5,139255
-76.5,12.5,2881
-75.5,-52.5,6540
-75.5,-51.5,40122
-75.5,-49.5,2376
-75.5,-48.5,93864
-75.5,-47.5,14756
-75.5,-46.5,274864
-75.5,-45.5,1444699
-75.5,-44.5,2377693
-75.5,-43.5,6456
-75.5,-33.5,19761
-75.5,-29.5,10615
-75.5,-28.5,41479
-75.5,-27.5,21415
-75.5,-26.5,185704
-75.5,-25.5,135222
-75.5,-24.5,760599
-75.5,-23.5,244655
-75.5,-22.5,10650
-75.5,-21.5,8821
-75.5,-20.5,241715
-75.5,-19.5,1530089
-75.5,10.5,39212
-75.5,11.5,4183
-74.5,-53.5,7013
-74.5,-45.5,7597
-74.5,-44.5,17528
-74.5,-25.5,36936
-74.5,-20.5,281431
-74.5,-19.5,110770
-73.5,-54.5,3113
-73.5,-45.5,4790
-73.5,-36.5,9631
-72.5,-55.5,2644
-72.5,-45.5,417
-72.5,12.5,917
-72.5,13.5,1140
-71.5,-55.5,56543
-71.5,31.5,19977
-71.5,75.5,8542
-70.5,-56.5,1459
-70.5,-55.5,207562
-70.5,-54.5,1508
-70.5,-53.5,136661
-70.5,-52.5,5461
-70.5,27.5,29170
-70.5,31.5,4671
-70.5,33.5,8953
-70.5,34.5,11813
-69.5,-56.5,6364
-69.5,-52.5,11451
-69.5,24.5,27029
-69.5,27.5,17751
-69.5,28.5,2935
-69.5,29.5,1455
-69.5,30.5,5970
-69.5,31.5,12289
-69.5,32.5,11124
-69.5,33.5,108989
-69.5,34.5,50824
-68.5,-56.5,18184
-68.5,-52.5,2701
-68.5,-51.5,18222
-68.5,24.5,3574
-68.5,25.5,6676
-67.5,-56.5,16881
-67.5,-55.5,38076
-67.5,-52.5,6377
-67.5,25.5,8886
-67.5,26.5,16094
-67.5,35.5,7094
-67.5,36.5,10846
-66.5,-56.5,158653
-66.5,-55.5,216647
-66.5,-52.5,9132
-66.5,-51.5,4881
-66.5,-50.5,1205
-66.5,19.5,4843
-66.5,27.5,347
-66.5,35.5,13014
-66.5,36.5,9927
-66.5,37.5,3811
-65.5,-55.5,63384
-65.5,-52.5,30153
-65.5,-50.5,4332
-65.5,-49.5,1578
-65.5,27.5,3273
-65.5,35.5,1609
-64.5,-52.5,16851
-64.5,-50.5,2622
-64.5,22.5,676
-64.5,36.5,9483
-63.5,-55.5,19378
-63.5,-52.5,593165
-63.5,-51.5,2272020
-63.5,-50.5,6935
-63.5,-48.5,1666
-63.5,22.5,17565
-63.5,36.5,33076
-63.5,37.5,24294
-62.5,-53.5,7445
-62.5,-52.5,557546
-62.5,-51.5,3647927
-62.5,-50.5,1115947
-62.5,-49.5,15851
-62.5,-48.5,100
-62.5,21.5,2627
-62.5,22.5,88911
-62.5,28.5,3749
-62.5,29.5,4210
-62.5,35.5,77981
-62.5,36.5,295538
-62.5,37.5,37480
-61.5,-53.5,32467
-61.5,-52.5,26263
-61.5,-51.5,130762
-61.5,-50.5,8610488
-61.5,-49.5,4918974
-61.5,-47.5,2962
-61.5,-46.5,3327
-61.5,10.5,31068
-61.5,21.5,3207
-61.5,22.5,74099
-61.5,26.5,18634
-61.5,27.5,13488
-61.5,28.5,48261
-61.5,29.5,42994
-61.5,30.5,1126
-61.5,34.5,84614
-61.5,35.5,151700
-61.5,36.5,76278
-61.5,60.5,4646
-61.5,70.5,470
-60.5,-54.5,5526
-60.5,-53.5,17750
-60.5,-52.5,155238
-60.5,-51.5,872
-60.5,-50.5,2752649
-60.5,-49.5,14772572
-60.5,-48.5,6149564
-60.5,-47.5,14049602
-60.5,-46.5,97025355
-60.5,-45.5,143424891
-60.5,-44.5,667822
-60.5,11.5,1589
-60.5,21.5,19624
-60.5,22.5,16755
-60.5,23.5,5748
-60.5,24.5,40683
-60.5,25.5,13636
-60.5,26.5,23539
-60.5,27.5,22266
-60.5,29.5,59437
-60.5,30.5,101762
-60.5,31.5,41676
-60.5,32.5,4704
-60.5,33.5,78438
-60.5,34.5,357587
-60.5,35.5,322453
-60.5,36.5,40485
-60.5,62.5,4646
-60.5,69.5,503093
-60.5,70.5,262967
-60.5,75.5,19433
-59.5,-54.5,3070
-59.5,-53.5,377790
-59.5,-52.5,1967247
-59.5,-51.5,12359
-59.5,-50.5,1360873
-59.5,-49.5,25604938
-59.5,-48.5,14399
-59.5,-47.5,29001
-59.5,-46.5,624521
-59.5,-45.5,3185646
-59.5,-44.5,1399383
-59.5,-43.5,21777
-59.5,20.5,1803
-59.5,21.5,8208
-59.5,22.5,16678
-59.5,23.5,13839
-59.5,24.5,33879
-59.5,25.5,2853
-59.5,26.5,41802
-59.5,29.5,10073
-59.5,30.5,1222
-59.5,31.5,21444
-59.5,32.5,63403
-59.5,33.5,87486
-59.5,34.5,192828
-59.5,35.5,328216
-59.5,68.5,8526
-59.5,69.5,250231
-58.5,-53.5,315
-58.5,-52.5,2469804
-58.5,-51.5,85393
-58.5,-50.5,11894021
-58.5,-49.5,1138680
-58.5,-45.5,207905
-58.5,-44.5,1215658
-58.5,-43.5,1530626
-58.5,-42.5,6343691
-58.5,10.5,1540
-58.5,20.5,26712
-58.5,21.5,134507
-58.5,22.5,30615
-58.5,24.5,31347
-58.5,26.5,119927
-58.5,28.5,10090
-58.5,29.5,5879
-58.5,30.5,4239
-58.5,31.5,5603
-58.5,32.5,7648
-58.5,33.5,74701
-58.5,34.5,98563
-58.5,35.5,177322
-58.5,36.5,6450
-58.5,69.5,75981
-57.5,-52.5,1499031
-57.5,-51.5,3321559
-57.5,-50.5,2491204
-57.5,-45.5,32896
-57.5,-44.5,340285
-57.5,-43.5,2282643
-57.5,-42.5,12024252
-57.5,-41.5,2355803
-57.5,10.5,9128
-57.5,16.5,1478
-57.5,17.5,20552
-57.5,18.5,15790
-57.5,19.5,62775
-57.5,20.5,83538
-57.5,21.5,77571
-57.5,22.5,35128
-57.5,23.5,21286
-57.5,24.5,53283
-57.5,25.5,3457
-57.5,26.5,47961
-57.5,27.5,100536
-57.5,28.5,5483
-57.5,29.5,11848
-57.5,30.5,3478
-57.5,31.5,22423
-57.5,32.5,9989
-57.5,33.5,17782
-57.5,34.5,226901
-57.5,35.5,308913
-57.5,36.5,3891
-57.5,42.5,3042
-57.5,62.5,26124
-57.5,63.5,1457137
-57.5,64.5,4292
-57.5,68.5,12019
-56.5,-54.5,41322
-56.5,-51.5,1433915
-56.5,-50.5,1451851
-56.5,-44.5,72401
-56.5,-43.5,1738272
-56.5,-42.5,8895852
-56.5,-41.5,148854
-56.5,-35.5,236076
-56.5,-34.5,72294
-56.5,9.5,2979
-56.5,10.5,235169
-56.5,11.5,110224
-56.5,14.5,231
-56.5,15.5,169796
-56.5,16.5,64229
-56.5,17.5,60228
-56.5,18.5,30680
-56.5,19.5,25492
-56.5,20.5,2787
-56.5,21.5,20298
-56.5,22.5,6002
-56.5,23.5,84386
-56.5,24.5,78700
-56.5,25.5,68157
-56.5,26.5,34872
-56.5,27.5,40616
-56.5,28.5,16365
-56.5,29.5,36692
-56.5,30.5,37142
-56.5,31.5,7853
-56.5,32.5,33121
-56.5,33.5,63361
-56.5,34.5,99554
-56.5,35.5,204644
-56.5,36.5,17467
-56.5,42.5,1186
-56.5,63.5,299907
-55.5,-44.5,35854
-55.5,-43.5,241045
-55.5,-42.5,865605
-55.5,-41.5,137321
-55.5,-35.5,217016
-55.5,-34.5,40164
-55.5,9.5,35193
-55.5,10.5,251809
-55.5,11.5,429011
-55.5,12.5,152943
-55.5,13.5,101407
-55.5,14.5,73105
-55.5,15.5,781118
-55.5,16.5,168686
-55.5,17.5,100582
-55.5,21.5,1631
-55.5,22.5,38052
-55.5,23.5,99251
-55.5,24.5,59102
-55.5,25.5,20246
-55.5,28.5,3668
-55.5,29.5,20712
-55.5,30.5,6751
-55.5,31.5,5696
-55.5,32.5,35021
-55.5,33.5,133224
-55.5,34.5,136006
-55.5,35.5,26975
-55.5,36.5,12930
-55.5,41.5,1271
-55.5,42.5,2297
-55.5,64.5,391171
-54.5,-43.5,11642
-54.5,-42.5,175753
-54.5,-41.5,1594
-54.5,-40.5,48839
-54.5,-36.5,25243
-54.5,-35.5,50888
-54.5,9.5,2033
-54.5,10.5,249606
-54.5,11.5,546055
-54.5,12.5,90051
-54.5,13.5,22371
-54.5,14.5,106499
-54.5,15.5,151883
-54.5,16.5,32198
-54.5,17.5,45932
-54.5,22.5,2581
-54.5,23.5,38842
-54.5,24.5,36613
-54.5,25.5,14499
-54.5,26.5,7449
-54.5,29.5,15529
-54.5,30.5,18464
-54.5,31.5,11416
-54.5,32.5,54042
-54.5,33.5,72810
-54.5,34.5,40260
-54.5,35.5,14057
-54.5,36.5,12187
-54.5,37.5,27706
-54.5,38.5,3510
-54.5,40.5,11608
-54.5,41.5,99663
-54.5,42.5,73516
-54.5,43.5,9541
-54.5,46.5,476
-54.5,64.5,468
-53.5,-44.5,23408
-53.5,-43.5,5129
-53.5,-41.5,18062
-53.5,-40.5,236074
-53.5,-39.5,24071
-53.5,-38.5,9036
-53.5,-37.5,528
-53.5,-36.5,2110
-53.5,-35.5,73
-53.5,9.5,2804
-53.5,10.5,129622
-53.5,11.5,227445
-53.5,12.5,26115
-53.5,13.5,240816
-53.5,14.5,350380
-53.5,15.5,258527
-53.5,16.5,39118
-53.5,18.5,7965
-53.5,19.5,2893
-53.5,24.5,8526
-53.5,25.5,47821
-53.5,26.5,33594
-53.5,28.5,4485
-53.5,29.5,1231
-53.5,30.5,2719
-53.5,31.5,15955
-53.5,32.5,33239
-53.5,33.5,29074
-53.5,34.5,8027
-53.5,35.5,34611
-53.5,36.5,30306
-53.5,37.5,11586
-53.5,38.5,11409
-53.5,40.5,428
-53.5,41.5,78788
-53.5,42.5,30798
-53.5,45.5,8913
-53.5,47.5,10602
-52.5,-45.5,926
-52.5,-44.5,92355
-52.5,-43.5,41030
-52.5,-42.5,16899
-52.5,-41.5,187819
-52.5,-40.5,626775
-52.5,-39.5,368417
-52.5,-38.5,215857
-52.5,-37.5,21806
-52.5,-36.5,8931
-52.5,-35.5,4307
-52.5,-33.5,18286
-52.5,10.5,10765
-52.5,11.5,26399
-52.5,12.5,1700
-52.5,13.5,52368
-52.5,14.5,71301
-52.5,15.5,81475
-52.5,16.5,133868
-52.5,17.5,10356
-52.5,18.5,77558
-52.5,19.5,69621
-52.5,21.5,1522
-52.5,24.5,18565
-52.5,25.5,7694
-52.5,26.5,23838
-52.5,27.5,100926
-52.5,28.5,16609
-52.5,31.5,60303
-52.5,32.5,32194
-52.5,33.5,43839
-52.5,34.5,19714
-52.5,35.5,41524
-52.5,36.5,12772
-52.5,37.5,3155
-52.5,38.5,43252
-52.5,41.5,84989
-52.5,42.5,184177
-52.5,43.5,31176
-52.5,44.5,2305
-52.5,45.5,1097
-52.5,46.5,5358
-52.5,47.5,38158
-51.5,-45.5,21630
-51.5,-44.5,45144
-51.5,-43.5,38384
-51.5,-42.5,13351
-51.5,-41.5,240867
-51.5,-40.5,1289108
-51.5,-39.5,996670
-51.5,-38.5,258246
-51.5,-37.5,45475
-51.5,-36.5,57977
-51.5,-35.5,820
-51.5,9.5,11801
-51.5,10.5,13335
-51.5,11.5,19094
-51.5,12.5,43784
-51.5,13.5,5203
-51.5,14.5,46483
-51.5,15.5,23370
-51.5,16.5,236730
-51.5,17.5,48881
-51.5,18.5,101393
-51.5,19.5,87254
-51.5,23.5,1051
-51.5,24.5,16252
-51.5,25.5,23538
-51.5,26.5,4749
-51.5,27.5,86904
-51.5,28.5,7136
-51.5,30.5,4193
-51.5,31.5,24111
-51.5,32.5,59414
-51.5,33.5,50464
-51.5,34.5,26709
-51.5,35.5,13653
-51.5,36.5,1526
-51.5,38.5,23364
-51.5,39.5,2562
-51.5,40.5,30050
-51.5,41.5,149978
-51.5,42.5,674580
-51.5,43.5,11812799
-51.5,44.5,19343
-51.5,45.5,2070
-50.5,-44.5,7767
-50.5,-43.5,33879
-50.5,-42.5,39721
-50.5,-41.5,86718
-50.5,-40.5,739370
-50.5,-39.5,682014
-50.5,-38.5,210191
-50.5,-37.5,41491
-50.5,-36.5,10807
-50.5,-35.5,670
-50.5,-32.5,12501
-50.5,9.5,8550
-50.5,10.5,23653
-50.5,11.5,84401
-50.5,12.5,200522
-50.5,13.5,111185
-50.5,15.5,27725
-50.5,16.5,147320
-50.5,17.5,79652
-50.5,18.5,61777
-50.5,19.5,13168
-50.5,20.5,47377
-50.5,22.5,4435
-50.5,23.5,16176
-50.5,24.5,20968
-50.5,25.5,26973
-50.5,27.5,38593
-50.5,28.5,12768
-50.5,30.5,29651
-50.5,31.5,120234
-50.5,32.5,113237
-50.5,34.5,5741
-50.5,35.5,5490
-50.5,39.5,8630
-50.5,41.5,90069
-50.5,42.5,1502343
-50.5,43.5,2614888
-50.5,44.5,7780
-50.5,45.5,814
-50.5,47.5,573
-49.5,-43.5,108
-49.5,-42.5,32382
-49.5,-41.5,33961
-49.5,-40.5,77672
-49.5,-39.5,505746
-49.5,-38.5,373902
-49.5,-37.5,114776
-49.5,-36.5,102798
-49.5,-35.5,30802
-49.5,-34.5,1417
-49.5,-32.5,4894
-49.5,9.5,2431
-49.5,10.5,10508
-49.5,11.5,104238
-49.5,12.5,124064
-49.5,13.5,25915
-49.5,14.5,29861
-49.5,15.5,83866
-49.5,16.5,70549
-49.5,17.5,33098
-49.5,19.5,31016
-49.5,20.5,45779
-49.5,21.5,10268
-49.5,22.5,27534
-49.5,23.5,63316
-49.5,24.5,24688
-49.5,27.5,30784
-49.5,29.5,1677
-49.5,30.5,72463
-49.5,31.5,200313
-49.5,32.5,71990
-49.5,33.5,17438
-49.5,34.5,5857
-49.5,35.5,14513
-49.5,37.5,14957
-49.5,38.5,49893
-49.5,39.5,33627
-49.5,40.5,27648
-49.5,41.5,8066
-49.5,42.5,2273505
-49.5,43.5,4930817
-49.5,44.5,1032250
-49.5,46.5,3390
-49.5,47.5,1095
-48.5,-42.5,2804
-48.5,-41.5,39981
-48.5,-40.5,49346
-48.5,-39.5,208719
-48.5,-38.5,185862
-48.5,-37.5,147890
-48.5,-36.5,316414
-48.5,-35.5,229152
-48.5,-34.5,52685
-48.5,-29.5,14024
-48.5,-28.5,13757
-48.5,10.5,71198
-48.5,11.5,43757
-48.5,12.5,37822
-48.5,13.5,61755
-48.5,14.5,538848
-48.5,15.5,204506
-48.5,16.5,112328
-48.5,17.5,3519
-48.5,18.5,27361
-48.5,19.5,65834
-48.5,20.5,18514
-48.5,21.5,135804
-48.5,22.5,131291
-48.5,23.5,286528
-48.5,24.5,157974
-48.5,25.5,53596
-48.5,26.5,2311
-48.5,27.5,13598
-48.5,28.5,32625
-48.5,29.5,23673
-48.5,30.5,51513
-48.5,31.5,111263
-48.5,32.5,15071
-48.5,33.5,7864
-48.5,34.5,21958
-48.5,35.5,12401
-48.5,37.5,3230
-48.5,38.5,49281
-48.5,39.5,65827
-48.5,40.5,56398
-48.5,41.5,20152
-48.5,42.5,27802
-48.5,43.5,136807
-48.5,44.5,753237
-48.5,45.5,1955153
-48.5,47.5,18576
-48.5,51.5,2474
-47.5,-42.5,3052
-47.5,-41.5,53983
-47.5,-40.5,76262
-47.5,-39.5,99691
-47.5,-38.5,64699
-47.5,-37.5,163156
-47.5,-36.5,242915
-47.5,-35.5,251585
-47.5,-34.5,187449
-47.5,-33.5,73655
-47.5,-32.5,7008
-47.5,-28.5,22407
-47.5,10.5,39490
-47.5,11.5,52817
-47.5,12.5,162852
-47.5,13.5,158131
-47.5,14.5,393269
-47.5,15.5,51659
-47.5,16.5,137683
-47.5,17.5,44237
-47.5,18.5,40499
-47.5,19.5,69882
-47.5,20.5,5827
-47.5,21.5,130505
-47.5,22.5,410355
-47.5,23.5,427197
-47.5,24.5,346343
-47.5,25.5,34030
-47.5,28.5,42287
-47.5,29.5,454
-47.5,30.5,5623
-47.5,31.5,30177
-47.5,32.5,105068
-47.5,33.5,39918
-47.5,34.5,14769
-47.5,35.5,6437
-47.5,37.5,686
-47.5,38.5,58266
-47.5,39.5,133166
-47.5,40.5,43750
-47.5,41.5,65488
-47.5,42.5,62551
-47.5,43.5,9169
-47.5,44.5,2667
-47.5,45.5,182550
-47.5,46.5,2173849
-47.5,47.5,1705475
-47.5,48.5,12702593
-47.5,49.5,859
-47.5,50.5,32303
-47.5,51.5,88569
-47.5,52.5,42114
-47.5,55.5,57141
-46.5,-41.5,53935
-46.5,-40.5,80519
-46.5,-39.5,57182
-46.5,-38.5,108149
-46.5,-37.5,109871
-46.5,-36.5,169934
-46.5,-35.5,251116
-46.5,-34.5,287033
-46.5,-33.5,136290
-46.5,-32.5,105386
-46.5,-31.5,108950
-46.5,-29.5,1957
-46.5,6.5,17780
-46.5,7.5,32975
-46.5,8.5,4648
-46.5,9.5,1102
-46.5,11.5,39105
-46.5,12.5,85811
-46.5,13.5,239925
-46.5,14.5,131926
-46.5,15.5,120887
-46.5,16.5,86068
-46.5,17.5,48327
-46.5,18.5,120929
-46.5,19.5,54640
-46.5,20.5,36049
-46.5,21.5,30633
-46.5,22.5,526706
-46.5,23.5,714171
-46.5,24.5,224972
-46.5,25.5,79441
-46.5,26.5,19764
-46.5,27.5,10853
-46.5,28.5,101185
-46.5,29.5,6931
-46.5,31.5,86429
-46.5,32.5,79431
-46.5,33.5,34414
-46.5,34.5,4672
-46.5,37.5,2467
-46.5,38.5,52516
-46.5,39.5,59889
-46.5,40.5,75856
-46.5,41.5,56216
-46.5,42.5,125905
-46.5,43.5,40167
-46.5,44.5,30780
-46.5,45.5,5826
-46.5,46.5,5033451
-46.5,47.5,3642431
-46.5,48.5,4850065
-46.5,50.5,185017
-46.5,51.5,114753
-46.5,52.5,11481
-46.5,55.5,1305625
-46.5,56.5,84606
-45.5,-41.5,405
-45.5,-40.5,17483
-45.5,-39.5,61744
-45.5,-38.5,109298
-45.5,-37.5,63082
-45.5,-36.5,123513
-45.5,-35.5,155943
-45.5,-34.5,127335
-45.5,-33.5,52744
-45.5,-32.5,134330
-45.5,-31.5,195785
-45.5,-30.5,82402
-45.5,-29.5,15517
-45.5,3.5,9815
-45.5,4.5,8786
-45.5,5.5,18816
-45.5,6.5,28385
-45.5,7.5,97373
-45.5,8.5,407870
-45.5,9.5,213509
-45.5,10.5,56960
-45.5,11.5,47021
-45.5,12.5,68753
-45.5,13.5,19450
-45.5,14.5,102967
-45.5,15.5,128017
-45.5,16.5,21758
-45.5,17.5,19106
-45.5,18.5,53641
-45.5,19.5,59238
-45.5,20.5,47095
-45.5,21.5,170487
-45.5,22.5,235425
-45.5,23.5,331479
-45.5,24.5,277080
-45.5,25.5,108682
-45.5,26.5,43114
-45.5,27.5,6314
-45.5,28.5,71441
-45.5,29.5,17338
-45.5,30.5,9569
-45.5,31.5,40706
-45.5,32.5,43450
-45.5,33.5,12886
-45.5,34.5,6904
-45.5,35.5,7461
-45.5,36.5,5129
-45.5,37.5,20123
-45.5,38.5,7582
-45.5,39.5,29055
-45.5,40.5,10741
-45.5,41.5,40847
-45.5,42.5,142168
-45.5,43.5,57929
-45.5,45.5,5375
-45.5,46.5,12129852
-45.5,47.5,3321948
-45.5,48.5,4498902
-45.5,49.5,10372
-45.5,50.5,106575
-45.5,51.5,30174
-45.5,55.5,101132
-45.5,56.5,404875
-45.5,69.5,19433
-44.5,-40.5,17225
-44.5,-39.5,38590
-44.5,-38.5,46866
-44.5,-37.5,41131
-44.5,-36.5,52314
-44.5,-35.5,40996
-44.5,-34.5,193951
-44.5,-33.5,74545
-44.5,-32.5,155302
-44.5,-31.5,150057
-44.5,-30.5,214855
-44.5,-29.5,253650
-44.5,-28.5,58845
-44.5,-27.5,6607
-44.5,3.5,3482
-44.5,4.5,122612
-44.5,5.5,97595
-44.5,6.5,3196
-44.5,7.5,27972
-44.5,8.5,265230
-44.5,9.5,179109
-44.5,10.5,309024
-44.5,11.5,269402
-44.5,12.5,23184
-44.5,13.5,65272
-44.5,14.5,16427
-44.5,16.5,14370
-44.5,17.5,35044
-44.5,18.5,8669
-44.5,19.5,25807
-44.5,20.5,13114
-44.5,21.5,59159
-44.5,22.5,182184
-44.5,23.5,226692
-44.5,24.5,209841
-44.5,25.5,115731
-44.5,26.5,40953
-44.5,27.5,2542
-44.5,28.5,32282
-44.5,31.5,3341
-44.5,32.5,25537
-44.5,33.5,17317
-44.5,34.5,3732
-44.5,35.5,1740
-44.5,36.5,14319
-44.5,37.5,27756
-44.5,38.5,9070
-44.5,39.5,44962
-44.5,40.5,70393
-44.5,41.5,42282
-44.5,42.5,71191
-44.5,43.5,25429
-44.5,44.5,21806
-44.5,45.5,1844
-44.5,46.5,3166723
-44.5,47.5,3688401
-44.5,48.5,376231
-44.5,50.5,21488
-44.5,51.5,34277
-44.5,53.5,13512
-44.5,55.5,44865
-44.5,56.5,505715
-43.5,-40.5,375
-43.5,-39.5,126195
-43.5,-38.5,117518
-43.5,-37.5,51398
-43.5,-36.5,64988
-43.5,-35.5,151183
-43.5,-34.5,300645
-43.5,-33.5,110912
-43.5,-32.5,102459
-43.5,-31.5,118687
-43.5,-30.5,108191
-43.5,-29.5,204522
-43.5,-28.5,449294
-43.5,-27.5,251297
-43.5,-26.5,11246
-43.5,-23.5,1838
-43.5,4.5,472733
-43.5,5.5,545621
-43.5,6.5,71765
-43.5,7.5,76284
-43.5,8.5,226292
-43.5,9.5,559744
-43.5,10.5,533446
-43.5,11.5,264232
-43.5,12.5,38321
-43.5,13.5,36281
-43.5,14.5,36860
-43.5,15.5,3133
-43.5,17.5,63749
-43.5,19.5,22799
-43.5,20.5,53538
-43.5,21.5,47441
-43.5,22.5,63484
-43.5,23.5,20464
-43.5,24.5,185119
-43.5,25.5,156057
-43.5,26.5,84847
-43.5,27.5,75111
-43.5,28.5,46147
-43.5,33.5,42771
-43.5,34.5,51950
-43.5,35.5,5349
-43.5,36.5,21204
-43.5,37.5,19614
-43.5,38.5,9223
-43.5,39.5,83177
-43.5,40.5,35156
-43.5,41.5,22482
-43.5,42.5,13765
-43.5,44.5,37177
-43.5,45.5,7218
-43.5,46.5,52414
-43.5,47.5,411654
-43.5,48.5,2250
-43.5,49.5,26190
-43.5,50.5,25688
-43.5,55.5,79074
-43.5,56.5,693145
-42.5,-43.5,4876
-42.5,-40.5,11685
-42.5,-39.5,48116
-42.5,-38.5,95939
-42.5,-37.5,63658
-42.5,-36.5,94637
-42.5,-35.5,108533
-42.5,-34.5,39641
-42.5,-33.5,57697
-42.5,-32.5,95023
-42.5,-31.5,42697
-42.5,-30.5,68835
-42.5,-29.5,123634
-42.5,-28.5,307249
-42.5,-27.5,112913
-42.5,-26.5,78041
-42.5,2.5,425
-42.5,3.5,15657
-42.5,4.5,363124
-42.5,5.5,260339
-42.5,6.5,107511
-42.5,7.5,106723
-42.5,8.5,146236
-42.5,9.5,350459
-42.5,10.5,695124
-42.5,11.5,486515
-42.5,12.5,250078
-42.5,17.5,11311
-42.5,20.5,5279
-42.5,21.5,83420
-42.5,22.5,56961
-42.5,23.5,49635
-42.5,24.5,91195
-42.5,25.5,176173
-42.5,26.5,226955
-42.5,27.5,351720
-42.5,28.5,256293
-42.5,29.5,21107
-42.5,30.5,16782
-42.5,31.5,16459
-42.5,32.5,20397
-42.5,33.5,28110
-42.5,34.5,63097
-42.5,35.5,8223
-42.5,36.5,5385
-42.5,37.5,18486
-42.5,38.5,546
-42.5,39.5,77688
-42.5,40.5,79326
-42.5,41.5,11386
-42.5,42.5,692
-42.5,43.5,5582
-42.5,44.5,26660
-42.5,45.5,29964
-42.5,46.5,2997
-42.5,50.5,3005
-42.5,51.5,40272
-42.5,55.5,13272
-42.5,56.5,200980
-41.5,-39.5,14474
-41.5,-38.5,12784
-41.5,-37.5,49818
-41.5,-36.5,31649
-41.5,-35.5,76747
-41.5,-34.5,16772
-41.5,-33.5,1162
-41.5,-32.5,10211
-41.5,-31.5,32428
-41.5,-30.5,32418
-41.5,-29.5,65860
-41.5,-28.5,159727
-41.5,-27.5,86357
-41.5,-26.5,72059
-41.5,2.5,28744
-41.5,3.5,90744
-41.5,4.5,234290
-41.5,5.5,142110
-41.5,6.5,397359
-41.5,7.5,109020
-41.5,8.5,278914
-41.5,9.5,678275
-41.5,10.5,475890
-41.5,11.5,337143
-41.5,12.5,58975
-41.5,19.5,387
-41.5,20.5,28575
-41.5,21.5,161109
-41.5,22.5,89644
-41.5,23.5,17603
-41.5,24.5,3103
-41.5,25.5,141545
-41.5,26.5,336792
-41.5,27.5,459440
-41.5,28.5,84375
-41.5,29.5,14190
-41.5,30.5,1335
-41.5,31.5,28888
-41.5,32.5,50476
-41.5,33.5,53064
-41.5,34.5,32497
-41.5,35.5,1037
-41.5,36.5,3184
-41.5,37.5,11227
-41.5,38.5,30271
-41.5,39.5,25093
-41.5,40.5,18124
-41.5,41.5,22274
-41.5,42.5,39449
-41.5,43.5,57183
-41.5,44.5,12733
-41.5,45.5,117886
-41.5,46.5,24140
-41.5,47.5,12934
-41.5,50.5,1050
-41.5,51.5,1706
-41.5,52.5,12553
-41.5,55.5,6899
-41.5,56.5,614766
-40.5,-39.5,1756
-40.5,-38.5,5010
-40.5,-37.5,27889
-40.5,-36.5,22308
-40.5,-35.5,58555
-40.5,-34.5,8769
-40.5,-32.5,94373
-40.5,-31.5,75430
-40.5,-30.5,10660
-40.5,-29.5,54458
-40.5,-28.5,40972
-40.5,-27.5,56217
-40.5,-26.5,340933
-40.5,-25.5,5963
-40.5,0.5,12829
-40.5,1.5,3117
-40.5,2.5,8157
-40.5,3.5,64728
-40.5,4.5,411303
-40.5,5.5,320935
-40.5,6.5,368899
-40.5,7.5,367622
-40.5,8.5,385278
-40.5,9.5,532156
-40.5,10.5,507713
-40.5,11.5,263258
-40.5,12.5,27714
-40.5,15.5,2723
-40.5,16.5,19850
-40.5,17.5,4463
-40.5,19.5,15275
-40.5,20.5,56057
-40.5,21.5,86450
-40.5,22.5,93849
-40.5,23.5,23446
-40.5,24.5,3269
-40.5,25.5,85584
-40.5,26.5,186428
-40.5,27.5,227446
-40.5,28.5,32852
-40.5,29.5,29239
-40.5,30.5,51445
-40.5,31.5,32272
-40.5,32.5,2348
-40.5,33.5,719
-40.5,34.5,21685
-40.5,35.5,25257
-40.5,36.5,7127
-40.5,37.5,636
-40.5,38.5,26966
-40.5,39.5,36905
-40.5,41.5,29070
-40.5,42.5,21276
-40.5,43.5,28150
-40.5,44.5,29633
-40.5,45.5,81837
-40.5,46.5,10443
-40.5,51.5,46321
-40.5,55.5,63116
-40.5,56.5,436748
-40.5,57.5,11422
-40.5,62.5,205307
-39.5,-44.5,11653
-39.5,-43.5,25825
-39.5,-39.5,51751
-39.5,-38.5,102173
-39.5,-37.5,2949
-39.5,-36.5,457
-39.5,-33.5,23411
-39.5,-32.5,15677
-39.5,-31.5,48579
-39.5,-30.5,21669
-39.5,-29.5,18107
-39.5,-28.5,33102
-39.5,-27.5,35861
-39.5,-26.5,466712
-39.5,-25.5,145061
-39.5,-0.5,613
-39.5,1.5,50967
-39.5,2.5,78417
-39.5,3.5,38220
-39.5,4.5,212191
-39.5,5.5,237701
-39.5,6.5,483974
-39.5,7.5,228305
-39.5,8.5,573305
-39.5,9.5,518165
-39.5,10.5,408188
-39.5,11.5,170165
-39.5,12.5,69291
-39.5,16.5,22408
-39.5,17.5,12911
-39.5,18.5,10779
-39.5,19.5,59842
-39.5,20.5,21602
-39.5,21.5,36907
-39.5,22.5,82435
-39.5,23.5,15516
-39.5,24.5,20581
-39.5,25.5,129550
-39.5,26.5,302131
-39.5,27.5,245347
-39.5,28.5,13631
-39.5,29.5,8901
-39.5,30.5,22887
-39.5,31.5,78726
-39.5,32.5,21201
-39.5,33.5,18145
-39.5,34.5,31535
-39.5,35.5,45801
-39.5,36.5,15802
-39.5,37.5,15152
-39.5,38.5,9406
-39.5,39.5,46104
-39.5,40.5,1558
-39.5,41.5,21199
-39.5,42.5,30951
-39.5,43.5,12791
-39.5,44.5,22135
-39.5,45.5,16291
-39.5,46.5,3595
-39.5,48.5,1734
-39.5,51.5,20718
-39.5,52.5,1924
-39.5,55.5,59906
-39.5,56.5,686682
-39.5,57.5,930413
-39.5,62.5,1087
-39.5,63.5,307852
-38.5,-41.5,7334
-38.5,-39.5,262657
-38.5,-38.5,213802
-38.5,-37.5,30704
-38.5,-36.5,107464
-38.5,-35.5,8768
-38.5,-33.5,49213
-38.5,-32.5,51626
-38.5,-31.5,188467
-38.5,-30.5,85317
-38.5,-29.5,3017
-38.5,-28.5,14751
-38.5,-27.5,50234
-38.5,-26.5,191858
-38.5,-25.5,167209
-38.5,-24.5,60247
-38.5,-0.5,2828
-38.5,0.5,9589
-38.5,1.5,8697
-38.5,2.5,5439
-38.5,3.5,18721
-38.5,4.5,43160
-38.5,5.5,356126
-38.5,6.5,499044
-38.5,7.5,107513
-38.5,8.5,582601
-38.5,9.5,766439
-38.5,10.5,195043
-38.5,11.5,255909
-38.5,12.5,322604
-38.5,14.5,4906
-38.5,15.5,10001
-38.5,16.5,2752
-38.5,17.5,22392
-38.5,18.5,13229
-38.5,19.5,23964
-38.5,20.5,1956
-38.5,21.5,62446
-38.5,22.5,181947
-38.5,23.5,156927
-38.5,24.5,42659
-38.5,25.5,181042
-38.5,26.5,172363
-38.5,27.5,79509
-38.5,30.5,11991
-38.5,31.5,14221
-38.5,32.5,11046
-38.5,33.5,26062
-38.5,34.5,39099
-38.5,35.5,35521
-38.5,36.5,12427
-38.5,37.5,15201
-38.5,38.5,52855
-38.5,39.5,91572
-38.5,40.5,15769
-38.5,41.5,5859
-38.5,42.5,9077
-38.5,43.5,3359
-38.5,44.5,7962
-38.5,45.5,26023
-38.5,46.5,4698
-38.5,55.5,49665
-38.5,56.5,288721
-38.5,57.5,1074332
-38.5,63.5,66668
-37.5,-41.5,19748
-37.5,-40.5,42646
-37.5,-39.5,115997
-37.5,-38.5,172855
-37.5,-37.5,51713
-37.5,-36.5,166446
-37.5,-35.5,2365
-37.5,-33.5,28915
-37.5,-32.5,79130
-37.5,-31.5,139860
-37.5,-30.5,144694
-37.5,-29.5,29516
-37.5,-28.5,20918
-37.5,-27.5,54242
-37.5,-26.5,204738
-37.5,-25.5,131201
-37.5,-24.5,410603
-37.5,-23.5,487670
-37.5,-22.5,187822
-37.5,0.5,1387
-37.5,2.5,16402
-37.5,3.5,296998
-37.5,4.5,145484
-37.5,5.5,397090
-37.5,6.5,547166
-37.5,7.5,693463
-37.5,8.5,481640
-37.5,9.5,526541
-37.5,10.5,376848
-37.5,11.5,695297
-37.5,12.5,306234
-37.5,14.5,21324
-37.5,15.5,157827
-37.5,16.5,48870
-37.5,17.5,10232
-37.5,20.5,7434
-37.5,21.5,116248
-37.5,22.5,115207
-37.5,23.5,118385
-37.5,24.5,25366
-37.5,25.5,74921
-37.5,26.5,48510
-37.5,30.5,26891
-37.5,31.5,63859
-37.5,32.5,33352
-37.5,33.5,23186
-37.5,34.5,8384
-37.5,36.5,18805
-37.5,37.5,25618
-37.5,38.5,24162
-37.5,39.5,38558
-37.5,40.5,27754
-37.5,41.5,9202
-37.5,45.5,3668
-37.5,46.5,13407
-37.5,55.5,32066
-37.5,56.5,32810
-37.5,57.5,279780
-37.5,58.5,30959
-37.5,63.5,34673
-36.5,-40.5,48944
-36.5,-39.5,20305
-36.5,-38.5,22484
-36.5,-37.5,18040
-36.5,-36.5,68261
-36.5,-35.5,644
-36.5,-32.5,29528
-36.5,-31.5,58303
-36.5,-30.5,4975
-36.5,-28.5,25695
-36.5,-27.5,41191
-36.5,-26.5,104212
-36.5,-25.5,70560
-36.5,-24.5,232554
-36.5,-23.5,424608
-36.5,-22.5,265320
-36.5,-21.5,46640
-36.5,-20.5,3408
-36.5,1.5,32332
-36.5,2.5,71360
-36.5,3.5,324730
-36.5,4.5,262601
-36.5,5.5,428089
-36.5,6.5,1213296
-36.5,7.5,416155
-36.5,8.5,446754
-36.5,9.5,673756
-36.5,10.5,603353
-36.5,11.5,514942
-36.5,12.5,414130
-36.5,13.5,70988
-36.5,14.5,51916
-36.5,15.5,172632
-36.5,16.5,85958
-36.5,19.5,4507
-36.5,20.5,21257
-36.5,21.5,147207
-36.5,22.5,47046
-36.5,23.5,112673
-36.5,24.5,6028
-36.5,25.5,667
-36.5,26.5,35366
-36.5,29.5,11435
-36.5,30.5,33582
-36.5,31.5,14944
-36.5,32.5,22291
-36.5,33.5,12266
-36.5,34.5,4736
-36.5,35.5,9531
-36.5,36.5,22632
-36.5,37.5,1176
-36.5,38.5,30627
-36.5,39.5,35627
-36.5,40.5,20229
-36.5,41.5,3154
-36.5,42.5,7340
-36.5,43.5,625
-36.5,44.5,23
-36.5,47.5,223
-36.5,51.5,4903
-36.5,56.5,818
-36.5,58.5,72872
-36.5,59.5,74364
-35.5,-40.5,1159
-35.5,-39.5,1034
-35.5,-38.5,11144
-35.5,-37.5,2437
-35.5,-36.5,2458
-35.5,-35.5,1318
-35.5,-34.5,9270
-35.5,-33.5,48601
-35.5,-32.5,35527
-35.5,-31.5,16931
-35.5,-30.5,3030
-35.5,-27.5,2074
-35.5,-26.5,8738
-35.5,-25.5,86207
-35.5,-24.5,69833
-35.5,-23.5,132767
-35.5,-22.5,206304
-35.5,-21.5,533069
-35.5,-20.5,133812
-35.5,-19.5,77609
-35.5,-18.5,10519
-35.5,-17.5,63046
-35.5,-16.5,432267
-35.5,-15.5,274706
-35.5,-14.5,43280
-35.5,-0.5,9499
-35.5,0.5,15356
-35.5,1.5,53166
-35.5,2.5,301012
-35.5,3.5,660894
-35.5,4.5,346402
-35.5,5.5,316255
-35.5,6.5,461261
-35.5,7.5,328142
-35.5,8.5,785213
-35.5,9.5,820160
-35.5,10.5,367726
-35.5,11.5,411319
-35.5,12.5,223716
-35.5,13.5,185142
-35.5,14.5,105099
-35.5,15.5,165211
-35.5,16.5,150594
-35.5,17.5,39093
-35.5,19.5,40927
-35.5,20.5,215552
-35.5,21.5,75893
-35.5,22.5,41794
-35.5,23.5,83182
-35.5,24.5,15861
-35.5,25.5,8870
-35.5,26.5,59581
-35.5,29.5,29556
-35.5,30.5,11675
-35.5,32.5,39642
-35.5,33.5,27018
-35.5,34.5,2642
-35.5,35.5,6054
-35.5,37.5,68
-35.5,39.5,416
-35.5,40.5,7301
-35.5,41.5,6734
-35.5,42.5,2333
-35.5,44.5,557
-35.5,56.5,7765
-35.5,57.5,4044
-35.5,59.5,49141
-35.5,60.5,2037430
-35.5,61.5,43103
-35.5,62.5,24323
-35.5,63.5,15761
-35.5,64.5,32878
-34.5,-38.5,2815
-34.5,-35.5,24115
-34.5,-34.5,20705
-34.5,-33.5,10054
-34.5,-32.5,1472
-34.5,-31.5,4709
-34.5,-30.5,3249
-34.5,-29.5,1989
-34.5,-27.5,22636
-34.5,-26.5,14427
-34.5,-25.5,109917
-34.5,-24.5,169661
-34.5,-23.5,22632
-34.5,-22.5,52122
-34.5,-21.5,351744
-34.5,-20.5,69174
-34.5,-19.5,62401
-34.5,-18.5,134080
-34.5,-17.5,290021
-34.5,-16.5,566616
-34.5,-15.5,304612
-34.5,-14.5,523622
-34.5,-13.5,76264
-34.5,-12.5,7315
-34.5,-6.5,219
-34.5,-5.5,2946
-34.5,-3.5,4751
-34.5,-1.5,15613
-34.5,-0.5,10039
-34.5,0.5,35840
-34.5,1.5,26887
-34.5,2.5,73573
-34.5,3.5,245915
-34.5,4.5,752679
-34.5,5.5,452939
-34.5,6.5,477315
-34.5,7.5,621009
-34.5,8.5,746306
-34.5,9.5,1003118
-34.5,10.5,776649
-34.5,11.5,498809
-34.5,12.5,399850
-34.5,13.5,467053
-34.5,14.5,212319
-34.5,15.5,46596
-34.5,16.5,82384
-34.5,17.5,45655
-34.5,18.5,5611
-34.5,19.5,33283
-34.5,20.5,133859
-34.5,21.5,5437
-34.5,22.5,1854
-34.5,23.5,3236
-34.5,24.5,16470
-34.5,25.5,14324
-34.5,26.5,41271
-34.5,27.5,33342
-34.5,30.5,3123
-34.5,32.5,14337
-34.5,33.5,1849
-34.5,34.5,3234
-34.5,37.5,7444
-34.5,38.5,758
-34.5,41.5,9841
-34.5,60.5,931735
-34.5,61.5,777086
-34.5,62.5,67827
-34.5,63.5,157803
-34.5,64.5,369207
-33.5,-38.5,191
-33.5,-35.5,1205
-33.5,-31.5,8243
-33.5,-30.5,27244
-33.5,-29.5,40695
-33.5,-28.5,6500
-33.5,-27.5,13110
-33.5,-26.5,6955
-33.5,-25.5,99355
-33.5,-24.5,300810
-33.5,-23.5,50078
-33.5,-22.5,166671
-33.5,-21.5,160962
-33.5,-20.5,62084
-33.5,-19.5,66483
-33.5,-18.5,153166
-33.5,-17.5,294207
-33.5,-16.5,430862
-33.5,-15.5,33587
-33.5,-14.5,80783
-33.5,-13.5,703849
-33.5,-12.5,106552
-33.5,-10.5,5562
-33.5,-9.5,10851
-33.5,-7.5,1821
-33.5,-6.5,2428
-33.5,-5.5,2487
-33.5,-1.5,8836
-33.5,-0.5,19300
-33.5,0.5,21894
-33.5,1.5,8857
-33.5,2.5,63634
-33.5,3.5,118090
-33.5,4.5,175438
-33.5,5.5,343567
-33.5,6.5,268467
-33.5,7.5,661651
-33.5,8.5,815008
-33.5,9.5,1030515
-33.5,10.5,491298
-33.5,11.5,662344
-33.5,12.5,599016
-33.5,13.5,506943
-33.5,14.5,310234
-33.5,15.5,106632
-33.5,16.5,31306
-33.5,17.5,24575
-33.5,19.5,49249
-33.5,20.5,138119
-33.5,22.5,2808
-33.5,23.5,854
-33.5,25.5,3609
-33.5,26.5,1647
-33.5,31.5,4780
-33.5,32.5,10909
-33.5,33.5,6460
-33.5,34.5,2989
-33.5,38.5,431
-33.5,41.5,9221
-33.5,42.5,1929
-33.5,44.5,394
-33.5,46.5,248
-33.5,60.5,160657
-33.5,61.5,132202
-33.5,62.5,74080
-33.5,63.5,95245
-33.5,64.5,969645
-33.5,65.5,160815
-32.5,-38.5,1326
-32.5,-36.5,547
-32.5,-34.5,10732
-32.5,-33.5,1002
-32.5,-32.5,15943
-32.5,-31.5,121414
-32.5,-30.5,202120
-32.5,-29.5,30739
-32.5,-28.5,73857
-32.5,-27.5,87116
-32.5,-26.5,406
-32.5,-25.5,27578
-32.5,-24.5,445399
-32.5,-23.5,73887
-32.5,-22.5,37114
-32.5,-21.5,1857
-32.5,-20.5,2912
-32.5,-19.5,10310
-32.5,-18.5,46519
-32.5,-17.5,301994
-32.5,-16.5,143557
-32.5,-15.5,38492
-32.5,-14.5,110831
-32.5,-13.5,616142
-32.5,-12.5,171599
-32.5,-11.5,67317
-32.5,-9.5,11825
-32.5,-8.5,9613
-32.5,-7.5,17359
-32.5,-6.5,2300
-32.5,-5.5,17332
-32.5,-0.5,952
-32.5,0.5,6238
-32.5,1.5,3561
-32.5,2.5,44430
-32.5,3.5,198521
-32.5,4.5,118061
-32.5,5.5,353078
-32.5,6.5,755157
-32.5,7.5,554699
-32.5,8.5,891727
-32.5,9.5,823193
-32.5,10.5,280964
-32.5,11.5,282705
-32.5,12.5,333145
-32.5,13.5,512167
-32.5,14.5,693992
-32.5,15.5,415966
-32.5,16.5,119586
-32.5,17.5,51456
-32.5,18.5,2096
-32.5,19.5,156
-32.5,22.5,1167
-32.5,23.5,2312
-32.5,25.5,28479
-32.5,26.5,42434
-32.5,33.5,13013
-32.5,37.5,6295
-32.5,42.5,817
-32.5,46.5,2411
-32.5,52.5,2885
-32.5,62.5,28048
-32.5,63.5,80967
-32.5,64.5,560817
-32.5,65.5,861649
-31.5,-38.5,821
-31.5,-34.5,43265
-31.5,-33.5,31291
-31.5,-32.5,114015
-31.5,-31.5,89508
-31.5,-30.5,100318
-31.5,-29.5,70109
-31.5,-28.5,142582
-31.5,-27.5,111889
-31.5,-26.5,39064
-31.5,-25.5,18190
-31.5,-24.5,81248
-31.5,-23.5,73866
-31.5,-17.5,471518
-31.5,-16.5,306200
-31.5,-15.5,11425
-31.5,-14.5,50429
-31.5,-13.5,183037
-31.5,-12.5,27129
-31.5,-11.5,7705
-31.5,-9.5,7940
-31.5,-8.5,66430
-31.5,-7.5,43250
-31.5,-6.5,10645
-31.5,-5.5,23045
-31.5,-4.5,14037
-31.5,-1.5,4442
-31.5,-0.5,7466
-31.5,0.5,835
-31.5,1.5,4107
-31.5,2.5,26516
-31.5,3.5,40990
-31.5,4.5,162278
-31.5,5.5,796151
-31.5,6.5,673514
-31.5,7.5,847084
-31.5,8.5,905283
-31.5,9.5,948807
-31.5,10.5,509282
-31.5,11.5,88429
-31.5,12.5,421342
-31.5,13.5,740323
-31.5,14.5,741997
-31.5,15.5,328194
-31.5,16.5,354938
-31.5,17.5,56338
-31.5,18.5,7754
-31.5,19.5,392
-31.5,21.5,9940
-31.5,23.5,2682
-31.5,24.5,5988
-31.5,25.5,13620
-31.5,26.5,602
-31.5,27.5,805
-31.5,33.5,14180
-31.5,37.5,989
-31.5,42.5,1035
-31.5,44.5,1918
-31.5,46.5,7186
-31.5,52.5,13523
-31.5,53.5,4328
-31.5,62.5,67119
-31.5,63.5,459901
-31.5,64.5,1324230
-31.5,65.5,1259936
-30.5,-35.5,169455
-30.5,-34.5,35144
-30.5,-33.5,24086
-30.5,-32.5,47509
-30.5,-31.5,44798
-30.5,-30.5,84147
-30.5,-29.5,104427
-30.5,-28.5,184844
-30.5,-27.5,91793
-30.5,-26.5,30122
-30.5,-25.5,26708
-30.5,-24.5,100943
-30.5,-23.5,42830
-30.5,-17.5,22025
-30.5,-16.5,243847
-30.5,-15.5,21496
-30.5,-14.5,28886
-30.5,-13.5,231427
-30.5,-12.5,14736
-30.5,-10.5,59568
-30.5,-9.5,3413
-30.5,-8.5,94185
-30.5,-7.5,276350
-30.5,-6.5,101578
-30.5,-5.5,149725
-30.5,-4.5,56166
-30.5,-3.5,259
-30.5,-2.5,17227
-30.5,0.5,3095
-30.5,1.5,30770
-30.5,2.5,66179
-30.5,3.5,34135
-30.5,4.5,296821
-30.5,5.5,1197474
-30.5,6.5,904066
-30.5,7.5,632312
-30.5,8.5,1469780
-30.5,9.5,1009917
-30.5,10.5,633747
-30.5,11.5,420414
-30.5,12.5,702818
-30.5,13.5,1978023
-30.5,14.5,590610
-30.5,15.5,324831
-30.5,16.5,95006
-30.5,17.5,97831
-30.5,18.5,75174
-30.5,19.5,8466
-30.5,20.5,360
-30.5,21.5,14115
-30.5,22.5,6039
-30.5,23.5,104
-30.5,25.5,2958
-30.5,33.5,8747
-30.5,43.5,1467
-30.5,51.5,25460
-30.5,52.5,36994
-30.5,53.5,7608
-30.5,61.5,97403
-30.5,62.5,3431780
-30.5,63.5,541564
-30.5,64.5,2830157
-30.5,65.5,1247488
-30.5,66.5,36825
-29.5,-35.5,43913
-29.5,-34.5,126940
-29.5,-33.5,90318
-29.5,-32.5,69581
-29.5,-31.5,18957
-29.5,-30.5,41359
-29.5,-29.5,93618
-29.5,-28.5,128150
-29.5,-27.5,54741
-29.5,-26.5,52788
-29.5,-25.5,100100
-29.5,-24.5,650201
-29.5,-23.5,24753
-29.5,-16.5,155710
-29.5,-15.5,10624
-29.5,-14.5,12593
-29.5,-13.5,254413
-29.5,-12.5,738
-29.5,-10.5,56310
-29.5,-9.5,106398
-29.5,-8.5,72388
-29.5,-7.5,207534
-29.5,-6.5,522855
-29.5,-5.5,139342
-29.5,-4.5,49063
-29.5,-3.5,33592
-29.5,-2.5,34773
-29.5,-1.5,20370
-29.5,1.5,10253
-29.5,2.5,113074
-29.5,3.5,14965
-29.5,4.5,625200
-29.5,5.5,1058810
-29.5,6.5,696515
-29.5,7.5,951780
-29.5,8.5,2126438
-29.5,9.5,938689
-29.5,10.5,407706
-29.5,11.5,521772
-29.5,12.5,386247
-29.5,13.5,1648825
-29.5,14.5,761087
-29.5,15.5,672559
-29.5,16.5,166932
-29.5,17.5,38496
-29.5,18.5,144947
-29.5,19.5,56915
-29.5,20.5,9386
-29.5,23.5,1053
-29.5,24.5,2269
-29.5,26.5,943
-29.5,33.5,5933
-29.5,39.5,1148
-29.5,42.5,664
-29.5,43.5,4448
-29.5,45.5,3108
-29.5,51.5,12387
-29.5,52.5,12001
-29.5,53.5,9051
-29.5,60.5,71715
-29.5,61.5,7847782
-29.5,62.5,2842268
-29.5,65.5,464493
-28.5,-36.5,1879
-28.5,-35.5,18012
-28.5,-34.5,82856
-28.5,-33.5,123621
-28.5,-32.5,647
-28.5,-30.5,246972
-28.5,-29.5,279679
-28.5,-28.5,222440
-28.5,-27.5,18801
-28.5,-26.5,26492
-28.5,-25.5,81600
-28.5,-24.5,674074
-28.5,-23.5,68795
-28.5,-17.5,37257
-28.5,-16.5,137642
-28.5,-15.5,93656
-28.5,-14.5,64279
-28.5,-13.5,114422
-28.5,-10.5,1107
-28.5,-9.5,80842
-28.5,-8.5,26925
-28.5,-7.5,687568
-28.5,-6.5,867137
-28.5,-5.5,402816
-28.5,-4.5,91699
-28.5,-3.5,184481
-28.5,-2.5,120416
-28.5,-1.5,25271
-28.5,0.5,10294
-28.5,1.5,10257
-28.5,2.5,55802
-28.5,3.5,910
-28.5,4.5,529629
-28.5,5.5,837163
-28.5,6.5,1211356
-28.5,7.5,1715672
-28.5,8.5,1707389
-28.5,9.5,949817
-28.5,10.5,323666
-28.5,11.5,406165
-28.5,12.5,348537
-28.5,13.5,657870
-28.5,14.5,577324
-28.5,15.5,691374
-28.5,16.5,962627
-28.5,17.5,37612
-28.5,18.5,63120
-28.5,19.5,17352
-28.5,20.5,17161
-28.5,21.5,8642
-28.5,26.5,318
-28.5,33.5,473
-28.5,38.5,10761
-28.5,42.5,2814
-28.5,45.5,4384
-28.5,51.5,8261
-28.5,52.5,13167
-28.5,60.5,9935
-28.5,61.5,1376630
-28.5,62.5,15878
-27.5,-37.5,1916
-27.5,-34.5,28529
-27.5,-33.5,65221
-27.5,-32.5,13965
-27.5,-30.5,52739
-27.5,-29.5,87375
-27.5,-28.5,215738
-27.5,-27.5,62675
-27.5,-26.5,54707
-27.5,-25.5,83591
-27.5,-24.5,261370
-27.5,-23.5,133563
-27.5,-17.5,141684
-27.5,-16.5,120044
-27.5,-15.5,178715
-27.5,-14.5,175868
-27.5,-13.5,26713
-27.5,-11.5,17503
-27.5,-10.5,47722
-27.5,-9.5,21712
-27.5,-8.5,27156
-27.5,-7.5,384689
-27.5,-6.5,1229963
-27.5,-5.5,1289861
-27.5,-4.5,71090
-27.5,-3.5,410497
-27.5,-2.5,48876
-27.5,-0.5,9022
-27.5,0.5,3731
-27.5,3.5,18507
-27.5,4.5,536440
-27.5,5.5,1468699
-27.5,6.5,1362246
-27.5,7.5,1072407
-27.5,8.5,1422272
-27.5,9.5,447639
-27.5,10.5,517600
-27.5,11.5,981589
-27.5,12.5,733045
-27.5,13.5,582349
-27.5,14.5,307423
-27.5,15.5,525706
-27.5,16.5,528041
-27.5,17.5,113835
-27.5,18.5,68596
-27.5,20.5,9195
-27.5,21.5,11531
-27.5,24.5,3338
-27.5,38.5,14960
-27.5,40.5,520
-27.5,42.5,3167
-27.5,44.5,280
-27.5,45.5,1585
-27.5,49.5,6033
-27.5,51.5,4517
-27.5,52.5,54198
-27.5,53.5,1150
-27.5,54.5,6233
-27.5,55.5,19097
-27.5,60.5,8811
-27.5,61.5,8709
-27.5,62.5,9838
-26.5,-39.5,4441
-26.5,-35.5,3676
-26.5,-34.5,11756
-26.5,-33.5,2995
-26.5,-32.5,623
-26.5,-29.5,11790
-26.5,-28.5,73640
-26.5,-27.5,32820
-26.5,-26.5,68672
-26.5,-25.5,69061
-26.5,-24.5,80067
-26.5,-23.5,398369
-26.5,-22.5,39446
-26.5,-18.5,19655
-26.5,-17.5,314933
-26.5,-16.5,191952
-26.5,-15.5,121545
-26.5,-14.5,180085
-26.5,-13.5,55878
-26.5,-12.5,134
-26.5,-11.5,5987
-26.5,-10.5,34704
-26.5,-9.5,109662
-26.5,-8.5,246542
-26.5,-7.5,582183
-26.5,-6.5,664456
-26.5,-5.5,637519
-26.5,-4.5,78591
-26.5,-3.5,300327
-26.5,-2.5,162992
-26.5,-1.5,23216
-26.5,2.5,84838
-26.5,3.5,433574
-26.5,4.5,768057
-26.5,5.5,1321397
-26.5,6.5,934359
-26.5,7.5,894267
-26.5,8.5,1064550
-26.5,9.5,856122
-26.5,10.5,660133
-26.5,11.5,950014
-26.5,12.5,1252961
-26.5,13.5,388360
-26.5,14.5,466501
-26.5,15.5,465827
-26.5,16.5,449694
-26.5,17.5,183298
-26.5,18.5,18083
-26.5,19.5,1468
-26.5,20.5,20103
-26.5,21.5,18898
-26.5,22.5,4282
-26.5,29.5,1089
-26.5,33.5,1641
-26.5,38.5,1033
-26.5,49.5,16519
-26.5,50.5,2660
-26.5,51.5,10710
-26.5,52.5,7266
-26.5,54.5,6758
-26.5,55.5,41575
-26.5,56.5,410
-26.5,60.5,1298
-26.5,62.5,1462
-26.5,63.5,1209
-25.5,-38.5,1698
-25.5,-35.5,54304
-25.5,-34.5,9082
-25.5,-28.5,30088
-25.5,-27.5,17868
-25.5,-26.5,20011
-25.5,-25.5,67374
-25.5,-24.5,58180
-25.5,-23.5,429511
-25.5,-22.5,746096
-25.5,-21.5,288051
-25.5,-20.5,209041
-25.5,-19.5,492175
-25.5,-18.5,616371
-25.5,-17.5,210225
-25.5,-16.5,115459
-25.5,-15.5,102237
-25.5,-14.5,190706
-25.5,-13.5,76882
-25.5,-12.5,108471
-25.5,-11.5,119929
-25.5,-10.5,36673
-25.5,-9.5,90404
-25.5,-8.5,529175
-25.5,-7.5,307013
-25.5,-6.5,622099
-25.5,-5.5,222623
-25.5,-4.5,73062
-25.5,-3.5,230853
-25.5,-2.5,206203
-25.5,-1.5,94022
-25.5,-0.5,13238
-25.5,0.5,76648
-25.5,1.5,489472
-25.5,2.5,698922
-25.5,3.5,1444096
-25.5,4.5,484578
-25.5,5.5,1255457
-25.5,6.5,955400
-25.5,7.5,637815
-25.5,8.5,1154880
-25.5,9.5,1196838
-25.5,10.5,829647
-25.5,11.5,492007
-25.5,12.5,434489
-25.5,13.5,303367
-25.5,14.5,275452
-25.5,15.5,260325
-25.5,16.5,186029
-25.5,17.5,54327
-25.5,18.5,22404
-25.5,19.5,9275
-25.5,20.5,28582
-25.5,21.5,7803
-25.5,22.5,5399
-25.5,28.5,2764
-25.5,32.5,1431
-25.5,33.5,4945
-25.5,37.5,28220
-25.5,49.5,4185
-25.5,51.5,15104
-25.5,54.5,1308
-25.5,55.5,93294
-25.5,56.5,42006
-25.5,57.5,11601
-25.5,58.5,843
-25.5,59.5,10588
-25.5,62.5,161
-25.5,63.5,812
-24.5,-37.5,1625
-24.5,-28.5,3551
-24.5,-27.5,67010
-24.5,-26.5,11055
-24.5,-25.5,49688
-24.5,-24.5,31138
-24.5,-23.5,120369
-24.5,-22.5,367364
-24.5,-21.5,439852
-24.5,-20.5,488034
-24.5,-19.5,342290
-24.5,-18.5,544221
-24.5,-17.5,152725
-24.5,-16.5,34409
-24.5,-15.5,75620
-24.5,-14.5,66338
-24.5,-13.5,190990
-24.5,-12.5,69934
-24.5,-11.5,45279
-24.5,-10.5,80092
-24.5,-9.5,31158
-24.5,-8.5,522229
-24.5,-7.5,668469
-24.5,-6.5,536296
-24.5,-5.5,296240
-24.5,-4.5,98958
-24.5,-3.5,305746
-24.5,-2.5,350311
-24.5,-1.5,144401
-24.5,-0.5,96179
-24.5,0.5,31858
-24.5,1.5,413448
-24.5,2.5,359921
-24.5,3.5,688226
-24.5,4.5,643187
-24.5,5.5,1309620
-24.5,6.5,1076401
-24.5,7.5,843449
-24.5,8.5,852700
-24.5,9.5,766895
-24.5,10.5,332123
-24.5,11.5,250763
-24.5,12.5,178637
-24.5,13.5,459601
-24.5,14.5,90891
-24.5,16.5,7834
-24.5,17.5,9898
-24.5,18.5,52728
-24.5,19.5,110525
-24.5,20.5,11572
-24.5,22.5,27464
-24.5,32.5,712
-24.5,33.5,473
-24.5,37.5,9655
-24.5,40.5,3695
-24.5,41.5,1868
-24.5,43.5,1701
-24.5,54.5,13214
-24.5,55.5,177523
-24.5,56.5,119219
-24.5,57.5,119065
-24.5,58.5,442159
-24.5,59.5,61037
-24.5,66.5,47578
-23.5,-40.5,15933
-23.5,-37.5,574
-23.5,-27.5,105317
-23.5,-26.5,33018
-23.5,-25.5,46250
-23.5,-24.5,42918
-23.5,-23.5,68353
-23.5,-22.5,134898
-23.5,-21.5,327387
-23.5,-20.5,196149
-23.5,-19.5,74033
-23.5,-18.5,177128
-23.5,-17.5,69824
-23.5,-16.5,195
-23.5,-15.5,67721
-23.5,-13.5,37712
-23.5,-12.5,24254
-23.5,-11.5,19045
-23.5,-10.5,35752
-23.5,-9.5,158276
-23.5,-8.5,363903
-23.5,-7.5,977481
-23.5,-6.5,959132
-23.5,-5.5,682718
-23.5,-4.5,152010
-23.5,-3.5,240617
-23.5,-2.5,216814
-23.5,-1.5,101335
-23.5,-0.5,17220
-23.5,0.5,8936
-23.5,1.5,358579
-23.5,2.5,476007
-23.5,3.5,333000
-23.5,4.5,404634
-23.5,5.5,862168
-23.5,6.5,849132
-23.5,7.5,823512
-23.5,8.5,1434366
-23.5,9.5,527143
-23.5,10.5,344604
-23.5,11.5,198568
-23.5,12.5,196630
-23.5,13.5,340745
-23.5,14.5,49531
-23.5,17.5,87565
-23.5,18.5,109891
-23.5,19.5,27650
-23.5,20.5,39381
-23.5,21.5,29895
-23.5,22.5,41832
-23.5,23.5,27515
-23.5,40.5,6675
-23.5,51.5,5211
-23.5,55.5,138254
-23.5,56.5,219272
-23.5,57.5,283008
-23.5,58.5,806294
-23.5,59.5,143332
-23.5,66.5,90162
-22.5,-41.5,131
-22.5,-40.5,67679
-22.5,-38.5,37571
-22.5,-37.5,1601
-22.5,-35.5,20262
-22.5,-33.5,1802
-22.5,-27.5,26126
-22.5,-26.5,14274
-22.5,-25.5,52464
-22.5,-24.5,164544
-22.5,-23.5,194481
-22.5,-22.5,186323
-22.5,-21.5,126745
-22.5,-20.5,105443
-22.5,-19.5,45686
-22.5,-18.5,59271
-22.5,-17.5,27070
-22.5,-15.5,26830
-22.5,-13.5,163091
-22.5,-12.5,148122
-22.5,-11.5,35532
-22.5,-10.5,98360
-22.5,-9.5,302876
-22.5,-8.5,321487
-22.5,-7.5,1566018
-22.5,-6.5,1954002
-22.5,-5.5,716218
-22.5,-4.5,138283
-22.5,-3.5,315515
-22.5,-2.5,418822
-22.5,-1.5,238916
-22.5,-0.5,34773
-22.5,0.5,27130
-22.5,1.5,604287
-22.5,2.5,421132
-22.5,3.5,409691
-22.5,4.5,417517
-22.5,5.5,525197
-22.5,6.5,885242
-22.5,7.5,835517
-22.5,8.5,998338
-22.5,9.5,450888
-22.5,10.5,270159
-22.5,11.5,179697
-22.5,12.5,96621
-22.5,13.5,170935
-22.5,14.5,23261
-22.5,15.5,31013
-22.5,16.5,6796
-22.5,17.5,542361
-22.5,18.5,153876
-22.5,19.5,40258
-22.5,20.5,25759
-22.5,21.5,32309
-22.5,22.5,45447
-22.5,23.5,35965
-22.5,40.5,8751
-22.5,42.5,5899
-22.5,43.5,828
-22.5,55.5,88448
-22.5,56.5,167120
-22.5,57.5,228549
-22.5,58.5,554053
-22.5,59.5,171615
-22.5,64.5,13979
-21.5,-41.5,34278
-21.5,-40.5,65280
-21.5,-39.5,48249
-21.5,-38.5,66807
-21.5,-37.5,391
-21.5,-35.5,4380
-21.5,-27.5,85572
-21.5,-26.5,38913
-21.5,-25.5,38780
-21.5,-24.5,174160
-21.5,-23.5,113404
-21.5,-22.5,231797
-21.5,-21.5,253220
-21.5,-20.5,85776
-21.5,-19.5,228468
-21.5,-18.5,102494
-21.5,-17.5,540
-21.5,-15.5,14902
-21.5,-14.5,22562
-21.5,-13.5,213548
-21.5,-12.5,98735
-21.5,-11.5,11023
-21.5,-10.5,201255
-21.5,-9.5,213365
-21.5,-8.5,268188
-21.5,-7.5,2003735
-21.5,-6.5,2673260
-21.5,-5.5,2214888
-21.5,-4.5,216466
-21.5,-3.5,545362
-21.5,-2.5,260729
-21.5,-1.5,190101
-21.5,-0.5,4614
-21.5,1.5,149537
-21.5,2.5,255425
-21.5,3.5,438129
-21.5,4.5,577218
-21.5,5.5,489603
-21.5,6.5,825281
-21.5,7.5,658319
-21.5,8.5,380452
-21.5,9.5,304361
-21.5,10.5,77535
-21.5,11.5,132650
-21.5,12.5,50516
-21.5,13.5,35550
-21.5,14.5,3370
-21.5,15.5,58308
-21.5,16.5,130468
-21.5,17.5,314679
-21.5,18.5,46645
-21.5,19.5,147864
-21.5,20.5,45638
-21.5,21.5,1189
-21.5,22.5,23008
-21.5,23.5,19428
-21.5,34.5,712
-21.5,35.5,2920
-21.5,39.5,470
-21.5,40.5,11562
-21.5,42.5,564
-21.5,43.5,2074
-21.5,45.5,2750
-21.5,55.5,12270
-21.5,56.5,90980
-21.5,57.5,109089
-21.5,58.5,321343
-21.5,59.5,128212
-21.5,62.5,1348
-20.5,-41.5,15483
-20.5,-40.5,41353
-20.5,-39.5,9726
-20.5,-38.5,98378
-20.5,-37.5,9294
-20.5,-36.5,2798
-20.5,-27.5,86529
-20.5,-26.5,25597
-20.5,-25.5,50044
-20.5,-24.5,90269
-20.5,-23.5,38982
-20.5,-22.5,73766
-20.5,-21.5,101650
-20.5,-20.5,104164
-20.5,-19.5,191539
-20.5,-18.5,95228
-20.5,-14.5,15505
-20.5,-13.5,142215
-20.5,-12.5,113484
-20.5,-11.5,39049
-20.5,-10.5,432687
-20.5,-9.5,393427
-20.5,-8.5,696879
-20.5,-7.5,2098670
-20.5,-6.5,2856927
-20.5,-5.5,2952506
-20.5,-4.5,338950
-20.5,-3.5,839267
-20.5,-2.5,234101
-20.5,-1.5,59389
-20.5,-0.5,4175
-20.5,0.5,16627
-20.5,1.5,311750
-20.5,2.5,425896
-20.5,3.5,549119
-20.5,4.5,706378
-20.5,5.5,598637
-20.5,6.5,358648
-20.5,7.5,315431
-20.5,8.5,136738
-20.5,9.5,97551
-20.5,10.5,49923
-20.5,11.5,18524
-20.5,12.5,12042
-20.5,13.5,2719
-20.5,15.5,3836
-20.5,16.5,93758
-20.5,17.5,116803
-20.5,18.5,28482
-20.5,19.5,460589
-20.5,20.5,81917
-20.5,21.5,407
-20.5,22.5,33214
-20.5,23.5,2114
-20.5,35.5,9741
-20.5,36.5,12421
-20.5,37.5,21198
-20.5,38.5,6656
-20.5,40.5,18739
-20.5,55.5,32086
-20.5,56.5,438755
-20.5,57.5,364580
-20.5,58.5,264436
-20.5,59.5,61544
-20.5,62.5,26497
-19.5,-41.5,7734
-19.5,-40.5,57482
-19.5,-39.5,14859
-19.5,-38.5,39357
-19.5,-37.5,33443
-19.5,-36.5,22455
-19.5,-35.5,707
-19.5,-28.5,9888
-19.5,-27.5,25287
-19.5,-26.5,28831
-19.5,-25.5,4262
-19.5,-24.5,9314
-19.5,-23.5,326371
-19.5,-22.5,162132
-19.5,-21.5,82515
-19.5,-20.5,155353
-19.5,-19.5,45473
-19.5,-18.5,70938
-19.5,-15.5,1201
-19.5,-14.5,3511
-19.5,-13.5,3576
-19.5,-12.5,37112
-19.5,-11.5,238167
-19.5,-10.5,408166
-19.5,-9.5,357918
-19.5,-8.5,749012
-19.5,-7.5,2756363
-19.5,-6.5,2840496
-19.5,-5.5,3513532
-19.5,-4.5,351469
-19.5,-3.5,362795
-19.5,-2.5,408779
-19.5,-1.5,126324
-19.5,-0.5,7503
-19.5,0.5,6230
-19.5,1.5,94816
-19.5,2.5,496899
-19.5,3.5,510275
-19.5,4.5,480249
-19.5,5.5,475990
-19.5,6.5,305402
-19.5,7.5,226250
-19.5,8.5,62744
-19.5,9.5,37310
-19.5,10.5,15741
-19.5,12.5,1362
-19.5,16.5,17845
-19.5,17.5,113784
-19.5,18.5,174151
-19.5,19.5,974184
-19.5,20.5,248809
-19.5,21.5,16461
-19.5,22.5,4789
-19.5,23.5,1404
-19.5,36.5,871
-19.5,37.5,47776
-19.5,38.5,261
-19.5,40.5,9276
-19.5,42.5,555
-19.5,43.5,370
-19.5,51.5,3741
-19.5,54.5,114037
-19.5,55.5,134476
-19.5,56.5,843460
-19.5,57.5,388924
-19.5,58.5,282773
-19.5,59.5,8639
-18.5,-40.5,18328
-18.5,-38.5,8389
-18.5,-37.5,70247
-18.5,-36.5,26558
-18.5,-35.5,4006
-18.5,-28.5,4213
-18.5,-27.5,7161
-18.5,-26.5,5489
-18.5,-24.5,28704
-18.5,-23.5,150625
-18.5,-22.5,55073
-18.5,-21.5,12911
-18.5,-20.5,9385
-18.5,-19.5,30875
-18.5,-18.5,46121
-18.5,-17.5,2818
-18.5,-12.5,9568
-18.5,-11.5,108828
-18.5,-10.5,396934
-18.5,-9.5,376757
-18.5,-8.5,293968
-18.5,-7.5,1213862
-18.5,-6.5,3422251
-18.5,-5.5,4209671
-18.5,-4.5,385225
-18.5,-3.5,347589
-18.5,-2.5,164041
-18.5,-1.5,37591
-18.5,-0.5,11456
-18.5,0.5,39238
-18.5,1.5,298080
-18.5,2.5,631300
-18.5,3.5,993077
-18.5,4.5,641153
-18.5,5.5,208923
-18.5,6.5,140882
-18.5,7.5,60632
-18.5,8.5,32478
-18.5,10.5,597
-18.5,12.5,1282
-18.5,13.5,6005
-18.5,15.5,5708
-18.5,16.5,162202
-18.5,17.5,352427
-18.5,18.5,568363
-18.5,19.5,368525
-18.5,20.5,92128
-18.5,21.5,550893
-18.5,22.5,151031
-18.5,25.5,164
-18.5,26.5,544
-18.5,37.5,9082
-18.5,38.5,7383
-18.5,39.5,424
-18.5,40.5,8453
-18.5,42.5,392
-18.5,46.5,6097
-18.5,50.5,8847
-18.5,54.5,1075651
-18.5,55.5,699640
-18.5,56.5,357517
-18.5,57.5,137276
-18.5,58.5,465923
-18.5,59.5,59238
-17.5,-38.5,8583
-17.5,-37.5,103264
-17.5,-36.5,41992
-17.5,-25.5,4752
-17.5,-24.5,33728
-17.5,-23.5,29062
-17.5,-22.5,21406
-17.5,-21.5,78861
-17.5,-20.5,97180
-17.5,-19.5,119751
-17.5,-18.5,220301
-17.5,-13.5,55103
-17.5,-12.5,7856
-17.5,-11.5,357862
-17.5,-10.5,263965
-17.5,-9.5,74811
-17.5,-8.5,20707
-17.5,-7.5,14931
-17.5,-6.5,574817
-17.5,-5.5,3463361
-17.5,-4.5,770667
-17.5,-3.5,375761
-17.5,-2.5,221763
-17.5,-1.5,117599
-17.5,-0.5,41558
-17.5,0.5,80109
-17.5,1.5,193307
-17.5,2.5,303502
-17.5,3.5,573725
-17.5,4.5,790651
-17.5,5.5,459093
-17.5,6.5,102345
-17.5,7.5,35664
-17.5,8.5,69
-17.5,10.5,9162
-17.5,11.5,1400343
-17.5,12.5,192392
-17.5,13.5,2075
-17.5,14.5,42099
-17.5,16.5,440928
-17.5,17.5,980299
-17.5,18.5,962441
-17.5,19.5,287943
-17.5,20.5,241581
-17.5,21.5,494520
-17.5,22.5,373967
-17.5,23.5,11409
-17.5,24.5,1894
-17.5,26.5,394
-17.5,38.5,7196
-17.5,40.5,4652
-17.5,42.5,2551
-17.5,43.5,8643
-17.5,44.5,2112
-17.5,45.5,1200
-17.5,49.5,20282
-17.5,50.5,5622
-17.5,51.5,1056
-17.5,53.5,16579
-17.5,54.5,146199
-17.5,55.5,3899590
-17.5,56.5,554440
-17.5,57.5,600315
-17.5,58.5,236928
-17.5,59.5,544478
-16.5,-37.5,1372
-16.5,-36.5,5422
-16.5,-35.5,221
-16.5,-28.5,118
-16.5,-27.5,4745
-16.5,-25.5,35361
-16.5,-24.5,2469
-16.5,-23.5,26115
-16.5,-22.5,20710
-16.5,-21.5,47169
-16.5,-20.5,9902
-16.5,-19.5,64305
-16.5,-18.5,52166
-16.5,-17.5,7255
-16.5,-13.5,99076
-16.5,-12.5,123022
-16.5,-11.5,144070
-16.5,-10.5,52163
-16.5,-5.5,133616
-16.5,-4.5,88797
-16.5,-3.5,289516
-16.5,-2.5,688203
-16.5,-1.5,128627
-16.5,-0.5,32516
-16.5,0.5,52002
-16.5,1.5,399340
-16.5,2.5,537400
-16.5,3.5,346780
-16.5,4.5,288118
-16.5,5.5,358610
-16.5,6.5,276752
-16.5,7.5,10119
-16.5,10.5,223460
-16.5,11.5,299684
-16.5,12.5,13076
-16.5,16.5,60431
-16.5,17.5,331580
-16.5,18.5,63460
-16.5,19.5,69917
-16.5,23.5,3371
-16.5,24.5,7685
-16.5,26.5,30605
-16.5,27.5,627
-16.5,28.5,4069
-16.5,37.5,7842
-16.5,38.5,9389
-16.5,40.5,5631
-16.5,44.5,5438
-16.5,48.5,470
-16.5,49.5,127784
-16.5,50.5,250054
-16.5,51.5,9649
-16.5,52.5,26776
-16.5,53.5,7286453
-16.5,54.5,583526
-16.5,55.5,936362
-16.5,56.5,168770
-16.5,57.5,639037
-16.5,58.5,463786
-16.5,59.5,653721
-16.5,60.5,123030
-15.5,-41.5,1385
-15.5,-28.5,16579
-15.5,-26.5,4305
-15.5,-25.5,33970
-15.5,-24.5,27102
-15.5,-23.5,38126
-15.5,-22.5,1423
-15.5,-21.5,757
-15.5,-19.5,29656
-15.5,-18.5,183456
-15.5,-17.5,52822
-15.5,-14.5,12770
-15.5,-13.5,91529
-15.5,-12.5,204557
-15.5,-11.5,320552
-15.5,-4.5,48209
-15.5,-3.5,297932
-15.5,-2.5,468473
-15.5,-1.5,351675
-15.5,-0.5,46069
-15.5,0.5,52501
-15.5,1.5,270413
-15.5,2.5,691122
-15.5,3.5,378126
-15.5,4.5,43770
-15.5,5.5,8530
-15.5,25.5,602
-15.5,26.5,13087
-15.5,27.5,16459
-15.5,28.5,93755
-15.5,29.5,566
-15.5,35.5,3119
-15.5,37.5,73541
-15.5,38.5,5569
-15.5,44.5,3229
-15.5,48.5,131936
-15.5,49.5,3402084
-15.5,50.5,5469132
-15.5,51.5,8680
-15.5,53.5,318565
-15.5,54.5,45223
-15.5,55.5,85862
-15.5,56.5,75499
-15.5,57.5,318690
-15.5,58.5,300358
-15.5,59.5,701749
-15.5,60.5,644033
-14.5,-42.5,14586
-14.5,-31.5,3061
-14.5,-25.5,24230
-14.5,-24.5,2011
-14.5,-19.5,9546
-14.5,-18.5,123353
-14.5,-14.5,20882
-14.5,-13.5,181056
-14.5,-12.5,126420
-14.5,-11.5,324342
-14.5,-4.5,207512
-14.5,-3.5,300944
-14.5,-2.5,609106
-14.5,-1.5,317862
-14.5,-0.5,19031
-14.5,0.5,75068
-14.5,1.5,414507
-14.5,2.5,609837
-14.5,3.5,358821
-14.5,4.5,8643
-14.5,37.5,41845
-14.5,38.5,10647
-14.5,40.5,1227
-14.5,48.5,20050
-14.5,49.5,70595
-14.5,50.5,14515
-14.5,56.5,9045
-14.5,58.5,55143
-14.5,59.5,890540
-14.5,60.5,251210
-13.5,-44.5,2387
-13.5,-42.5,18645
-13.5,-31.5,2779
-13.5,-26.5,15796
-13.5,-25.5,64472
-13.5,-19.5,229836
-13.5,-18.5,276498
-13.5,-17.5,13038
-13.5,-16.5,9334
-13.5,-13.5,425551
-13.5,-12.5,385539
-13.5,-11.5,253108
-13.5,-4.5,85931
-13.5,-3.5,139870
-13.5,-2.5,485880
-13.5,-1.5,345230
-13.5,-0.5,104067
-13.5,0.5,64514
-13.5,1.5,308365
-13.5,2.5,634266
-13.5,3.5,423630
-13.5,34.5,6186
-13.5,35.5,1038
-13.5,36.5,4054
-13.5,37.5,4605
-13.5,42.5,475
-13.5,48.5,3112
-13.5,54.5,26627
-13.5,56.5,1197
-13.5,60.5,31352
-12.5,-44.5,19135
-12.5,-26.5,30324
-12.5,-25.5,17604
-12.5,-19.5,1367
-12.5,-18.5,83906
-12.5,-17.5,24372
-12.5,-16.5,4112
-12.5,-13.5,405010
-12.5,-12.5,673071
-12.5,-11.5,669647
-12.5,-10.5,41851
-12.5,-6.5,696
-12.5,-5.5,18572
-12.5,-4.5,49574
-12.5,-3.5,340459
-12.5,-2.5,1067550
-12.5,-1.5,578899
-12.5,-0.5,110939
-12.5,0.5,11937
-12.5,1.5,378734
-12.5,2.5,542417
-12.5,3.5,58161
-12.5,42.5,414
-12.5,48.5,19080
-12.5,54.5,379262
-12.5,57.5,23211
-12.5,60.5,5611
-11.5,-45.5,6925
-11.5,-44.5,52530
-11.5,-28.5,22307
-11.5,-26.5,16053
-11.5,-25.5,21187
-11.5,-24.5,152
-11.5,-18.5,19232
-11.5,-17.5,12611
-11.5,-15.5,1241
-11.5,-14.5,2129
-11.5,-13.5,178166
-11.5,-12.5,178448
-11.5,-11.5,652178
-11.5,-10.5,817995
-11.5,-9.5,41895
-11.5,-7.5,913
-11.5,-6.5,68452
-11.5,-5.5,405845
-11.5,-4.5,188893
-11.5,-3.5,456624
-11.5,-2.5,1181323
-11.5,-1.5,528818
-11.5,-0.5,70629
-11.5,0.5,28246
-11.5,1.5,322287
-11.5,2.5,171081
-11.5,39.5,647
-11.5,40.5,441
-11.5,57.5,23149
-11.5,58.5,20592
-11.5,60.5,21119
-11.5,61.5,3927
-10.5,-44.5,79701
-10.5,-36.5,20404
-10.5,-29.5,20701
-10.5,-28.5,10428
-10.5,-26.5,23183
-10.5,-25.5,29
-10.5,-18.5,12087
-10.5,-17.5,9223
-10.5,-16.5,34465
-10.5,-15.5,70588
-10.5,-13.5,232296
-10.5,-12.5,307177
-10.5,-11.5,720123
-10.5,-10.5,825784
-10.5,-9.5,306543
-10.5,-8.5,387845
-10.5,-7.5,983359
-10.5,-6.5,1103145
-10.5,-5.5,444804
-10.5,-4.5,361210
-10.5,-3.5,422669
-10.5,-2.5,750516
-10.5,-1.5,521678
-10.5,-0.5,40471
-10.5,0.5,16557
-10.5,1.5,190229
-10.5,2.5,653
-10.5,40.5,1382
-10.5,41.5,1891
-10.5,53.5,3092
-10.5,57.5,72553
-10.5,58.5,57777
-10.5,59.5,8796
-10.5,60.5,502769
-10.5,66.5,2053
-9.5,-44.5,45439
-9.5,-35.5,25033
-9.5,-30.5,21962
-9.5,-29.5,26457
-9.5,-28.5,19953
-9.5,-27.5,2623
-9.5,-26.5,22910
-9.5,-17.5,3483
-9.5,-16.5,17210
-9.5,-15.5,82592
-9.5,-14.5,44456
-9.5,-13.5,445063
-9.5,-12.5,271270
-9.5,-11.5,288599
-9.5,-10.5,256148
-9.5,-9.5,337587
-9.5,-8.5,282402
-9.5,-7.5,753787
-9.5,-6.5,766001
-9.5,-5.5,602335
-9.5,-4.5,171860
-9.5,-3.5,299305
-9.5,-2.5,1022336
-9.5,-1.5,350761
-9.5,-0.5,11462
-9.5,0.5,35302
-9.5,1.5,43758
-9.5,40.5,18413
-9.5,41.5,8664
-9.5,42.5,18892
-9.5,57.5,72940
-9.5,58.5,84639
-9.5,59.5,133089
-9.5,60.5,2402381
-8.5,-44.5,47833
-8.5,-35.5,7988
-8.5,-34.5,15477
-8.5,-30.5,22303
-8.5,-29.5,31072
-8.5,-28.5,140
-8.5,-27.5,21907
-8.5,-26.5,3736
-8.5,-13.5,648691
-8.5,-12.5,387264
-8.5,-11.5,345037
-8.5,-10.5,146903
-8.5,-9.5,78294
-8.5,-8.5,88909
-8.5,-7.5,267027
-8.5,-6.5,502908
-8.5,-5.5,322246
-8.5,-4.5,145320
-8.5,-3.5,431810
-8.5,-2.5,723796
-8.5,-1.5,397707
-8.5,-0.5,18425
-8.5,0.5,44484
-8.5,40.5,90379
-8.5,41.5,5945
-8.5,42.5,5206
-8.5,59.5,4738164
-8.5,60.5,15714196
-8.5,61.5,1665479
-8.5,62.5,9457
-8.5,63.5,5005
-8.5,64.5,313845
-7.5,-44.5,40862
-7.5,-43.5,7140
-7.5,-37.5,5378
-7.5,-36.5,11982
-7.5,-35.5,4537
-7.5,-30.5,6260
-7.5,-29.5,78317
-7.5,-28.5,41477
-7.5,-27.5,34938
-7.5,-26.5,5108
-7.5,-13.5,8298
-7.5,-12.5,287940
-7.5,-11.5,288529
-7.5,-10.5,65565
-7.5,-9.5,117476
-7.5,-8.5,110022
-7.5,-7.5,143598
-7.5,-6.5,471220
-7.5,-5.5,118006
-7.5,-4.5,89507
-7.5,-3.5,382157
-7.5,-2.5,660391
-7.5,-1.5,438442
-7.5,-0.5,17901
-7.5,0.5,95239
-7.5,1.5,819
-7.5,59.5,5822498
-7.5,60.5,13926859
-7.5,61.5,4830398
-7.5,62.5,99794
-7.5,63.5,91338
-7.5,64.5,817610
-6.5,-45.5,58580
-6.5,-44.5,335932
-6.5,-43.5,292863
-6.5,-37.5,43989
-6.5,-36.5,79689
-6.5,-35.5,5748
-6.5,-30.5,10694
-6.5,-29.5,87966
-6.5,-28.5,180884
-6.5,-27.5,95493
-6.5,-22.5,7314
-6.5,-12.5,696587
-6.5,-11.5,603227
-6.5,-10.5,295640
-6.5,-9.5,227989
-6.5,-8.5,89922
-6.5,-7.5,108227
-6.5,-6.5,416920
-6.5,-5.5,251868
-6.5,-4.5,203390
-6.5,-3.5,715937
-6.5,-2.5,1236337
-6.5,-1.5,540843
-6.5,-0.5,54788
-6.5,0.5,86347
-6.5,1.5,45971
-6.5,2.5,49810
-6.5,3.5,8240
-6.5,4.5,4684
-6.5,59.5,1262407
-6.5,60.5,16633713
-6.5,61.5,114239
-6.5,62.5,1125442
-6.5,63.5,277205
-6.5,64.5,746769
-6.5,66.5,83948
-6.5,67.5,92339
-5.5,-45.5,36868
-5.5,-44.5,450357
-5.5,-43.5,716527
-5.5,-42.5,36490
-5.5,-37.5,5963
-5.5,-36.5,26861
-5.5,-35.5,20661
-5.5,-32.5,1652
-5.5,-30.5,1485
-5.5,-29.5,134931
-5.5,-28.5,21802
-5.5,-27.5,15258
-5.5,-26.5,35165
-5.5,-25.5,993
-5.5,-23.5,4018
-5.5,-22.5,3758
-5.5,-12.5,84345
-5.5,-11.5,598597
-5.5,-10.5,578625
-5.5,-9.5,269157
-5.5,-8.5,319901
-5.5,-7.5,89934
-5.5,-6.5,147366
-5.5,-5.5,235362
-5.5,-4.5,153943
-5.5,-3.5,746377
-5.5,-2.5,865654
-5.5,-1.5,360227
-5.5,-0.5,119918
-5.5,0.5,228796
-5.5,1.5,404684
-5.5,2.5,45607
-5.5,3.5,122017
-5.5,4.5,3673
-5.5,49.5,12960
-5.5,59.5,122457
-5.5,60.5,11138795
-5.5,61.5,397133
-5.5,62.5,142268
-5.5,63.5,1676292
-5.5,64.5,596214
-5.5,65.5,2196089
-5.5,66.5,1076366
-5.5,67.5,786044
-4.5,-45.5,27436
-4.5,-44.5,382049
-4.5,-43.5,332707
-4.5,-42.5,69891
-4.5,-41.5,2029
-4.5,-38.5,7368
-4.5,-37.5,80708
-4.5,-36.5,62310
-4.5,-35.5,65824
-4.5,-33.5,8091
-4.5,-32.5,13598
-4.5,-29.5,2150
-4.5,-28.5,21128
-4.5,-27.5,93281
-4.5,-26.5,127085
-4.5,-25.5,376
-4.5,-23.5,5057
-4.5,-12.5,146062
-4.5,-11.5,329760
-4.5,-10.5,523660
-4.5,-9.5,405810
-4.5,-8.5,98860
-4.5,-7.5,245452
-4.5,-6.5,44508
-4.5,-5.5,76131
-4.5,-4.5,67375
-4.5,-3.5,355609
-4.5,-2.5,976286
-4.5,-1.5,357134
-4.5,-0.5,32266
-4.5,0.5,251030
-4.5,1.5,396241
-4.5,2.5,19971
-4.5,3.5,126491
-4.5,4.5,4896
-4.5,59.5,7188
-4.5,60.5,607812
-4.5,61.5,4160051
-4.5,62.5,227706
-4.5,63.5,1211971
-4.5,64.5,828041
-4.5,65.5,6105419
-4.5,66.5,2632092
-4.5,67.5,1367224
-3.5,-45.5,29416
-3.5,-44.5,329821
-3.5,-43.5,221877
-3.5,-42.5,241652
-3.5,-41.5,13647
-3.5,-37.5,15510
-3.5,-36.5,6546
-3.5,-35.5,37693
-3.5,-33.5,8118
-3.5,-32.5,12113
-3.5,-30.5,37393
-3.5,-29.5,104901
-3.5,-28.5,14421
-3.5,-27.5,86276
-3.5,-26.5,99357
-3.5,-25.5,2678
-3.5,-20.5,4063
-3.5,-19.5,32439
-3.5,-12.5,296954
-3.5,-11.5,504254
-3.5,-10.5,342728
-3.5,-9.5,386058
-3.5,-8.5,203536
-3.5,-7.5,99828
-3.5,-6.5,149783
-3.5,-5.5,77792
-3.5,-4.5,61813
-3.5,-3.5,410267
-3.5,-2.5,884372
-3.5,-1.5,619213
-3.5,-0.5,156238
-3.5,0.5,186392
-3.5,1.5,235024
-3.5,60.5,62266
-3.5,61.5,1828237
-3.5,62.5,1917868
-3.5,63.5,1508145
-3.5,64.5,914413
-3.5,65.5,3572813
-3.5,66.5,3529133
-3.5,67.5,796813
-3.5,68.5,9968
-2.5,-45.5,10010
-2.5,-44.5,308914
-2.5,-43.5,448527
-2.5,-42.5,86222
-2.5,-41.5,15720
-2.5,-37.5,18928
-2.5,-36.5,29123
-2.5,-35.5,40606
-2.5,-34.5,3137
-2.5,-33.5,1594
-2.5,-32.5,17763
-2.5,-30.5,76389
-2.5,-29.5,46640
-2.5,-27.5,2152
-2.5,-26.5,8703
-2.5,-23.5,4838
-2.5,-22.5,2640
-2.5,-21.5,7134
-2.5,-20.5,2561
-2.5,-19.5,27753
-2.5,-13.5,10829
-2.5,-12.5,184355
-2.5,-11.5,252998
-2.5,-10.5,198062
-2.5,-9.5,515686
-2.5,-8.5,379605
-2.5,-7.5,184346
-2.5,-6.5,223253
-2.5,-5.5,136155
-2.5,-4.5,185800
-2.5,-3.5,674979
-2.5,-2.5,1008058
-2.5,-1.5,626661
-2.5,-0.5,103490
-2.5,0.5,300908
-2.5,1.5,272422
-2.5,60.5,201718
-2.5,61.5,16643
-2.5,62.5,1303428
-2.5,63.5,1944773
-2.5,64.5,1703184
-2.5,65.5,4330408
-2.5,66.5,2672127
-2.5,67.5,1007024
-2.5,68.5,60875
-1.5,-45.5,10822
-1.5,-44.5,544533
-1.5,-43.5,338556
-1.5,-42.5,339562
-1.5,-41.5,16481
-1.5,-40.5,917
-1.5,-37.5,9877
-1.5,-36.5,38683
-1.5,-35.5,21501
-1.5,-33.5,1227
-1.5,-32.5,1441
-1.5,-31.5,1513
-1.5,-30.5,22622
-1.5,-29.5,49181
-1.5,-28.5,15589
-1.5,-27.5,2020
-1.5,-25.5,4762
-1.5,-23.5,32152
-1.5,-22.5,79077
-1.5,-21.5,28909
-1.5,-17.5,543
-1.5,-16.5,72373
-1.5,-15.5,13122
-1.5,-14.5,13379
-1.5,-13.5,99019
-1.5,-12.5,226565
-1.5,-11.5,574921
-1.5,-10.5,664246
-1.5,-9.5,354721
-1.5,-8.5,355533
-1.5,-7.5,172921
-1.5,-6.5,79896
-1.5,-5.5,52044
-1.5,-4.5,116412
-1.5,-3.5,437893
-1.5,-2.5,1510242
-1.5,-1.5,1021674
-1.5,-0.5,206597
-1.5,0.5,524057
-1.5,1.5,464456
-1.5,60.5,52944
-1.5,61.5,790702
-1.5,62.5,7298
-1.5,63.5,1366182
-1.5,64.5,5487773
-1.5,65.5,8289030
-1.5,66.5,2544517
-1.5,67.5,2334727
-1.5,68.5,1584687
-1.5,72.5,3132
-0.5,-45.5,9647
-0.5,-44.5,608531
-0.5,-43.5,599338
-0.5,-42.5,127885
-0.5,-41.5,15024
-0.5,-37.5,7688
-0.5,-36.5,24906
-0.5,-35.5,13895
-0.5,-34.5,7581
-0.5,-33.5,10187
-0.5,-32.5,19521
-0.5,-31.5,45337
-0.5,-30.5,22634
-0.5,-29.5,65551
-0.5,-28.5,92807
-0.5,-27.5,69216
-0.5,-26.5,16029
-0.5,-25.5,117499
-0.5,-24.5,170381
-0.5,-23.5,225288
-0.5,-22.5,287239
-0.5,-21.5,104169
-0.5,-20.5,60855
-0.5,-19.5,115981
-0.5,-18.5,148669
-0.5,-17.5,73283
-0.5,-16.5,53922
-0.5,-15.5,38448
-0.5,-14.5,231673
-0.5,-13.5,62508
-0.5,-12.5,542509
-0.5,-11.5,456137
-0.5,-10.5,839948
-0.5,-9.5,634378
-0.5,-8.5,336063
-0.5,-7.5,107169
-0.5,-6.5,140981
-0.5,-5.5,168723
-0.5,-4.5,116276
-0.5,-3.5,565078
-0.5,-2.5,1317501
-0.5,-1.5,795244
-0.5,-0.5,255493
-0.5,0.5,297302
-0.5,1.5,597998
-0.5,5.5,2539
-0.5,60.5,99487
-0.5,61.5,1547364
-0.5,63.5,574101
-0.5,64.5,8696781
-0.5,65.5,8145953
-0.5,66.5,4620953
-0.5,67.5,5487473
-0.5,68.5,2138299
-0.5,69.5,8476
0.5,-45.5,191
0.5,-44.5,593053
0.5,-43.5,509857
0.5,-42.5,596029
0.5,-41.5,172503
0.5,-36.5,16424
0.5,-35.5,21734
0.5,-32.5,25021
0.5,-31.5,215833
0.5,-30.5,156049
0.5,-29.5,32685
0.5,-28.5,27063
0.5,-27.5,58288
0.5,-26.5,117052
0.5,-25.5,229994
0.5,-24.5,158913
0.5,-23.5,188627
0.5,-22.5,220103
0.5,-21.5,86962
0.5,-20.5,193659
0.5,-19.5,321520
0.5,-18.5,159867
0.5,-17.5,37179
0.5,-16.5,56074
0.5,-15.5,93999
0.5,-14.5,453228
0.5,-13.5,151978
0.5,-12.5,192623
0.5,-11.5,411350
0.5,-10.5,225451
0.5,-9.5,314866
0.5,-8.5,619643
0.5,-7.5,72306
0.5,-6.5,105116
0.5,-5.5,207449
0.5,-4.5,165216
0.5,-3.5,444894
0.5,-2.5,1136296
0.5,-1.5,1412274
0.5,-0.5,135464
0.5,0.5,554878
0.5,1.5,979733
0.5,2.5,1718
0.5,5.5,20759
0.5,59.5,18294
0.5,61.5,1530422
0.5,62.5,22856
0.5,64.5,1106237
0.5,65.5,11384081
0.5,66.5,8189802
0.5,67.5,6003842
0.5,68.5,1514454
0.5,69.5,169457
0.5,71.5,4093
1.5,-45.5,3649
1.5,-44.5,370645
1.5,-43.5,260613
1.5,-42.5,322710
1.5,-41.5,892332
1.5,-35.5,8853
1.5,-34.5,6729
1.5,-32.5,11652
1.5,-31.5,68844
1.5,-30.5,37535
1.5,-29.5,62241
1.5,-28.5,12646
1.5,-27.5,70711
1.5,-26.5,63430
1.5,-25.5,151158
1.5,-24.5,184370
1.5,-23.5,145137
1.5,-22.5,906711
1.5,-21.5,501637
1.5,-20.5,292313
1.5,-19.5,70765
1.5,-18.5,12167
1.5,-17.5,12798
1.5,-16.5,3027
1.5,-15.5,34387
1.5,-14.5,133849
1.5,-13.5,92350
1.5,-12.5,199453
1.5,-11.5,398739
1.5,-10.5,366501
1.5,-9.5,360851
1.5,-8.5,436063
1.5,-7.5,123960
1.5,-6.5,48667
1.5,-5.5,80612
1.5,-4.5,200414
1.5,-3.5,1631301
1.5,-2.5,2114633
1.5,-1.5,2551662
1.5,-0.5,653360
1.5,0.5,463370
1.5,1.5,798904
1.5,2.5,159556
1.5,59.5,19972
1.5,61.5,418300
1.5,65.5,8590968
1.5,66.5,8164075
1.5,67.5,4278008
1.5,68.5,1796738
1.5,69.5,628225
1.5,70.5,66753
1.5,71.5,624
2.5,-45.5,11341
2.5,-44.5,135938
2.5,-43.5,294679
2.5,-42.5,180742
2.5,-41.5,17123
2.5,-37.5,34
2.5,-36.5,582
2.5,-35.5,8475
2.5,-34.5,14588
2.5,-32.5,1737
2.5,-31.5,85165
2.5,-30.5,9931
2.5,-29.5,60954
2.5,-28.5,8145
2.5,-27.5,618
2.5,-26.5,44135
2.5,-25.5,386534
2.5,-24.5,39953
2.5,-23.5,217505
2.5,-22.5,442977
2.5,-21.5,450215
2.5,-20.5,517465
2.5,-19.5,294299
2.5,-18.5,121009
2.5,-17.5,68912
2.5,-16.5,20822
2.5,-15.5,14286
2.5,-14.5,17396
2.5,-13.5,13087
2.5,-12.5,151628
2.5,-11.5,420742
2.5,-10.5,317570
2.5,-9.5,523786
2.5,-8.5,214443
2.5,-7.5,249325
2.5,-6.5,26452
2.5,-5.5,82962
2.5,-4.5,249157
2.5,-3.5,963411
2.5,-2.5,653419
2.5,-1.5,488277
2.5,-0.5,114381
2.5,0.5,209901
2.5,1.5,447348
2.5,2.5,822793
2.5,58.5,45586
2.5,59.5,18758
2.5,60.5,1322209
2.5,61.5,1071322
2.5,62.5,3454
2.5,65.5,143478
2.5,66.5,5453764
2.5,67.5,5969245
2.5,68.5,2743529
2.5,69.5,136118
2.5,70.5,565283
2.5,71.5,10598769
2.5,72.5,255295
3.5,-45.5,22759
3.5,-44.5,306333
3.5,-43.5,1085690
3.5,-42.5,272791
3.5,-41.5,36115
3.5,-37.5,4982
3.5,-36.5,1067
3.5,-34.5,9199
3.5,-31.5,7785
3.5,-30.5,26869
3.5,-29.5,79282
3.5,-28.5,22685
3.5,-27.5,3619
3.5,-26.5,102121
3.5,-25.5,433684
3.5,-24.5,165650
3.5,-23.5,257735
3.5,-22.5,411729
3.5,-21.5,341652
3.5,-20.5,616006
3.5,-19.5,487124
3.5,-18.5,293402
3.5,-17.5,234560
3.5,-16.5,39805
3.5,-15.5,40554
3.5,-14.5,1377
3.5,-13.5,5097
3.5,-12.5,221216
3.5,-11.5,192478
3.5,-10.5,232946
3.5,-9.5,216525
3.5,-8.5,80564
3.5,-7.5,110122
3.5,-6.5,190038
3.5,-5.5,182256
3.5,-4.5,129615
3.5,-3.5,9908
3.5,0.5,1844
3.5,1.5,60938
3.5,2.5,3030
3.5,6.5,495792
3.5,58.5,1029730
3.5,59.5,189391
3.5,60.5,735561
3.5,61.5,3474
3.5,62.5,107935
3.5,66.5,1096601
3.5,67.5,1189134
3.5,68.5,836349
3.5,69.5,23523
3.5,70.5,252103
3.5,71.5,1650772
3.5,72.5,1595824
3.5,73.5,4562
4.5,-45.5,5485
4.5,-44.5,188501
4.5,-43.5,498851
4.5,-42.5,310087
4.5,-41.5,6035
4.5,-38.5,6484
4.5,-37.5,26569
4.5,-36.5,32223
4.5,-35.5,14113
4.5,-30.5,29022
4.5,-29.5,43887
4.5,-28.5,3284
4.5,-26.5,38033
4.5,-25.5,138424
4.5,-24.5,81107
4.5,-23.5,216545
4.5,-22.5,479007
4.5,-21.5,233047
4.5,-20.5,247319
4.5,-19.5,1135868
4.5,-18.5,216992
4.5,-17.5,160323
4.5,-16.5,122905
4.5,-15.5,119073
4.5,-13.5,8052
4.5,-12.5,111801
4.5,-11.5,171118
4.5,-10.5,158733
4.5,-9.5,80244
4.5,-8.5,264784
4.5,-7.5,152306
4.5,-6.5,5260
4.5,-5.5,115921
4.5,-4.5,9291
4.5,0.5,35830
4.5,1.5,13278
4.5,5.5,3031977
4.5,6.5,616703
4.5,52.5,19678
4.5,58.5,158036
4.5,62.5,327001
4.5,67.5,2987
4.5,70.5,17818
4.5,71.5,706486
4.5,72.5,3437214
4.5,73.5,6929
5.5,-48.5,12874
5.5,-44.5,71750
5.5,-43.5,641395
5.5,-42.5,533858
5.5,-41.5,35705
5.5,-38.5,17407
5.5,-37.5,54855
5.5,-36.5,65804
5.5,-35.5,8310
5.5,-34.5,84
5.5,-33.5,6239
5.5,-31.5,3721
5.5,-30.5,14403
5.5,-29.5,87920
5.5,-28.5,4069
5.5,-27.5,20482
5.5,-26.5,46326
5.5,-25.5,35832
5.5,-24.5,22059
5.5,-23.5,355481
5.5,-22.5,522483
5.5,-21.5,402507
5.5,-20.5,117937
5.5,-19.5,830359
5.5,-18.5,263918
5.5,-17.5,172695
5.5,-16.5,813985
5.5,-15.5,648527
5.5,-14.5,14530
5.5,-12.5,18357
5.5,-11.5,124713
5.5,-10.5,122729
5.5,-9.5,76625
5.5,-8.5,60183
5.5,-7.5,35765
5.5,-6.5,1792
5.5,-5.5,51972
5.5,-4.5,706
5.5,-0.5,47852
5.5,0.5,76744
5.5,1.5,50905
5.5,4.5,1310937
5.5,5.5,2049388
5.5,57.5,322715
5.5,58.5,6350
5.5,62.5,969564
5.5,63.5,609326
5.5,65.5,38355
5.5,66.5,17366
5.5,67.5,3861
5.5,70.5,4972
5.5,71.5,181994
5.5,72.5,904820
5.5,73.5,6981
5.5,75.5,8549
6.5,-72.5,2832
6.5,-49.5,5919
6.5,-44.5,40534
6.5,-43.5,348028
6.5,-42.5,265088
6.5,-41.5,83938
6.5,-40.5,738
6.5,-37.5,93096
6.5,-36.5,71369
6.5,-34.5,12721
6.5,-33.5,27592
6.5,-32.5,16306
6.5,-31.5,20165
6.5,-30.5,3875
6.5,-29.5,62747
6.5,-28.5,28344
6.5,-27.5,10546
6.5,-26.5,10920
6.5,-25.5,49172
6.5,-24.5,26681
6.5,-23.5,242799
6.5,-22.5,87955
6.5,-21.5,8205
6.5,-20.5,34320
6.5,-19.5,78773
6.5,-18.5,147505
6.5,-17.5,597015
6.5,-16.5,1069803
6.5,-15.5,339143
6.5,-14.5,5672
6.5,-13.5,645
6.5,-12.5,12345
6.5,-11.5,46635
6.5,-10.5,55854
6.5,-9.5,147648
6.5,-8.5,88741
6.5,-7.5,66539
6.5,-6.5,47726
6.5,-5.5,85581
6.5,-4.5,10699
6.5,-1.5,929
6.5,-0.5,137114
6.5,0.5,8636
6.5,1.5,7546
6.5,2.5,34484
6.5,4.5,195151
6.5,57.5,180908
6.5,62.5,150857
6.5,63.5,354204
6.5,66.5,682806
6.5,67.5,2276
6.5,71.5,110119
6.5,72.5,994896
6.5,73.5,27080
7.5,-44.5,14818
7.5,-43.5,299460
7.5,-42.5,390017
7.5,-41.5,12927
7.5,-40.5,2009
7.5,-36.5,7029
7.5,-35.5,25825
7.5,-34.5,54121
7.5,-33.5,11248
7.5,-31.5,24825
7.5,-30.5,6780
7.5,-29.5,17609
7.5,-28.5,14400
7.5,-27.5,19891
7.5,-26.5,10116
7.5,-25.5,18736
7.5,-24.5,43398
7.5,-23.5,258539
7.5,-22.5,387596
7.5,-21.5,73212
7.5,-20.5,53186
7.5,-19.5,511752
7.5,-18.5,824688
7.5,-17.5,1757687
7.5,-16.5,1397965
7.5,-15.5,126966
7.5,-14.5,13708
7.5,-12.5,15705
7.5,-11.5,34910
7.5,-10.5,155416
7.5,-9.5,24090
7.5,-8.5,103623
7.5,-7.5,223781
7.5,-6.5,56816
7.5,-5.5,41951
7.5,-1.5,13638
7.5,-0.5,351116
7.5,0.5,496431
7.5,1.5,18090
7.5,2.5,25941
7.5,4.5,11099
7.5,41.5,7092
7.5,66.5,358764
7.5,67.5,1280
7.5,71.5,26642
7.5,72.5,612723
7.5,73.5,58496
7.5,79.5,38998
8.5,-43.5,518476
8.5,-42.5,779670
8.5,-41.5,1874
8.5,-40.5,1044
8.5,-34.5,86812
8.5,-33.5,34644
8.5,-32.5,10509
8.5,-31.5,22768
8.5,-30.5,9495
8.5,-29.5,49920
8.5,-28.5,33811
8.5,-27.5,47497
8.5,-26.5,25573
8.5,-25.5,64099
8.5,-24.5,52830
8.5,-23.5,306746
8.5,-22.5,441993
8.5,-21.5,424440
8.5,-20.5,247035
8.5,-19.5,441865
8.5,-18.5,474803
8.5,-17.5,397515
8.5,-16.5,233806
8.5,-15.5,113458
8.5,-14.5,4142
8.5,-13.5,28163
8.5,-12.5,85455
8.5,-11.5,626983
8.5,-10.5,389714
8.5,-9.5,88579
8.5,-8.5,54011
8.5,-7.5,104572
8.5,-6.5,27113
8.5,0.5,181914
8.5,1.5,241402
8.5,2.5,3606
8.5,57.5,6995
8.5,64.5,953528
8.5,66.5,1214
8.5,71.5,39747
8.5,72.5,640923
8.5,78.5,335690
8.5,79.5,1000055
8.5,80.5,29184
9.5,-44.5,8506
9.5,-43.5,400233
9.5,-42.5,846805
9.5,-41.5,1746
9.5,-38.5,8063
9.5,-37.5,30277
9.5,-35.5,18875
9.5,-34.5,117505
9.5,-33.5,149924
9.5,-32.5,27596
9.5,-31.5,6202
9.5,-30.5,7012
9.5,-29.5,175187
9.5,-28.5,61642
9.5,-27.5,339157
9.5,-26.5,82496
9.5,-25.5,240657
9.5,-24.5,390441
9.5,-23.5,350552
9.5,-22.5,280979
9.5,-21.5,106338
9.5,-20.5,178
9.5,-18.5,460
9.5,-13.5,7245
9.5,-12.5,35345
9.5,-11.5,620220
9.5,-10.5,270574
9.5,-9.5,81439
9.5,64.5,1530
9.5,71.5,212885
9.5,72.5,865725
9.5,79.5,26578
10.5,-44.5,13944
10.5,-43.5,777502
10.5,-42.5,517038
10.5,-38.5,2513
10.5,-37.5,68383
10.5,-36.5,14538
10.5,-35.5,16428
10.5,-34.5,313120
10.5,-33.5,175982
10.5,-32.5,79753
10.5,-31.5,29557
10.5,-30.5,108752
10.5,-29.5,180263
10.5,-28.5,182267
10.5,-27.5,96747
10.5,-26.5,16175
10.5,-25.5,189720
10.5,-24.5,47198
10.5,-23.5,71903
10.5,-22.5,57007
10.5,-11.5,55
10.5,-10.5,2578
10.5,57.5,69271
10.5,64.5,37960
10.5,65.5,115210
10.5,66.5,1281
10.5,67.5,337170
10.5,68.5,493345
10.5,72.5,369177
11.5,-43.5,242081
11.5,-42.5,197214
11.5,-41.5,2183
11.5,-37.5,103322
11.5,-36.5,57587
11.5,-35.5,129032
11.5,-34.5,193009
11.5,-33.5,204915
11.5,-32.5,249774
11.5,-31.5,138167
11.5,-30.5,197997
11.5,-29.5,462132
11.5,-28.5,100732
11.5,-27.5,14726
11.5,67.5,42591
11.5,68.5,742486
11.5,77.5,124263
11.5,79.5,165369
12.5,-43.5,12723
12.5,-42.5,13357
12.5,-37.5,223978
12.5,-36.5,143906
12.5,-35.5,191610
12.5,-34.5,105830
12.5,-33.5,128134
12.5,-32.5,641939
12.5,-31.5,304595
12.5,-30.5,171611
12.5,-29.5,150186
12.5,55.5,56356
12.5,67.5,4172
12.5,68.5,1072013
12.5,76.5,122978
12.5,77.5,137523
12.5,78.5,38304
12.5,80.5,15451
13.5,-44.5,7600
13.5,-43.5,9230
13.5,-38.5,41535
13.5,-37.5,174364
13.5,-36.5,38932
13.5,-35.5,36438
13.5,-34.5,90476
13.5,-33.5,160374
13.5,-32.5,744535
13.5,-31.5,211433
13.5,-30.5,12937
13.5,-18.5,4478
13.5,-4.5,7596
13.5,67.5,12706
13.5,68.5,120721
13.5,69.5,6153
13.5,75.5,1940
13.5,76.5,306753
13.5,77.5,68522
13.5,78.5,34967
13.5,80.5,102697
14.5,-44.5,70935
14.5,-38.5,5172
14.5,-37.5,66266
14.5,-35.5,21026
14.5,-34.5,8991
14.5,-33.5,12594
14.5,-32.5,27929
14.5,-22.5,13218
14.5,67.5,598
14.5,72.5,75066
14.5,73.5,49654
14.5,75.5,371551
14.5,76.5,226912
14.5,77.5,587363
14.5,78.5,68460
14.5,80.5,38521
15.5,-44.5,112412
15.5,-43.5,42882
15.5,-42.5,23584
15.5,-41.5,4703
15.5,-37.5,79556
15.5,-36.5,3956
15.5,-35.5,28273
15.5,-33.5,21723
15.5,-32.5,29532
15.5,-31.5,3643
15.5,69.5,238791
15.5,71.5,59953
15.5,72.5,417295
15.5,73.5,403227
15.5,74.5,96703
15.5,75.5,227185
15.5,76.5,37871
15.5,78.5,889317
15.5,80.5,54936
15.5,88.5,37236
16.5,-44.5,48279
16.5,-43.5,37665
16.5,-38.5,16008
16.5,-37.5,11442
16.5,-36.5,1434
16.5,-35.5,24866
16.5,-34.5,1626
16.5,-33.5,46324
16.5,-32.5,18417
16.5,69.5,1989579
16.5,70.5,59939
16.5,71.5,1489936
16.5,72.5,226311
16.5,73.5,331379
16.5,74.5,1555387
16.5,75.5,399626
16.5,76.5,89212
16.5,78.5,18817
17.5,-44.5,99657
17.5,-43.5,1835
17.5,-42.5,366
17.5,-41.5,5191
17.5,-39.5,191
17.5,-38.5,5926
17.5,-37.5,1079
17.5,-35.5,7498
17.5,-34.5,4743
17.5,-33.5,136725
17.5,69.5,190146
17.5,70.5,6317148
17.5,71.5,377652
17.5,72.5,6126
17.5,73.5,733030
17.5,74.5,653165
17.5,75.5,1131771
17.5,76.5,212454
17.5,79.5,230988
17.5,80.5,120673
18.5,-45.5,756
18.5,-44.5,16445
18.5,-43.5,3933
18.5,-42.5,834
18.5,-38.5,2257
18.5,-37.5,6753
18.5,-35.5,4219
18.5,-34.5,1889
18.5,-33.5,142268
18.5,54.5,65013
18.5,55.5,23178
18.5,69.5,117461
18.5,70.5,2663175
18.5,71.5,39903
18.5,72.5,5906
18.5,73.5,1559852
18.5,74.5,167876
18.5,75.5,208695
18.5,76.5,613295
18.5,79.5,156426
18.5,80.5,94
19.5,-34.5,264
19.5,54.5,75946
19.5,69.5,30074
19.5,70.5,1046513
19.5,71.5,3722
19.5,72.5,30790
19.5,73.5,530957
19.5,74.5,361358
19.5,75.5,161597
19.5,76.5,291961
20.5,-38.5,253851
20.5,-36.5,232
20.5,-35.5,30240
20.5,69.5,2976
20.5,70.5,1705980
20.5,71.5,2714438
20.5,72.5,267604
20.5,73.5,238424
20.5,74.5,784676
20.5,75.5,118545
20.5,76.5,209112
21.5,-39.5,58289
21.5,-38.5,884547
21.5,-37.5,2420
21.5,-36.5,5905
21.5,-35.5,2156
21.5,70.5,406186
21.5,71.5,4413640
21.5,72.5,732775
21.5,73.5,62916
21.5,74.5,323038
21.5,75.5,37067
21.5,76.5,93612
22.5,-40.5,4941
22.5,-39.5,451873
22.5,-38.5,526557
22.5,-37.5,24385
22.5,-34.5,757
22.5,70.5,50623
22.5,71.5,3636599
22.5,72.5,216945
22.5,73.5,7235
22.5,74.5,495734
22.5,75.5,123321
22.5,76.5,60957
22.5,78.5,991
23.5,-42.5,2739
23.5,-40.5,79468
23.5,-39.5,724176
23.5,-38.5,1331980
23.5,-37.5,220796
23.5,-35.5,6395
23.5,-34.5,2670
23.5,70.5,14953
23.5,71.5,7489403
23.5,72.5,811722
23.5,73.5,10212
23.5,74.5,701167
23.5,75.5,214435
23.5,76.5,222603
23.5,77.5,53190
23.5,78.5,185629
24.5,-45.5,233
24.5,-44.5,2193
24.5,-43.5,94044
24.5,-42.5,17183
24.5,-40.5,73876
24.5,-39.5,212690
24.5,-38.5,510028
24.5,-37.5,88441
24.5,-35.5,27650
24.5,-34.5,127395
24.5,71.5,7653646
24.5,72.5,1457132
24.5,74.5,141995
24.5,75.5,28197
24.5,76.5,113310
24.5,77.5,26037
24.5,78.5,390091
25.5,-45.5,518
25.5,-44.5,52849
25.5,-43.5,232147
25.5,-42.5,75928
25.5,-40.5,2803
25.5,-39.5,87392
25.5,-38.5,97504
25.5,-37.5,2739
25.5,-35.5,7420
25.5,-34.5,408815
25.5,-33.5,7484
25.5,71.5,2681586
25.5,72.5,127561
25.5,75.5,17752
25.5,77.5,3257
25.5,78.5,136847
25.5,79.5,7061
26.5,-45.5,11342
26.5,-44.5,53229
26.5,-43.5,34177
26.5,-42.5,616
26.5,-41.5,7340
26.5,-40.5,6365
26.5,-39.5,1324
26.5,-38.5,70950
26.5,-37.5,52510
26.5,-36.5,779
26.5,-34.5,38946
26.5,71.5,1285791
26.5,72.5,316540
26.5,74.5,1232
26.5,75.5,86614
26.5,76.5,2135
26.5,77.5,16501
26.5,78.5,94350
26.5,79.5,14047
27.5,-45.5,14596
27.5,-44.5,11023
27.5,-42.5,3870
27.5,-41.5,469
27.5,-40.5,4812
27.5,-39.5,3422
27.5,-38.5,661817
27.5,-37.5,453316
27.5,-36.5,8374
27.5,-35.5,2469
27.5,-34.5,7817
27.5,-33.5,221
27.5,70.5,59284
27.5,71.5,135685
27.5,72.5,807537
27.5,75.5,8371
27.5,76.5,84115
27.5,77.5,1992461
27.5,78.5,192428
27.5,79.5,1599
28.5,-45.5,623
28.5,-44.5,34624
28.5,-43.5,11163
28.5,-42.5,13485
28.5,-41.5,35884
28.5,-40.5,3219
28.5,-39.5,65971
28.5,-38.5,1304044
28.5,-37.5,2623744
28.5,-36.5,1166559
28.5,-35.5,2549
28.5,-34.5,3921
28.5,-33.5,3358
28.5,71.5,453335
28.5,72.5,1614779
28.5,73.5,299160
28.5,74.5,3300
28.5,75.5,1144
28.5,76.5,301523
28.5,77.5,380702
28.5,78.5,8866
29.5,-44.5,7511
29.5,-43.5,18233
29.5,-42.5,5269
29.5,-41.5,227
29.5,-40.5,12410
29.5,-39.5,688556
29.5,-38.5,1263455
29.5,-37.5,5110157
29.5,-36.5,3446071
29.5,-35.5,815
29.5,-33.5,14732
29.5,-32.5,5854
29.5,60.5,21040
29.5,70.5,8611
29.5,71.5,274572
29.5,72.5,467602
29.5,73.5,35088
29.5,74.5,403435
29.5,76.5,16098
29.5,77.5,97510
29.5,78.5,1941
29.5,80.5,5233
30.5,-49.5,20200
30.5,-44.5,3554
30.5,-43.5,2381
30.5,-42.5,53179
30.5,-41.5,183
30.5,-40.5,112418
30.5,-39.5,749091
30.5,-38.5,1713212
30.5,-37.5,4689709
30.5,-36.5,6363029
30.5,-35.5,1892282
30.5,-33.5,2188
30.5,-32.5,54299
30.5,-31.5,15590
30.5,59.5,6907
30.5,69.5,7532
30.5,70.5,12441
30.5,71.5,14438
30.5,72.5,805407
30.5,73.5,366731
30.5,74.5,30768
30.5,75.5,31009
30.5,76.5,6429
30.5,77.5,41420
30.5,78.5,4470
31.5,-44.5,9703
31.5,-43.5,24524
31.5,-42.5,4983
31.5,-40.5,37305
31.5,-39.5,505758
31.5,-38.5,708301
31.5,-37.5,2114869
31.5,-36.5,4288385
31.5,-35.5,4539462
31.5,-34.5,239138
31.5,-33.5,8182
31.5,-32.5,13800
31.5,-31.5,35737
31.5,-30.5,9050
31.5,-29.5,30970
31.5,69.5,2186
31.5,70.5,216547
31.5,71.5,29373
31.5,72.5,268453
31.5,73.5,705447
31.5,74.5,261912
31.5,75.5,196769
31.5,76.5,779473
31.5,77.5,2925
31.5,78.5,166525
31.5,80.5,6531
32.5,-43.5,9005
32.5,-41.5,13593
32.5,-40.5,2812
32.5,-39.5,17385
32.5,-38.5,67037
32.5,-37.5,281703
32.5,-36.5,1278717
32.5,-35.5,2360481
32.5,-34.5,2252510
32.5,-33.5,32548
32.5,-32.5,29281
32.5,-31.5,13825
32.5,-30.5,17462
32.5,-29.5,3662
32.5,-25.5,23635
32.5,70.5,519304
32.5,71.5,13566
32.5,72.5,28916
32.5,73.5,357445
32.5,74.5,70112
32.5,75.5,101354
32.5,76.5,508296
32.5,78.5,143745
32.5,79.5,2449
33.5,-42.5,2153
33.5,-41.5,4344
33.5,-39.5,5653
33.5,-38.5,150404
33.5,-37.5,325133
33.5,-36.5,245250
33.5,-35.5,2264241
33.5,-34.5,3220165
33.5,-33.5,784187
33.5,-32.5,22646
33.5,-31.5,15603
33.5,-30.5,6683
33.5,-29.5,5868
33.5,-26.5,9273
33.5,-25.5,9181
33.5,68.5,685
33.5,69.5,21733
33.5,70.5,591631
33.5,71.5,328179
33.5,72.5,252161
33.5,73.5,358633
33.5,74.5,222861
33.5,75.5,95674
33.5,76.5,1247242
33.5,77.5,265163
33.5,78.5,169664
33.5,79.5,12200
33.5,81.5,10065
34.5,-42.5,1198
34.5,-41.5,25668
34.5,-40.5,11508
34.5,-39.5,34080
34.5,-38.5,135528
34.5,-37.5,669029
34.5,-36.5,461939
34.5,-35.5,1052709
34.5,-34.5,1304244
34.5,-33.5,1376839
34.5,-32.5,752491
34.5,-31.5,230109
34.5,-30.5,12210
34.5,-29.5,2552
34.5,-27.5,37117
34.5,-26.5,1085263
34.5,-25.5,18710
34.5,-19.5,7176
34.5,69.5,33642
34.5,70.5,110100
34.5,71.5,1916861
34.5,72.5,24876
34.5,73.5,3155584
34.5,74.5,4303201
34.5,76.5,2193341
34.5,77.5,10684
34.5,78.5,51593
34.5,79.5,33180
34.5,80.5,6531
34.5,81.5,11027
35.5,-42.5,17351
35.5,-41.5,54119
35.5,-40.5,39995
35.5,-39.5,64361
35.5,-38.5,81977
35.5,-37.5,173437
35.5,-36.5,397278
35.5,-35.5,139459
35.5,-34.5,225042
35.5,-33.5,145149
35.5,-32.5,353614
35.5,-31.5,876822
35.5,-30.5,303942
35.5,-29.5,307
35.5,-27.5,74585
35.5,-26.5,1390439
35.5,-25.5,1283578
35.5,-24.5,179256
35.5,-23.5,23257
35.5,-22.5,9935
35.5,-21.5,221103
35.5,-20.5,1981887
35.5,-19.5,2197171
35.5,67.5,40606
35.5,69.5,24221
35.5,70.5,302516
35.5,71.5,2868099
35.5,72.5,94079
35.5,73.5,1708494
35.5,74.5,4310275
35.5,76.5,2270941
35.5,79.5,55418
36.5,-42.5,4394
36.5,-41.5,900
36.5,-38.5,9584
36.5,-37.5,113833
36.5,-36.5,302352
36.5,-35.5,26562
36.5,-34.5,68896
36.5,-33.5,185986
36.5,-32.5,448123
36.5,-31.5,1370902
36.5,-30.5,593637
36.5,-29.5,350617
36.5,-28.5,245430
36.5,-27.5,22229
36.5,-26.5,528133
36.5,-25.5,495026
36.5,-24.5,1095011
36.5,-23.5,1506125
36.5,-22.5,427452
36.5,-21.5,261637
36.5,-20.5,521019
36.5,-19.5,463486
36.5,-18.5,151444
36.5,69.5,157590
36.5,70.5,455998
36.5,71.5,4083944
36.5,72.5,326736
36.5,73.5,72016
36.5,74.5,204772
36.5,76.5,431377
36.5,79.5,1659
37.5,-43.5,1833
37.5,-42.5,10275
37.5,-38.5,9222
37.5,-37.5,338904
37.5,-36.5,245792
37.5,-35.5,111464
37.5,-34.5,46426
37.5,-33.5,263051
37.5,-32.5,1606661
37.5,-31.5,2656289
37.5,-30.5,856278
37.5,-29.5,616314
37.5,-28.5,802786
37.5,-27.5,151622
37.5,-26.5,270337
37.5,-25.5,267911
37.5,-24.5,730117
37.5,-23.5,225297
37.5,-22.5,222
37.5,-21.5,15147
37.5,-20.5,206346
37.5,-19.5,209908
37.5,-18.5,162323
37.5,-17.5,607264
37.5,70.5,448172
37.5,71.5,3912712
37.5,72.5,378585
37.5,73.5,613803
37.5,74.5,112428
37.5,75.5,4188
37.5,76.5,4214
37.5,77.5,63023
37.5,78.5,48927
38.5,-43.5,4932
38.5,-42.5,615
38.5,-38.5,13629
38.5,-37.5,275899
38.5,-36.5,545566
38.5,-35.5,542434
38.5,-34.5,217268
38.5,-33.5,500054
38.5,-32.5,1604874
38.5,-31.5,1464244
38.5,-30.5,790024
38.5,-29.5,517706
38.5,-28.5,456606
38.5,-27.5,408582
38.5,-26.5,297432
38.5,-25.5,140405
38.5,-24.5,154928
38.5,-19.5,67006
38.5,-18.5,126393
38.5,-17.5,56338
38.5,70.5,273314
38.5,71.5,2126859
38.5,72.5,236639
38.5,73.5,1049950
38.5,75.5,1129738
38.5,76.5,381264
39.5,-43.5,3039
39.5,-42.5,3667
39.5,-38.5,23061
39.5,-37.5,586700
39.5,-36.5,1156163
39.5,-35.5,1527859
39.5,-34.5,866958
39.5,-33.5,825840
39.5,-32.5,1099302
39.5,-31.5,1208682
39.5,-30.5,763598
39.5,-29.5,1686294
39.5,-28.5,1308901
39.5,-27.5,641758
39.5,-26.5,496054
39.5,-25.5,60996
39.5,-19.5,20941
39.5,-18.5,172471
39.5,-17.5,237352
39.5,-9.5,25920
39.5,-8.5,37869
39.5,-6.5,545
39.5,-4.5,16893
39.5,68.5,29159
39.5,69.5,8770
39.5,70.5,833767
39.5,71.5,675123
39.5,72.5,1587231
39.5,73.5,171143
39.5,74.5,1544
39.5,75.5,11985047
39.5,76.5,708430
40.5,-43.5,3524
40.5,-42.5,7086
40.5,-40.5,1690
40.5,-38.5,37889
40.5,-37.5,357469
40.5,-36.5,1222918
40.5,-35.5,1657909
40.5,-34.5,1328145
40.5,-33.5,1063861
40.5,-32.5,753172
40.5,-31.5,1291131
40.5,-30.5,874134
40.5,-29.5,1370032
40.5,-28.5,1414382
40.5,-27.5,571950
40.5,-26.5,124013
40.5,-25.5,6638
40.5,-18.5,12858
40.5,-17.5,392133
40.5,-16.5,75244
40.5,-15.5,13276
40.5,-12.5,17233
40.5,-11.5,108690
40.5,-10.5,12644
40.5,-9.5,997732
40.5,-8.5,736143
40.5,-7.5,56667
40.5,-6.5,54882
40.5,-5.5,9499
40.5,-4.5,130284
40.5,-3.5,417238
40.5,-2.5,46472
40.5,68.5,14304
40.5,69.5,24926
40.5,70.5,1138006
40.5,71.5,659567
40.5,72.5,1623656
40.5,73.5,75244
40.5,74.5,513918
40.5,75.5,7378307
40.5,76.5,2076048
41.5,-42.5,5663
41.5,-41.5,1005
41.5,-40.5,9719
41.5,-37.5,191886
41.5,-36.5,833581
41.5,-35.5,1148894
41.5,-34.5,1146385
41.5,-33.5,1276517
41.5,-32.5,425357
41.5,-31.5,247239
41.5,-30.5,232198
41.5,-29.5,1166529
41.5,-28.5,951031
41.5,-27.5,82233
41.5,-26.5,11096
41.5,-25.5,43094
41.5,-24.5,4413
41.5,-21.5,6833
41.5,-20.5,58722
41.5,-19.5,167527
41.5,-18.5,13634
41.5,-16.5,15661
41.5,-15.5,67818
41.5,-14.5,236137
41.5,-13.5,67940
41.5,-12.5,74089
41.5,-11.5,693950
41.5,-10.5,801431
41.5,-9.5,1229959
41.5,-8.5,789280
41.5,-7.5,81543
41.5,-6.5,45852
41.5,-5.5,3918
41.5,-4.5,316484
41.5,-3.5,1328233
41.5,-2.5,1245975
41.5,68.5,1779
41.5,69.5,39855
41.5,70.5,49944
41.5,71.5,121328
41.5,72.5,179966
41.5,73.5,987167
41.5,74.5,18489
41.5,75.5,6127966
41.5,76.5,4258473
42.5,-42.5,3066
42.5,-41.5,2419
42.5,-40.5,325
42.5,-37.5,138340
42.5,-36.5,593623
42.5,-35.5,703931
42.5,-34.5,996411
42.5,-33.5,1120947
42.5,-32.5,968599
42.5,-31.5,258054
42.5,-30.5,303647
42.5,-29.5,1511970
42.5,-28.5,501200
42.5,-27.5,5699
42.5,-26.5,112732
42.5,-25.5,200543
42.5,-24.5,119679
42.5,-23.5,112003
42.5,-22.5,333301
42.5,-21.5,521999
42.5,-20.5,729846
42.5,-19.5,943699
42.5,-18.5,617079
42.5,-16.5,1453
42.5,-15.5,24887
42.5,-14.5,28395
42.5,-13.5,650
42.5,-9.5,343677
42.5,-8.5,709913
42.5,-7.5,451194
42.5,-6.5,64790
42.5,-5.5,3421
42.5,-4.5,274805
42.5,-3.5,622749
42.5,-2.5,39395
42.5,69.5,91152
42.5,70.5,115144
42.5,71.5,180999
42.5,72.5,43374
42.5,73.5,370940
42.5,74.5,38596
42.5,75.5,1176152
42.5,76.5,1833721
43.5,-42.5,616
43.5,-37.5,22839
43.5,-36.5,467762
43.5,-35.5,519016
43.5,-34.5,639857
43.5,-33.5,418129
43.5,-32.5,309452
43.5,-31.5,531845
43.5,-30.5,422432
43.5,-29.5,600137
43.5,-28.5,72961
43.5,-27.5,42714
43.5,-26.5,154507
43.5,-25.5,70055
43.5,-24.5,3750
43.5,-23.5,10883
43.5,-21.5,22262
43.5,-20.5,432066
43.5,-19.5,780087
43.5,-18.5,354991
43.5,-17.5,36117
43.5,-16.5,147589
43.5,-15.5,834239
43.5,-14.5,601873
43.5,-9.5,5693
43.5,-8.5,256042
43.5,-7.5,222277
43.5,-6.5,466156
43.5,-5.5,656944
43.5,-4.5,1945221
43.5,-3.5,345517
43.5,68.5,5166
43.5,69.5,127120
43.5,70.5,191695
43.5,71.5,1231551
43.5,72.5,14247
43.5,73.5,88754
43.5,74.5,148243
43.5,75.5,805262
43.5,76.5,71672
44.5,-42.5,1091
44.5,-41.5,4543
44.5,-37.5,44450
44.5,-36.5,465432
44.5,-35.5,217477
44.5,-34.5,163401
44.5,-33.5,44780
44.5,-32.5,264362
44.5,-31.5,404261
44.5,-30.5,291280
44.5,-29.5,137867
44.5,-27.5,50863
44.5,-26.5,50547
44.5,-15.5,837575
44.5,-14.5,421251
44.5,-10.5,30814
44.5,-9.5,786487
44.5,-8.5,1006943
44.5,-7.5,713109
44.5,-6.5,449940
44.5,-5.5,1106413
44.5,-4.5,2028875
44.5,-3.5,766824
44.5,-2.5,1842
44.5,68.5,10403
44.5,69.5,87460
44.5,70.5,73501
44.5,71.5,1452017
44.5,72.5,210977
44.5,74.5,5161
44.5,75.5,20268
44.5,76.5,50919
44.5,77.5,4275
45.5,-42.5,3755
45.5,-37.5,115314
45.5,-36.5,363823
45.5,-35.5,280563
45.5,-34.5,444016
45.5,-33.5,334056
45.5,-32.5,267522
45.5,-31.5,371001
45.5,-30.5,291939
45.5,-29.5,123763
45.5,-28.5,3089
45.5,-27.5,62947
45.5,-26.5,4515
45.5,-15.5,324021
45.5,-14.5,360446
45.5,-12.5,909
45.5,-10.5,437268
45.5,-9.5,1387416
45.5,-8.5,1739275
45.5,-7.5,1039172
45.5,-6.5,694654
45.5,-5.5,1260633
45.5,-4.5,997764
45.5,-3.5,1000904
45.5,-2.5,487717
45.5,68.5,17019
45.5,69.5,47107
45.5,70.5,387993
45.5,71.5,242005
45.5,72.5,121520
45.5,75.5,28203
45.5,76.5,456027
45.5,77.5,161892
46.5,-41.5,2165
46.5,-37.5,119272
46.5,-36.5,372522
46.5,-35.5,168903
46.5,-34.5,888510
46.5,-33.5,614174
46.5,-32.5,302989
46.5,-31.5,97700
46.5,-30.5,126307
46.5,-29.5,174627
46.5,-28.5,271341
46.5,-27.5,251233
46.5,-26.5,3893
46.5,-15.5,19260
46.5,-14.5,444365
46.5,-13.5,277075
46.5,-10.5,279648
46.5,-9.5,306833
46.5,-8.5,1180500
46.5,-7.5,1598906
46.5,-6.5,1754801
46.5,-5.5,1851734
46.5,-4.5,1056343
46.5,-3.5,680945
46.5,-2.5,745454
46.5,-1.5,306750
46.5,68.5,67521
46.5,69.5,15048
46.5,70.5,61554
46.5,71.5,254446
46.5,72.5,267723
46.5,75.5,836
46.5,76.5,264347
46.5,77.5,7658
47.5,-42.5,10080
47.5,-41.5,183489
47.5,-40.5,52145
47.5,-37.5,233092
47.5,-36.5,244675
47.5,-35.5,71015
47.5,-34.5,251462
47.5,-33.5,412043
47.5,-32.5,280702
47.5,-31.5,197697
47.5,-30.5,197209
47.5,-29.5,272324
47.5,-28.5,414983
47.5,-27.5,525058
47.5,-26.5,43712
47.5,-25.5,21064
47.5,-24.5,9200
47.5,-14.5,30027
47.5,-13.5,279442
47.5,-12.5,50480
47.5,-10.5,344341
47.5,-9.5,1486445
47.5,-8.5,1208609
47.5,-7.5,954832
47.5,-6.5,1900764
47.5,-5.5,2654064
47.5,-4.5,1440027
47.5,-3.5,1000925
47.5,-2.5,1430357
47.5,-1.5,865702
47.5,-0.5,35392
47.5,68.5,6246
47.5,69.5,1074
47.5,71.5,20770
47.5,72.5,262916
47.5,73.5,44337
47.5,76.5,41094
48.5,-42.5,130
48.5,-41.5,193320
48.5,-40.5,53330
48.5,-39.5,5157
48.5,-37.5,456971
48.5,-36.5,500975
48.5,-35.5,153311
48.5,-34.5,260903
48.5,-33.5,401773
48.5,-32.5,300066
48.5,-31.5,328437
48.5,-30.5,818051
48.5,-29.5,377384
48.5,-28.5,122303
48.5,-27.5,810964
48.5,-26.5,153588
48.5,-25.5,117554
48.5,-24.5,276499
48.5,-23.5,502881
48.5,-22.5,278302
48.5,-21.5,224768
48.5,-20.5,28133
48.5,-12.5,1980
48.5,-11.5,25611
48.5,-10.5,1292770
48.5,-9.5,1713286
48.5,-8.5,1116350
48.5,-7.5,836110
48.5,-6.5,1165313
48.5,-5.5,1427643
48.5,-4.5,1870937
48.5,-3.5,1699805
48.5,-2.5,2234736
48.5,-1.5,1161570
48.5,-0.5,834234
48.5,0.5,29739
48.5,1.5,6094
48.5,2.5,27869
48.5,69.5,9525
48.5,71.5,55603
48.5,72.5,55019
48.5,73.5,3271
49.5,-41.5,56991
49.5,-40.5,23485
49.5,-38.5,12618
49.5,-37.5,256680
49.5,-36.5,1481577
49.5,-35.5,607721
49.5,-34.5,455147
49.5,-33.5,644207
49.5,-32.5,282988
49.5,-31.5,98216
49.5,-30.5,1014214
49.5,-29.5,257390
49.5,-28.5,280891
49.5,-27.5,97383
49.5,-26.5,107650
49.5,-25.5,134070
49.5,-24.5,123064
49.5,-23.5,933969
49.5,-22.5,1157387
49.5,-21.5,2132067
49.5,-20.5,3093352
49.5,-19.5,1689864
49.5,-18.5,324274
49.5,-17.5,4396
49.5,-12.5,5423
49.5,-11.5,391311
49.5,-10.5,543617
49.5,-9.5,1815958
49.5,-8.5,1450851
49.5,-7.5,1422002
49.5,-6.5,1001960
49.5,-5.5,1746578
49.5,-4.5,1981684
49.5,-3.5,2339331
49.5,-2.5,2338250
49.5,-1.5,1957253
49.5,-0.5,1189008
49.5,0.5,415304
49.5,1.5,45304
49.5,2.5,40275
49.5,3.5,9853
49.5,70.5,14835
49.5,71.5,158621
49.5,72.5,76399
50.5,-42.5,7459
50.5,-41.5,26499
50.5,-39.5,8573
50.5,-38.5,156538
50.5,-37.5,279136
50.5,-36.5,761014
50.5,-35.5,471920
50.5,-34.5,220034
50.5,-33.5,996509
50.5,-32.5,489585
50.5,-31.5,302454
50.5,-30.5,1672605
50.5,-29.5,705304
50.5,-28.5,117494
50.5,-27.5,183985
50.5,-26.5,54109
50.5,-25.5,49557
50.5,-24.5,122576
50.5,-23.5,376058
50.5,-22.5,811693
50.5,-21.5,1509502
50.5,-20.5,2721253
50.5,-19.5,2015254
50.5,-18.5,2049603
50.5,-17.5,1592342
50.5,-16.5,937829
50.5,-15.5,264790
50.5,-14.5,374763
50.5,-13.5,908306
50.5,-12.5,940592
50.5,-11.5,629108
50.5,-10.5,920558
50.5,-9.5,512785
50.5,-8.5,663304
50.5,-7.5,821197
50.5,-6.5,1286266
50.5,-5.5,2058185
50.5,-4.5,2051136
50.5,-3.5,1708518
50.5,-2.5,1563197
50.5,-1.5,1136023
50.5,-0.5,659094
50.5,0.5,498906
50.5,1.5,1102819
50.5,2.5,219856
50.5,3.5,7789
50.5,70.5,6203
50.5,71.5,27508
50.5,72.5,9643
51.5,-41.5,5236
51.5,-40.5,5658
51.5,-39.5,61650
51.5,-38.5,53463
51.5,-37.5,825768
51.5,-36.5,398483
51.5,-35.5,465328
51.5,-34.5,254213
51.5,-33.5,739275
51.5,-32.5,598986
51.5,-31.5,372520
51.5,-30.5,573190
51.5,-29.5,186096
51.5,-28.5,49209
51.5,-27.5,305915
51.5,-26.5,386790
51.5,-25.5,509120
51.5,-24.5,968881
51.5,-23.5,376048
51.5,-22.5,304371
51.5,-21.5,454219
51.5,-20.5,1522944
51.5,-19.5,2563343
51.5,-18.5,2887873
51.5,-17.5,2092059
51.5,-16.5,1784633
51.5,-15.5,2096293
51.5,-14.5,2643139
51.5,-13.5,2318791
51.5,-12.5,1127990
51.5,-11.5,2067867
51.5,-10.5,1609518
51.5,-9.5,491066
51.5,-8.5,459665
51.5,-7.5,609473
51.5,-6.5,861852
51.5,-5.5,1249315
51.5,-4.5,1208299
51.5,-3.5,1386144
51.5,-2.5,1710154
51.5,-1.5,1185183
51.5,-0.5,978851
51.5,0.5,464760
51.5,1.5,1211135
51.5,2.5,1430531
51.5,3.5,411806
51.5,4.5,47299
51.5,11.5,615
51.5,69.5,15294
51.5,70.5,10596
52.5,-43.5,8512
52.5,-40.5,118165
52.5,-39.5,350475
52.5,-38.5,240247
52.5,-37.5,794057
52.5,-36.5,782421
52.5,-35.5,418995
52.5,-34.5,501721
52.5,-33.5,1137902
52.5,-32.5,952925
52.5,-31.5,343439
52.5,-30.5,247275
52.5,-29.5,69046
52.5,-28.5,9006
52.5,-27.5,176910
52.5,-26.5,329020
52.5,-25.5,643036
52.5,-24.5,3454311
52.5,-23.5,603887
52.5,-22.5,18900
52.5,-21.5,15298
52.5,-20.5,1870
52.5,-19.5,484545
52.5,-18.5,641098
52.5,-17.5,226562
52.5,-16.5,93892
52.5,-15.5,433329
52.5,-14.5,1362475
52.5,-13.5,1551556
52.5,-12.5,587427
52.5,-11.5,2588494
52.5,-10.5,3303695
52.5,-9.5,1581303
52.5,-8.5,1121594
52.5,-7.5,281663
52.5,-6.5,761819
52.5,-5.5,1348244
52.5,-4.5,795173
52.5,-3.5,1071243
52.5,-2.5,1330931
52.5,-1.5,863988
52.5,-0.5,719640
52.5,0.5,443625
52.5,1.5,610208
52.5,2.5,1342668
52.5,3.5,1286498
52.5,4.5,1136017
52.5,5.5,537783
52.5,6.5,2806
52.5,69.5,771
52.5,70.5,75733
53.5,-40.5,371517
53.5,-39.5,348013
53.5,-38.5,371455
53.5,-37.5,908649
53.5,-36.5,1149046
53.5,-35.5,355076
53.5,-34.5,559138
53.5,-33.5,1216629
53.5,-32.5,1306765
53.5,-31.5,240926
53.5,-30.5,119023
53.5,-29.5,23236
53.5,-28.5,54810
53.5,-27.5,50991
53.5,-26.5,201828
53.5,-25.5,259915
53.5,-24.5,800110
53.5,-23.5,2773
53.5,-19.5,1012
53.5,-18.5,3286
53.5,-15.5,6035
53.5,-13.5,1746
53.5,-12.5,1007265
53.5,-11.5,3110029
53.5,-10.5,2911130
53.5,-9.5,1239396
53.5,-8.5,1258459
53.5,-7.5,374708
53.5,-6.5,590638
53.5,-5.5,284268
53.5,-4.5,473942
53.5,-3.5,1433418
53.5,-2.5,1676120
53.5,-1.5,1309229
53.5,-0.5,1120604
53.5,0.5,465299
53.5,1.5,624474
53.5,2.5,681267
53.5,3.5,1508259
53.5,4.5,1492355
53.5,5.5,1346987
53.5,6.5,659838
53.5,7.5,388255
53.5,70.5,10500
54.5,-41.5,4921
54.5,-40.5,35477
54.5,-39.5,150998
54.5,-38.5,364780
54.5,-37.5,627701
54.5,-36.5,1563384
54.5,-35.5,622322
54.5,-34.5,647912
54.5,-33.5,1373611
54.5,-32.5,1910076
54.5,-31.5,245414
54.5,-30.5,49805
54.5,-29.5,27160
54.5,-28.5,45894
54.5,-27.5,27362
54.5,-26.5,130602
54.5,-25.5,216654
54.5,-24.5,61057
54.5,-19.5,456
54.5,-18.5,5008
54.5,-17.5,3356
54.5,-12.5,1208276
54.5,-11.5,4698522
54.5,-10.5,2766599
54.5,-9.5,605723
54.5,-8.5,1590459
54.5,-7.5,454954
54.5,-6.5,584082
54.5,-5.5,1538800
54.5,-4.5,54934
54.5,-3.5,471088
54.5,-2.5,1606596
54.5,-1.5,1152598
54.5,-0.5,537334
54.5,0.5,462571
54.5,1.5,782153
54.5,2.5,929566
54.5,3.5,1002520
54.5,4.5,1171868
54.5,5.5,1520210
54.5,6.5,1366777
54.5,7.5,3319583
54.5,8.5,818956
54.5,69.5,18166
54.5,70.5,21958
55.5,-40.5,4555
55.5,-39.5,185562
55.5,-38.5,705701
55.5,-37.5,712530
55.5,-36.5,2321947
55.5,-35.5,706070
55.5,-34.5,495437
55.5,-33.5,2086071
55.5,-32.5,1990578
55.5,-31.5,611093
55.5,-30.5,113479
55.5,-29.5,55943
55.5,-28.5,27535
55.5,-27.5,23306
55.5,-26.5,11691
55.5,-25.5,161162
55.5,-24.5,41084
55.5,-23.5,4509
55.5,-22.5,223
55.5,-20.5,519
55.5,-18.5,9306
55.5,-17.5,3031
55.5,-13.5,6789
55.5,-12.5,2432028
55.5,-11.5,3972527
55.5,-10.5,738144
55.5,-9.5,185783
55.5,-8.5,1066203
55.5,-7.5,566798
55.5,-6.5,877797
55.5,-5.5,394893
55.5,-4.5,16299
55.5,-3.5,351413
55.5,-2.5,1675675
55.5,-1.5,1366456
55.5,-0.5,846102
55.5,0.5,671465
55.5,1.5,724273
55.5,2.5,1125162
55.5,3.5,1059184
55.5,4.5,707388
55.5,5.5,1398365
55.5,6.5,1101696
55.5,7.5,1447845
55.5,8.5,1098086
55.5,69.5,10982
55.5,70.5,53322
56.5,-40.5,17580
56.5,-39.5,327283
56.5,-38.5,1220655
56.5,-37.5,428482
56.5,-36.5,1450625
56.5,-35.5,428781
56.5,-34.5,285645
56.5,-33.5,1800148
56.5,-32.5,2002917
56.5,-31.5,721135
56.5,-30.5,114304
56.5,-29.5,69479
56.5,-28.5,32267
56.5,-27.5,33307
56.5,-26.5,31929
56.5,-25.5,278408
56.5,-24.5,110476
56.5,-23.5,3331
56.5,-22.5,15773
56.5,-21.5,14230
56.5,-20.5,21026
56.5,-19.5,22280
56.5,-18.5,1422138
56.5,-17.5,809242
56.5,-16.5,6170
56.5,-14.5,898
56.5,-13.5,403175
56.5,-12.5,3437499
56.5,-11.5,1415796
56.5,-10.5,1670
56.5,-9.5,59780
56.5,-8.5,645744
56.5,-7.5,170590
56.5,-6.5,134883
56.5,-5.5,30272
56.5,-4.5,2150
56.5,-3.5,755380
56.5,-2.5,1445125
56.5,-1.5,1435806
56.5,-0.5,380911
56.5,0.5,789029
56.5,1.5,1001918
56.5,2.5,1246228
56.5,3.5,838151
56.5,4.5,1012927
56.5,5.5,1235350
56.5,6.5,1407700
56.5,7.5,709122
56.5,8.5,661173
56.5,9.5,68735
56.5,69.5,4563
56.5,70.5,21587
57.5,-41.5,13593
57.5,-40.5,68082
57.5,-39.5,82909
57.5,-38.5,463128
57.5,-37.5,359716
57.5,-36.5,784325
57.5,-35.5,772796
57.5,-34.5,563848
57.5,-33.5,363636
57.5,-32.5,1154888
57.5,-31.5,466925
57.5,-30.5,66743
57.5,-29.5,68387
57.5,-28.5,7981
57.5,-27.5,53760
57.5,-26.5,78145
57.5,-25.5,94300
57.5,-24.5,296915
57.5,-22.5,22564
57.5,-21.5,16505
57.5,-20.5,619251
57.5,-19.5,102845
57.5,-18.5,939423
57.5,-17.5,2277819
57.5,-16.5,1302915
57.5,-15.5,676942
57.5,-14.5,355197
57.5,-13.5,1304133
57.5,-12.5,3918061
57.5,-11.5,2142860
57.5,-10.5,80990
57.5,-9.5,302625
57.5,-8.5,561982
57.5,-7.5,987339
57.5,-6.5,427993
57.5,-5.5,136092
57.5,-4.5,276221
57.5,-3.5,1182309
57.5,-2.5,1595851
57.5,-1.5,815839
57.5,-0.5,574800
57.5,0.5,399246
57.5,1.5,733779
57.5,2.5,1230287
57.5,3.5,998226
57.5,4.5,1043843
57.5,5.5,940968
57.5,6.5,1189319
57.5,7.5,1425937
57.5,8.5,895386
57.5,9.5,193939
58.5,-39.5,54511
58.5,-38.5,312876
58.5,-37.5,206562
58.5,-36.5,514104
58.5,-35.5,451807
58.5,-34.5,262321
58.5,-33.5,202725
58.5,-32.5,301240
58.5,-31.5,479323
58.5,-30.5,58729
58.5,-29.5,2271
58.5,-28.5,29183
58.5,-27.5,6980
58.5,-26.5,53906
58.5,-25.5,380057
58.5,-24.5,764593
58.5,-23.5,133622
58.5,-22.5,395008
58.5,-21.5,224572
58.5,-19.5,55350
58.5,-18.5,554259
58.5,-17.5,536447
58.5,-16.5,391678
58.5,-15.5,695533
58.5,-14.5,1591884
58.5,-13.5,1480166
58.5,-12.5,2093875
58.5,-11.5,3045501
58.5,-10.5,1545337
58.5,-9.5,1367267
58.5,-8.5,920150
58.5,-7.5,1212298
58.5,-6.5,677178
58.5,-5.5,487067
58.5,-4.5,529242
58.5,-3.5,1465368
58.5,-2.5,1628584
58.5,-1.5,662266
58.5,-0.5,441369
58.5,0.5,467484
58.5,1.5,677881
58.5,2.5,1433848
58.5,3.5,1386083
58.5,4.5,1241418
58.5,5.5,515905
58.5,6.5,833594
58.5,7.5,2932474
58.5,8.5,1883786
58.5,9.5,207694
58.5,10.5,8755
58.5,12.5,527517
58.5,13.5,1051977
58.5,14.5,171581
58.5,15.5,17721
59.5,-39.5,77116
59.5,-38.5,197060
59.5,-37.5,63886
59.5,-36.5,392653
59.5,-35.5,877513
59.5,-34.5,469142
59.5,-33.5,109837
59.5,-32.5,154757
59.5,-31.5,202426
59.5,-30.5,43622
59.5,-29.5,6816
59.5,-28.5,2611
59.5,-26.5,14770
59.5,-25.5,159381
59.5,-24.5,535997
59.5,-23.5,652274
59.5,-22.5,386117
59.5,-21.5,402768
59.5,-20.5,894420
59.5,-19.5,3615825
59.5,-18.5,2187647
59.5,-17.5,14503
59.5,-15.5,122012
59.5,-14.5,2490689
59.5,-13.5,1282157
59.5,-12.5,481905
59.5,-11.5,1114532
59.5,-10.5,1315540
59.5,-9.5,899375
59.5,-8.5,574453
59.5,-7.5,1046386
59.5,-6.5,949094
59.5,-5.5,305375
59.5,-4.5,255523
59.5,-3.5,1276908
59.5,-2.5,1503201
59.5,-1.5,678967
59.5,-0.5,261044
59.5,0.5,213479
59.5,1.5,681253
59.5,2.5,1424160
59.5,3.5,1306446
59.5,4.5,1452134
59.5,5.5,1364403
59.5,6.5,1167636
59.5,7.5,2547362
59.5,8.5,1182099
59.5,9.5,235067
59.5,10.5,29713
59.5,11.5,792714
59.5,12.5,2007989
59.5,13.5,2143338
59.5,14.5,925417
59.5,15.5,689069
60.5,-39.5,8219
60.5,-38.5,211145
60.5,-37.5,219093
60.5,-36.5,190543
60.5,-35.5,447423
60.5,-34.5,335894
60.5,-33.5,278699
60.5,-32.5,362531
60.5,-31.5,193933
60.5,-30.5,6873
60.5,-29.5,8247
60.5,-28.5,28419
60.5,-27.5,51
60.5,-26.5,2062
60.5,-25.5,20139
60.5,-24.5,495511
60.5,-23.5,729690
60.5,-22.5,83774
60.5,-21.5,346830
60.5,-20.5,921429
60.5,-19.5,2393502
60.5,-18.5,1774125
60.5,-17.5,295149
60.5,-16.5,126229
60.5,-15.5,150092
60.5,-14.5,863526
60.5,-13.5,352166
60.5,-12.5,677210
60.5,-11.5,938475
60.5,-10.5,184284
60.5,-9.5,1273048
60.5,-8.5,170600
60.5,-7.5,933151
60.5,-6.5,756436
60.5,-5.5,398043
60.5,-4.5,455427
60.5,-3.5,1004294
60.5,-2.5,1894380
60.5,-1.5,680106
60.5,-0.5,293676
60.5,0.5,298130
60.5,1.5,815270
60.5,2.5,1504750
60.5,3.5,1515207
60.5,4.5,1745394
60.5,5.5,2142954
60.5,6.5,1853014
60.5,7.5,1756754
60.5,8.5,637190
60.5,9.5,339793
60.5,10.5,154007
60.5,11.5,169371
60.5,12.5,1290262
60.5,13.5,546467
60.5,14.5,48245
60.5,15.5,482683
60.5,16.5,253431
60.5,17.5,100191
60.5,20.5,8721
60.5,21.5,7866
60.5,72.5,19147
61.5,-43.5,17253
61.5,-39.5,66266
61.5,-38.5,81720
61.5,-37.5,32488
61.5,-36.5,323585
61.5,-35.5,539535
61.5,-34.5,699779
61.5,-33.5,395589
61.5,-32.5,62066
61.5,-31.5,176897
61.5,-30.5,34700
61.5,-29.5,63476
61.5,-28.5,30475
61.5,-26.5,1180
61.5,-25.5,6950
61.5,-24.5,87402
61.5,-23.5,238702
61.5,-22.5,53637
61.5,-21.5,150123
61.5,-20.5,493506
61.5,-19.5,1124320
61.5,-18.5,752634
61.5,-17.5,1046637
61.5,-16.5,1360209
61.5,-15.5,1025849
61.5,-14.5,1512881
61.5,-13.5,896180
61.5,-12.5,219044
61.5,-11.5,114749
61.5,-10.5,108685
61.5,-9.5,1379537
61.5,-8.5,712154
61.5,-7.5,503776
61.5,-6.5,283954
61.5,-5.5,221042
61.5,-4.5,603078
61.5,-3.5,857615
61.5,-2.5,1365310
61.5,-1.5,698226
61.5,-0.5,295299
61.5,0.5,401263
61.5,1.5,741048
61.5,2.5,1453140
61.5,3.5,1586596
61.5,4.5,2173941
61.5,5.5,2573592
61.5,6.5,2289828
61.5,7.5,1506321
61.5,8.5,819659
61.5,9.5,203450
61.5,10.5,50602
61.5,12.5,1007
61.5,13.5,95482
61.5,14.5,922369
61.5,15.5,31478
61.5,16.5,1082854
61.5,17.5,2940434
61.5,18.5,866425
62.5,-39.5,23935
62.5,-38.5,241008
62.5,-37.5,193949
62.5,-36.5,607546
62.5,-35.5,438304
62.5,-34.5,200388
62.5,-33.5,27431
62.5,-32.5,75669
62.5,-31.5,66165
62.5,-30.5,10653
62.5,-29.5,6320
62.5,-28.5,19970
62.5,-27.5,23672
62.5,-26.5,18961
62.5,-25.5,26949
62.5,-24.5,57356
62.5,-23.5,94853
62.5,-22.5,73231
62.5,-21.5,150805
62.5,-20.5,26315
62.5,-19.5,28451
62.5,-18.5,238269
62.5,-17.5,663796
62.5,-16.5,705848
62.5,-15.5,673630
62.5,-14.5,252183
62.5,-13.5,459438
62.5,-12.5,267941
62.5,-11.5,478344
62.5,-10.5,717961
62.5,-9.5,891522
62.5,-8.5,671291
62.5,-7.5,375603
62.5,-6.5,201135
62.5,-5.5,311897
62.5,-4.5,969045
62.5,-3.5,1694267
62.5,-2.5,1700425
62.5,-1.5,408370
62.5,-0.5,388169
62.5,0.5,653337
62.5,1.5,998095
62.5,2.5,1701724
62.5,3.5,2230055
62.5,4.5,2073643
62.5,5.5,1813431
62.5,6.5,1626541
62.5,7.5,1419748
62.5,8.5,1005866
62.5,9.5,504669
62.5,10.5,17849
62.5,11.5,43805
62.5,12.5,30280
62.5,13.5,5283
62.5,14.5,85323
62.5,15.5,13434
62.5,16.5,488955
62.5,17.5,1080165
62.5,18.5,520981
62.5,19.5,125600
63.5,-39.5,8993
63.5,-38.5,99882
63.5,-37.5,84867
63.5,-36.5,529614
63.5,-35.5,209195
63.5,-34.5,34000
63.5,-33.5,27588
63.5,-32.5,484131
63.5,-31.5,204607
63.5,-29.5,11421
63.5,-28.5,42740
63.5,-27.5,3232
63.5,-26.5,10255
63.5,-25.5,90586
63.5,-24.5,14186
63.5,-23.5,102
63.5,-22.5,127937
63.5,-21.5,222776
63.5,-18.5,4349
63.5,-17.5,454031
63.5,-16.5,546643
63.5,-15.5,905870
63.5,-14.5,233754
63.5,-13.5,299199
63.5,-12.5,185941
63.5,-11.5,674398
63.5,-10.5,791785
63.5,-9.5,714900
63.5,-8.5,437407
63.5,-7.5,529730
63.5,-6.5,453318
63.5,-5.5,982316
63.5,-4.5,1251944
63.5,-3.5,1659990
63.5,-2.5,2132277
63.5,-1.5,760326
63.5,-0.5,518608
63.5,0.5,641118
63.5,1.5,1263630
63.5,2.5,1988898
63.5,3.5,2676800
63.5,4.5,2634999
63.5,5.5,2116908
63.5,6.5,1647202
63.5,7.5,1337779
63.5,8.5,1347267
63.5,9.5,365232
63.5,10.5,112809
63.5,11.5,59307
63.5,12.5,104411
63.5,13.5,3501
63.5,14.5,590451
63.5,15.5,19226
63.5,16.5,32474
63.5,17.5,14869
63.5,19.5,63170
64.5,-40.5,23624
64.5,-39.5,275097
64.5,-38.5,379944
64.5,-37.5,198445
64.5,-36.5,865276
64.5,-35.5,263661
64.5,-34.5,24499
64.5,-33.5,14416
64.5,-32.5,99199
64.5,-31.5,222650
64.5,-30.5,14079
64.5,-29.5,2638
64.5,-28.5,34054
64.5,-27.5,15628
64.5,-26.5,4126
64.5,-25.5,19789
64.5,-24.5,46872
64.5,-23.5,1702
64.5,-21.5,55390
64.5,-20.5,14627
64.5,-19.5,4204
64.5,-18.5,63742
64.5,-17.5,539408
64.5,-16.5,710076
64.5,-15.5,949607
64.5,-14.5,223781
64.5,-13.5,417974
64.5,-12.5,149451
64.5,-11.5,695782
64.5,-10.5,660453
64.5,-9.5,736135
64.5,-8.5,628236
64.5,-7.5,1394267
64.5,-6.5,1241866
64.5,-5.5,2687903
64.5,-4.5,1469154
64.5,-3.5,1890563
64.5,-2.5,2069834
64.5,-1.5,1450285
64.5,-0.5,1495270
64.5,0.5,1022783
64.5,1.5,1580864
64.5,2.5,2128997
64.5,3.5,3758503
64.5,4.5,2549252
64.5,5.5,1459945
64.5,6.5,1639632
64.5,7.5,869382
64.5,8.5,1241170
64.5,9.5,678803
64.5,10.5,209624
64.5,11.5,162655
64.5,12.5,131379
64.5,13.5,59542
64.5,15.5,10764
64.5,17.5,35030
64.5,18.5,6675
65.5,-40.5,5991
65.5,-39.5,237953
65.5,-38.5,291877
65.5,-37.5,315977
65.5,-36.5,818580
65.5,-35.5,155932
65.5,-34.5,40152
65.5,-33.5,7580
65.5,-32.5,18197
65.5,-31.5,63498
65.5,-30.5,14463
65.5,-29.5,24181
65.5,-28.5,17479
65.5,-27.5,10353
65.5,-26.5,14491
65.5,-25.5,52682
65.5,-24.5,89450
65.5,-23.5,38476
65.5,-22.5,33753
65.5,-21.5,40192
65.5,-20.5,71530
65.5,-19.5,75111
65.5,-18.5,69159
65.5,-17.5,575896
65.5,-16.5,783944
65.5,-15.5,791041
65.5,-14.5,161278
65.5,-13.5,109173
65.5,-12.5,132922
65.5,-11.5,356737
65.5,-10.5,655986
65.5,-9.5,876570
65.5,-8.5,589543
65.5,-7.5,841821
65.5,-6.5,1452955
65.5,-5.5,1639203
65.5,-4.5,1621645
65.5,-3.5,2689220
65.5,-2.5,2270803
65.5,-1.5,1846851
65.5,-0.5,2092866
65.5,0.5,1789025
65.5,1.5,2248695
65.5,2.5,2704845
65.5,3.5,2414371
65.5,4.5,1846874
65.5,5.5,1871816
65.5,6.5,1264840
65.5,7.5,1399270
65.5,8.5,861841
65.5,9.5,161828
65.5,10.5,207050
65.5,11.5,150916
65.5,12.5,69265
65.5,13.5,47876
65.5,14.5,1363
65.5,16.5,71720
65.5,17.5,14763
66.5,-43.5,8512
66.5,-39.5,254640
66.5,-38.5,410255
66.5,-37.5,264826
66.5,-36.5,459321
66.5,-35.5,337243
66.5,-34.5,38708
66.5,-33.5,3695
66.5,-32.5,137457
66.5,-31.5,135928
66.5,-30.5,58218
66.5,-29.5,20929
66.5,-28.5,12743
66.5,-26.5,29724
66.5,-25.5,119772
66.5,-24.5,122947
66.5,-23.5,67760
66.5,-22.5,111642
66.5,-21.5,49373
66.5,-20.5,68925
66.5,-19.5,23776
66.5,-18.5,111695
66.5,-17.5,647416
66.5,-16.5,404231
66.5,-15.5,390106
66.5,-14.5,35804
66.5,-13.5,77822
66.5,-12.5,132158
66.5,-11.5,354626
66.5,-10.5,660335
66.5,-9.5,478949
66.5,-8.5,1098110
66.5,-7.5,756994
66.5,-6.5,755362
66.5,-5.5,1603622
66.5,-4.5,1631898
66.5,-3.5,2343950
66.5,-2.5,1483079
66.5,-1.5,1129036
66.5,-0.5,1366573
66.5,0.5,1350855
66.5,1.5,1154088
66.5,2.5,1653073
66.5,3.5,1683088
66.5,4.5,1059657
66.5,5.5,1464086
66.5,6.5,1269294
66.5,7.5,929034
66.5,8.5,722056
66.5,9.5,202602
66.5,10.5,229646
66.5,11.5,95344
66.5,12.5,36775
66.5,13.5,113849
66.5,14.5,263599
66.5,15.5,126720
66.5,18.5,7708
67.5,-40.5,95458
67.5,-39.5,104428
67.5,-38.5,280647
67.5,-37.5,150774
67.5,-36.5,283500
67.5,-35.5,403539
67.5,-34.5,34083
67.5,-33.5,32515
67.5,-32.5,32024
67.5,-31.5,51944
67.5,-30.5,9971
67.5,-29.5,18262
67.5,-28.5,21930
67.5,-26.5,13864
67.5,-25.5,46554
67.5,-24.5,171708
67.5,-23.5,74288
67.5,-22.5,73866
67.5,-21.5,149361
67.5,-20.5,73326
67.5,-19.5,198689
67.5,-18.5,182051
67.5,-17.5,264043
67.5,-16.5,8702
67.5,-15.5,21528
67.5,-14.5,11359
67.5,-13.5,18555
67.5,-12.5,256088
67.5,-11.5,806740
67.5,-10.5,1072072
67.5,-9.5,1386427
67.5,-8.5,1306319
67.5,-7.5,803933
67.5,-6.5,353016
67.5,-5.5,1162703
67.5,-4.5,2020967
67.5,-3.5,2317928
67.5,-2.5,1841915
67.5,-1.5,1349077
67.5,-0.5,978965
67.5,0.5,917795
67.5,1.5,859583
67.5,2.5,1288258
67.5,3.5,1696163
67.5,4.5,1083255
67.5,5.5,963619
67.5,6.5,927886
67.5,7.5,561966
67.5,8.5,512971
67.5,9.5,327518
67.5,10.5,96157
67.5,11.5,505399
67.5,12.5,402318
67.5,13.5,492116
67.5,14.5,374871
67.5,15.5,71500
67.5,16.5,57095
67.5,17.5,8851
68.5,-40.5,49284
68.5,-39.5,102102
68.5,-38.5,259685
68.5,-37.5,182735
68.5,-36.5,631180
68.5,-35.5,450010
68.5,-34.5,429188
68.5,-33.5,141455
68.5,-32.5,94671
68.5,-31.5,221038
68.5,-30.5,29379
68.5,-29.5,13719
68.5,-28.5,9037
68.5,-27.5,7204
68.5,-26.5,5912
68.5,-25.5,24387
68.5,-24.5,217004
68.5,-23.5,72185
68.5,-22.5,58483
68.5,-21.5,145648
68.5,-20.5,166836
68.5,-19.5,169896
68.5,-18.5,111516
68.5,-17.5,164965
68.5,-16.5,315027
68.5,-15.5,40734
68.5,-14.5,28448
68.5,-13.5,53956
68.5,-12.5,575292
68.5,-11.5,1429727
68.5,-10.5,794593
68.5,-9.5,1107870
68.5,-8.5,311374
68.5,-7.5,19166
68.5,-6.5,10587
68.5,-5.5,14513
68.5,-4.5,328393
68.5,-3.5,1104144
68.5,-2.5,1079568
68.5,-1.5,728678
68.5,-0.5,742460
68.5,0.5,539200
68.5,1.5,773023
68.5,2.5,953925
68.5,3.5,1159726
68.5,4.5,768799
68.5,5.5,488056
68.5,6.5,288017
68.5,7.5,365707
68.5,8.5,229937
68.5,9.5,83122
68.5,10.5,18367
68.5,11.5,83905
68.5,12.5,142720
68.5,13.5,244218
68.5,14.5,266468
68.5,15.5,109131
68.5,16.5,24806
69.5,-40.5,21549
69.5,-39.5,88981
69.5,-38.5,230491
69.5,-37.5,157802
69.5,-36.5,591100
69.5,-35.5,694671
69.5,-34.5,419886
69.5,-33.5,168306
69.5,-32.5,229493
69.5,-31.5,477974
69.5,-30.5,37683
69.5,-29.5,37059
69.5,-27.5,52354
69.5,-26.5,32295
69.5,-25.5,14626
69.5,-24.5,201678
69.5,-23.5,64025
69.5,-22.5,62764
69.5,-21.5,69039
69.5,-20.5,234974
69.5,-19.5,252343
69.5,-18.5,34227
69.5,-17.5,81261
69.5,-16.5,113656
69.5,-15.5,106432
69.5,-14.5,70229
69.5,-13.5,63316
69.5,-12.5,175983
69.5,-11.5,515359
69.5,-10.5,660099
69.5,-9.5,83786
69.5,-4.5,1217
69.5,-3.5,33387
69.5,-2.5,220181
69.5,-1.5,343563
69.5,-0.5,225939
69.5,0.5,111189
69.5,1.5,212482
69.5,2.5,79409
69.5,3.5,94977
69.5,4.5,12495
69.5,5.5,7258
69.5,7.5,23863
69.5,8.5,13558
69.5,9.5,5701
70.5,-40.5,21289
70.5,-39.5,213872
70.5,-38.5,136180
70.5,-37.5,56933
70.5,-36.5,305700
70.5,-35.5,410367
70.5,-34.5,329962
70.5,-33.5,236361
70.5,-32.5,80642
70.5,-31.5,148088
70.5,-30.5,8180
70.5,-29.5,21076
70.5,-28.5,1192
70.5,-27.5,93816
70.5,-26.5,86069
70.5,-25.5,85944
70.5,-24.5,118709
70.5,-23.5,198429
70.5,-22.5,453505
70.5,-21.5,179115
70.5,-20.5,227587
70.5,-19.5,419603
70.5,-18.5,66513
70.5,-17.5,25265
70.5,-16.5,29721
70.5,-15.5,41163
70.5,-14.5,6069
70.5,-13.5,61567
70.5,-12.5,207366
70.5,-11.5,1070795
70.5,-10.5,705047
70.5,-3.5,702
70.5,-2.5,11116
70.5,7.5,3843
70.5,8.5,11744
71.5,-40.5,38843
71.5,-39.5,169195
71.5,-38.5,32423
71.5,-37.5,76054
71.5,-36.5,89225
71.5,-35.5,328006
71.5,-34.5,792377
71.5,-33.5,289036
71.5,-32.5,421809
71.5,-31.5,197074
71.5,-30.5,12785
71.5,-27.5,46320
71.5,-26.5,181310
71.5,-25.5,33932
71.5,-24.5,85553
71.5,-23.5,83526
71.5,-22.5,436199
71.5,-21.5,335186
71.5,-20.5,268502
71.5,-19.5,45024
71.5,-18.5,40732
71.5,-17.5,24857
71.5,-16.5,10990
71.5,-15.5,20335
71.5,-14.5,4092
71.5,-13.5,92018
71.5,-12.5,213845
71.5,-11.5,886269
71.5,-10.5,255022
71.5,-3.5,814
71.5,-2.5,4905
71.5,-1.5,3251
71.5,7.5,2997
71.5,8.5,59078
72.5,-63.5,725
72.5,-40.5,26607
72.5,-39.5,285563
72.5,-38.5,82499
72.5,-37.5,378896
72.5,-36.5,224149
72.5,-35.5,481080
72.5,-34.5,520222
72.5,-33.5,308629
72.5,-32.5,248669
72.5,-31.5,310865
72.5,-30.5,6112
72.5,-29.5,949
72.5,-28.5,22406
72.5,-27.5,41501
72.5,-26.5,148763
72.5,-25.5,3549
72.5,-24.5,67000
72.5,-23.5,41411
72.5,-22.5,217598
72.5,-21.5,179429
72.5,-20.5,148735
72.5,-19.5,155370
72.5,-18.5,86231
72.5,-17.5,36536
72.5,-16.5,125674
72.5,-15.5,100952
72.5,-14.5,33128
72.5,-13.5,81385
72.5,-12.5,283475
72.5,-11.5,737634
72.5,-10.5,24664
72.5,-3.5,1846
72.5,7.5,8241
73.5,-40.5,6368
73.5,-39.5,31501
73.5,-38.5,4837
73.5,-37.5,35276
73.5,-36.5,264411
73.5,-35.5,336497
73.5,-34.5,578908
73.5,-33.5,829562
73.5,-32.5,259005
73.5,-31.5,525879
73.5,-30.5,18215
73.5,-29.5,54340
73.5,-28.5,25389
73.5,-27.5,39340
73.5,-26.5,8703
73.5,-25.5,48529
73.5,-24.5,159534
73.5,-23.5,35539
73.5,-22.5,81277
73.5,-21.5,102997
73.5,-20.5,90940
73.5,-19.5,214607
73.5,-18.5,85750
73.5,-17.5,50573
73.5,-16.5,122412
73.5,-15.5,47503
73.5,-14.5,30169
73.5,-13.5,236275
73.5,-12.5,399711
73.5,-11.5,641332
73.5,-10.5,25178
73.5,-4.5,709
73.5,-3.5,525
74.5,-35.5,63017
74.5,-34.5,396179
74.5,-33.5,889071
74.5,-32.5,422705
74.5,-31.5,484810
74.5,-30.5,17163
74.5,-29.5,18266
74.5,-26.5,7743
74.5,-25.5,175184
74.5,-24.5,48949
74.5,-23.5,8855
74.5,-22.5,20535
74.5,-21.5,20139
74.5,-20.5,105843
74.5,-19.5,288561
74.5,-18.5,176478
74.5,-17.5,352453
74.5,-16.5,125664
74.5,-15.5,236349
74.5,-14.5,39514
74.5,-13.5,130877
74.5,-12.5,423168
74.5,-11.5,541771
74.5,-10.5,182447
74.5,-9.5,7492
74.5,-3.5,1954
74.5,3.5,745
74.5,7.5,4063
75.5,-34.5,231672
75.5,-33.5,711012
75.5,-32.5,285482
75.5,-31.5,229984
75.5,-30.5,41658
75.5,-29.5,54814
75.5,-28.5,8300
75.5,-25.5,82225
75.5,-24.5,16324
75.5,-23.5,58731
75.5,-21.5,34548
75.5,-20.5,358637
75.5,-19.5,301419
75.5,-18.5,408405
75.5,-17.5,102414
75.5,-16.5,53638
75.5,-15.5,131574
75.5,-14.5,40791
75.5,-13.5,198857
75.5,-12.5,127458
75.5,-11.5,587466
75.5,-10.5,242016
75.5,-9.5,78037
75.5,-8.5,53818
75.5,-7.5,12863
75.5,-6.5,30803
75.5,-5.5,81237
75.5,-4.5,155253
75.5,-3.5,984990
75.5,-2.5,140435
75.5,7.5,1018
76.5,-34.5,306868
76.5,-33.5,726432
76.5,-32.5,354884
76.5,-31.5,181624
76.5,-30.5,4303
76.5,-29.5,16070
76.5,-28.5,7645
76.5,-26.5,6389
76.5,-25.5,15799
76.5,-24.5,103692
76.5,-23.5,151655
76.5,-22.5,79574
76.5,-21.5,114662
76.5,-20.5,237065
76.5,-19.5,456172
76.5,-18.5,424001
76.5,-17.5,543910
76.5,-16.5,304088
76.5,-15.5,106428
76.5,-14.5,30865
76.5,-13.5,55727
76.5,-12.5,12650
76.5,-11.5,79303
76.5,-10.5,255228
76.5,-9.5,173046
76.5,-8.5,248480
76.5,-7.5,166166
76.5,-6.5,207232
76.5,-5.5,310989
76.5,-4.5,542348
76.5,-3.5,1412458
76.5,-2.5,664544
76.5,-1.5,111568
76.5,-0.5,19427
76.5,0.5,1770
76.5,6.5,3011
76.5,7.5,2828
77.5,-34.5,80241
77.5,-33.5,729290
77.5,-32.5,392125
77.5,-31.5,238192
77.5,-30.5,55365
77.5,-29.5,22866
77.5,-28.5,5067
77.5,-27.5,2548
77.5,-26.5,476
77.5,-25.5,8085
77.5,-24.5,134708
77.5,-23.5,103670
77.5,-22.5,76861
77.5,-21.5,122890
77.5,-20.5,329869
77.5,-19.5,118897
77.5,-18.5,119176
77.5,-17.5,341086
77.5,-16.5,333433
77.5,-15.5,5741
77.5,-14.5,26677
77.5,-13.5,148662
77.5,-12.5,60910
77.5,-11.5,90840
77.5,-10.5,161469
77.5,-9.5,246962
77.5,-8.5,231845
77.5,-7.5,112200
77.5,-6.5,103529
77.5,-5.5,128251
77.5,-4.5,454145
77.5,-3.5,740052
77.5,-2.5,647371
77.5,-1.5,467906
77.5,-0.5,236009
77.5,0.5,549463
77.5,1.5,241351
77.5,2.5,195563
77.5,3.5,99060
77.5,4.5,93894
77.5,7.5,5068
78.5,-34.5,66282
78.5,-33.5,541072
78.5,-32.5,478695
78.5,-31.5,462438
78.5,-30.5,94156
78.5,-29.5,17726
78.5,-28.5,885
78.5,-27.5,25780
78.5,-26.5,15878
78.5,-25.5,33000
78.5,-24.5,99427
78.5,-23.5,66513
78.5,-22.5,102794
78.5,-21.5,118558
78.5,-20.5,83907
78.5,-19.5,637
78.5,-18.5,5012
78.5,-17.5,292546
78.5,-16.5,283571
78.5,-15.5,30875
78.5,-13.5,19978
78.5,-12.5,50603
78.5,-11.5,282838
78.5,-10.5,112311
78.5,-9.5,276138
78.5,-8.5,164507
78.5,-7.5,244500
78.5,-6.5,194117
78.5,-5.5,155759
78.5,-4.5,259453
78.5,-3.5,343657
78.5,-2.5,350639
78.5,-1.5,563489
78.5,-0.5,127663
78.5,0.5,358576
78.5,1.5,339167
78.5,2.5,194511
78.5,3.5,96523
78.5,4.5,37994
78.5,6.5,5274
79.5,-34.5,164867
79.5,-33.5,610566
79.5,-32.5,707063
79.5,-31.5,293456
79.5,-30.5,23628
79.5,-29.5,639
79.5,-28.5,8272
79.5,-27.5,60280
79.5,-26.5,62356
79.5,-25.5,135562
79.5,-24.5,283585
79.5,-23.5,24647
79.5,-21.5,27359
79.5,-20.5,21005
79.5,-19.5,1767
79.5,-17.5,31209
79.5,-16.5,60777
79.5,-15.5,21355
79.5,-14.5,9717
79.5,-13.5,65560
79.5,-12.5,154691
79.5,-11.5,123685
79.5,-10.5,120517
79.5,-9.5,141514
79.5,-8.5,142728
79.5,-7.5,338080
79.5,-6.5,107754
79.5,-5.5,89220
79.5,-4.5,156311
79.5,-3.5,349480
79.5,-2.5,339033
79.5,-1.5,626677
79.5,-0.5,498161
79.5,0.5,610820
79.5,1.5,444421
79.5,2.5,161471
79.5,3.5,41966
79.5,4.5,6908
79.5,5.5,1664
79.5,6.5,261642
79.5,7.5,12992
80.5,-34.5,77081
80.5,-33.5,189294
80.5,-32.5,590689
80.5,-31.5,484609
80.5,-30.5,125419
80.5,-29.5,27471
80.5,-28.5,2505
80.5,-27.5,35729
80.5,-26.5,35541
80.5,-25.5,84654
80.5,-24.5,191040
80.5,-23.5,20872
80.5,-20.5,1701
80.5,-19.5,7592
80.5,-15.5,3698
80.5,-13.5,38060
80.5,-12.5,118284
80.5,-11.5,58579
80.5,-10.5,151845
80.5,-9.5,74396
80.5,-8.5,127264
80.5,-7.5,84319
80.5,-6.5,139555
80.5,-5.5,45001
80.5,-4.5,218927
80.5,-3.5,266460
80.5,-2.5,400305
80.5,-1.5,958381
80.5,-0.5,1091907
80.5,0.5,563719
80.5,1.5,525514
80.5,2.5,64970
80.5,3.5,2847
80.5,5.5,23040
81.5,-40.5,2642
81.5,-39.5,3456
81.5,-35.5,4155
81.5,-34.5,164201
81.5,-33.5,453512
81.5,-32.5,353931
81.5,-31.5,314525
81.5,-30.5,88500
81.5,-29.5,4433
81.5,-28.5,376
81.5,-27.5,14415
81.5,-26.5,2327
81.5,-25.5,7699
81.5,-20.5,5009
81.5,-19.5,64217
81.5,-14.5,7381
81.5,-13.5,109622
81.5,-12.5,310275
81.5,-11.5,61260
81.5,-10.5,191564
81.5,-9.5,74257
81.5,-8.5,117634
81.5,-7.5,183677
81.5,-6.5,68615
81.5,-5.5,43722
81.5,-4.5,37328
81.5,-3.5,140902
81.5,-2.5,182017
81.5,-1.5,379889
81.5,-0.5,1094109
81.5,0.5,476393
81.5,1.5,638137
81.5,2.5,118290
81.5,3.5,8503
81.5,8.5,3909
82.5,-39.5,12310
82.5,-37.5,3208
82.5,-36.5,44969
82.5,-35.5,59916
82.5,-34.5,551050
82.5,-33.5,1326658
82.5,-32.5,849084
82.5,-31.5,614171
82.5,-30.5,63384
82.5,-29.5,4544
82.5,-28.5,2058
82.5,-27.5,5398
82.5,-20.5,4350
82.5,-19.5,2285
82.5,-13.5,69554
82.5,-12.5,64616
82.5,-11.5,61602
82.5,-10.5,163623
82.5,-9.5,77550
82.5,-8.5,31866
82.5,-7.5,164076
82.5,-6.5,19948
82.5,-5.5,76309
82.5,-4.5,221980
82.5,-3.5,286413
82.5,-2.5,151252
82.5,-1.5,367750
82.5,-0.5,743341
82.5,0.5,528458
82.5,1.5,630888
82.5,2.5,67112
83.5,-38.5,4800
83.5,-37.5,12288
83.5,-36.5,46034
83.5,-35.5,191914
83.5,-34.5,510436
83.5,-33.5,658322
83.5,-32.5,534095
83.5,-31.5,498918
83.5,-30.5,169094
83.5,-29.5,24027
83.5,-28.5,13430
83.5,-27.5,24681
83.5,-20.5,1910
83.5,-16.5,13733
83.5,-14.5,2206
83.5,-13.5,101265
83.5,-12.5,167254
83.5,-11.5,116068
83.5,-10.5,123003
83.5,-9.5,88471
83.5,-8.5,13997
83.5,-7.5,67988
83.5,-6.5,76453
83.5,-5.5,126210
83.5,-4.5,258770
83.5,-3.5,139107
83.5,-2.5,34040
83.5,-1.5,129072
83.5,-0.5,511046
83.5,0.5,1079007
83.5,1.5,806648
83.5,2.5,290071
84.5,-36.5,68863
84.5,-35.5,324724
84.5,-34.5,281985
84.5,-33.5,193840
84.5,-32.5,311623
84.5,-31.5,219058
84.5,-30.5,40688
84.5,-28.5,11920
84.5,-20.5,8908
84.5,-19.5,603
84.5,-16.5,2424
84.5,-13.5,1912
84.5,-12.5,73973
84.5,-11.5,164406
84.5,-10.5,277115
84.5,-9.5,69595
84.5,-7.5,37294
84.5,-6.5,92371
84.5,-5.5,187348
84.5,-4.5,186268
84.5,-3.5,145645
84.5,-2.5,82787
84.5,-1.5,116849
84.5,-0.5,323967
84.5,0.5,427877
84.5,1.5,693215
84.5,2.5,527434
84.5,3.5,60743
84.5,4.5,35647
84.5,6.5,6946
84.5,7.5,9654
85.5,-37.5,6751
85.5,-36.5,17564
85.5,-35.5,134544
85.5,-34.5,12870
85.5,-33.5,205107
85.5,-32.5,257468
85.5,-31.5,554428
85.5,-30.5,29962
85.5,-14.5,7323
85.5,-13.5,27384
85.5,-12.5,58578
85.5,-11.5,41599
85.5,-10.5,75492
85.5,-9.5,6058
85.5,-8.5,6338
85.5,-6.5,57660
85.5,-5.5,65186
85.5,-4.5,303138
85.5,-3.5,112124
85.5,-2.5,285794
85.5,-1.5,406779
85.5,-0.5,363081
85.5,0.5,360096
85.5,1.5,327909
85.5,2.5,301292
85.5,3.5,44695
85.5,4.5,35947
85.5,5.5,83868
85.5,6.5,15745
85.5,7.5,5599
86.5,-38.5,17408
86.5,-37.5,78353
86.5,-36.5,204346
86.5,-35.5,284140
86.5,-34.5,61258
86.5,-33.5,158409
86.5,-32.5,235056
86.5,-31.5,375187
86.5,-30.5,6931
86.5,-13.5,76110
86.5,-12.5,162432
86.5,-11.5,130406
86.5,-10.5,111414
86.5,-9.5,11010
86.5,-8.5,11937
86.5,-6.5,32485
86.5,-5.5,93629
86.5,-4.5,336728
86.5,-3.5,109353
86.5,-2.5,175737
86.5,-1.5,351233
86.5,-0.5,675877
86.5,0.5,450587
86.5,1.5,198690
86.5,2.5,26856
86.5,3.5,18086
86.5,4.5,68747
86.5,5.5,19372
86.5,6.5,17330
86.5,7.5,11655
86.5,8.5,3050
86.5,9.5,18728
87.5,-38.5,11446
87.5,-37.5,148550
87.5,-36.5,153159
87.5,-35.5,297512
87.5,-34.5,227912
87.5,-33.5,214433
87.5,-32.5,169158
87.5,-31.5,66180
87.5,-30.5,23110
87.5,-18.5,4545
87.5,-17.5,116106
87.5,-16.5,3432
87.5,-13.5,55255
87.5,-12.5,96690
87.5,-11.5,145605
87.5,-10.5,124036
87.5,-9.5,44075
87.5,-8.5,4518
87.5,-7.5,46620
87.5,-6.5,124372
87.5,-5.5,71538
87.5,-4.5,231045
87.5,-3.5,186163
87.5,-2.5,300456
87.5,-1.5,365135
87.5,-0.5,360106
87.5,0.5,349100
87.5,1.5,119243
87.5,2.5,46884
87.5,4.5,12580
87.5,5.5,7128
87.5,6.5,44525
87.5,8.5,9065
87.5,9.5,38568
87.5,10.5,3970
88.5,-37.5,44736
88.5,-36.5,66879
88.5,-35.5,108479
88.5,-34.5,282304
88.5,-33.5,482500
88.5,-32.5,647399
88.5,-31.5,30178
88.5,-30.5,12554
88.5,-17.5,64819
88.5,-16.5,54826
88.5,-15.5,10488
88.5,-14.5,2124
88.5,-13.5,56004
88.5,-12.5,36132
88.5,-11.5,240108
88.5,-10.5,218358
88.5,-9.5,149162
88.5,-8.5,80753
88.5,-7.5,9372
88.5,-6.5,19183
88.5,-5.5,26266
88.5,-4.5,346377
88.5,-3.5,293861
88.5,-2.5,664623
88.5,-1.5,585206
88.5,-0.5,148766
88.5,0.5,108424
88.5,1.5,26917
88.5,2.5,141638
88.5,4.5,2799
88.5,6.5,2680
88.5,7.5,2738
88.5,8.5,17504
88.5,9.5,34739
89.5,-37.5,16480
89.5,-36.5,159775
89.5,-35.5,318512
89.5,-34.5,389079
89.5,-33.5,470054
89.5,-32.5,547062
89.5,-31.5,37979
89.5,-30.5,13218
89.5,-17.5,1207
89.5,-13.5,55572
89.5,-12.5,70680
89.5,-11.5,221163
89.5,-10.5,224191
89.5,-9.5,61155
89.5,-8.5,1958
89.5,-5.5,18359
89.5,-4.5,70854
89.5,-3.5,172781
89.5,-2.5,227812
89.5,-1.5,206267
89.5,-0.5,149769
89.5,0.5,20604
89.5,1.5,141564
89.5,2.5,240405
89.5,3.5,20788
89.5,15.5,5925
90.5,-37.5,31453
90.5,-36.5,273194
90.5,-35.5,195703
90.5,-34.5,482819
90.5,-33.5,495176
90.5,-32.5,215274
90.5,-31.5,116175
90.5,-30.5,24957
90.5,-17.5,598
90.5,-13.5,19895
90.5,-12.5,183979
90.5,-11.5,507055
90.5,-10.5,251568
90.5,-9.5,11599
90.5,-7.5,6478
90.5,-6.5,43027
90.5,-5.5,54970
90.5,-4.5,50810
90.5,-3.5,31899
90.5,-2.5,9932
90.5,-1.5,52613
90.5,-0.5,36959
90.5,0.5,113091
90.5,1.5,532886
90.5,2.5,684250
90.5,3.5,23745
90.5,5.5,16409
90.5,6.5,2117
91.5,-37.5,119726
91.5,-36.5,563177
91.5,-35.5,282830
91.5,-34.5,240684
91.5,-33.5,182551
91.5,-32.5,136911
91.5,-31.5,56330
91.5,-30.5,8692
91.5,-13.5,19063
91.5,-12.5,158163
91.5,-11.5,324670
91.5,-10.5,59791
91.5,-9.5,56768
91.5,-7.5,2758
91.5,-6.5,46604
91.5,-5.5,52811
91.5,-4.5,67996
91.5,-3.5,22138
91.5,-0.5,17397
91.5,0.5,9710
91.5,1.5,199501
91.5,2.5,91456
91.5,3.5,10443
92.5,-38.5,39018
92.5,-37.5,376726
92.5,-36.5,320692
92.5,-35.5,257592
92.5,-34.5,412637
92.5,-33.5,330813
92.5,-32.5,109287
92.5,-31.5,21257
92.5,-30.5,29215
92.5,-29.5,30287
92.5,-18.5,3014
92.5,-17.5,5839
92.5,-13.5,37499
92.5,-12.5,103123
92.5,-11.5,172784
92.5,-10.5,207922
92.5,-9.5,54526
92.5,-7.5,77459
92.5,-6.5,38740
92.5,-5.5,15836
92.5,-4.5,34539
92.5,-3.5,1729
92.5,1.5,8146
93.5,-38.5,26438
93.5,-37.5,204700
93.5,-36.5,116983
93.5,-35.5,321251
93.5,-34.5,646399
93.5,-33.5,196029
93.5,-32.5,100275
93.5,-31.5,42346
93.5,-30.5,83491
93.5,-29.5,29861
93.5,-18.5,9351
93.5,-13.5,5879
93.5,-12.5,53039
93.5,-11.5,39799
93.5,-10.5,75885
93.5,-9.5,71699
93.5,-8.5,8949
93.5,-7.5,16017
93.5,-6.5,4833
94.5,-36.5,19439
94.5,-35.5,318321
94.5,-34.5,960645
94.5,-33.5,73398
94.5,-32.5,35982
94.5,-31.5,27355
94.5,-30.5,82605
94.5,-29.5,11076
94.5,-21.5,5352
94.5,-8.5,12511
94.5,-7.5,2843
95.5,-37.5,3932
95.5,-36.5,45827
95.5,-35.5,168450
95.5,-34.5,302964
95.5,-33.5,2780
95.5,-32.5,27555
95.5,-31.5,162
95.5,-30.5,74715
95.5,-29.5,28584
95.5,-22.5,560
95.5,-18.5,14601
95.5,-8.5,18178
96.5,-42.5,11804
96.5,-38.5,3836
96.5,-37.5,23860
96.5,-36.5,11144
96.5,-35.5,146602
96.5,-34.5,121922
96.5,-33.5,5660
96.5,-32.5,38260
96.5,-31.5,15834
96.5,-30.5,52750
96.5,-29.5,19413
96.5,-28.5,2506
96.5,-24.5,1921
96.5,-19.5,618
96.5,-18.5,24378
96.5,-14.5,7639
96.5,-8.5,8171
96.5,-7.5,8104
96.5,-5.5,538
96.5,-4.5,7133
97.5,-38.5,8078
97.5,-37.5,56298
97.5,-36.5,21428
97.5,-35.5,214464
97.5,-34.5,160101
97.5,-33.5,95329
97.5,-32.5,426428
97.5,-31.5,38583
97.5,-30.5,130869
97.5,-29.5,108384
97.5,-28.5,4700
97.5,-26.5,528
97.5,-25.5,1217
97.5,-24.5,3542
97.5,-22.5,114532
97.5,-21.5,86203
97.5,-20.5,21816
97.5,-19.5,21206
97.5,-18.5,1203
97.5,-8.5,50287
97.5,-7.5,23772
98.5,-38.5,4805
98.5,-37.5,76303
98.5,-36.5,5425
98.5,-35.5,76672
98.5,-34.5,129191
98.5,-33.5,29558
98.5,-32.5,80425
98.5,-31.5,60491
98.5,-30.5,138970
98.5,-29.5,204857
98.5,-28.5,128561
98.5,-22.5,1001
98.5,-20.5,7218
98.5,-19.5,13870
98.5,-8.5,5247
98.5,-7.5,710
98.5,7.5,2813
99.5,-38.5,9569
99.5,-37.5,34575
99.5,-36.5,7702
99.5,-35.5,13413
99.5,-34.5,51474
99.5,-33.5,10917
99.5,-32.5,18115
99.5,-31.5,4742
99.5,-30.5,21308
99.5,-29.5,268111
99.5,-28.5,244469
99.5,-27.5,833
99.5,-22.5,3585
99.5,-21.5,2874
99.5,-10.5,1700
100.5,-38.5,60397
100.5,-37.5,237648
100.5,-36.5,24168
100.5,-34.5,77900
100.5,-33.5,35610
100.5,-32.5,23807
100.5,-31.5,13412
100.5,-29.5,25281
100.5,-28.5,99916
100.5,-27.5,791
100.5,-26.5,2739
100.5,-25.5,16883
100.5,-22.5,25395
100.5,-14.5,6442
100.5,-13.5,45269
100.5,-12.5,61710
100.5,-11.5,3109
100.5,-10.5,2240
100.5,3.5,1580
101.5,-39.5,1883
101.5,-38.5,69826
101.5,-37.5,405912
101.5,-36.5,30850
101.5,-35.5,147074
101.5,-34.5,262881
101.5,-33.5,11169
101.5,-32.5,8092
101.5,-31.5,12070
101.5,-29.5,10723
101.5,-28.5,25715
101.5,-27.5,794
101.5,-25.5,1420
101.5,-14.5,215207
101.5,-13.5,229778
101.5,-12.5,46389
101.5,-11.5,5561
101.5,-10.5,2510
101.5,-9.5,28835
101.5,-8.5,15154
102.5,-38.5,151387
102.5,-37.5,803150
102.5,-36.5,98564
102.5,-35.5,995253
102.5,-34.5,212873
102.5,-33.5,52573
102.5,-32.5,4990
102.5,-31.5,26400
102.5,-30.5,13152
102.5,-29.5,35900
102.5,-28.5,29028
102.5,-26.5,14168
102.5,-25.5,4208
102.5,-21.5,3831
102.5,-20.5,8155
102.5,-18.5,3846
102.5,-17.5,16891
102.5,-16.5,13723
102.5,-15.5,5012
102.5,-14.5,35414
102.5,-13.5,10423
102.5,-12.5,34450
103.5,-38.5,106755
103.5,-37.5,448963
103.5,-36.5,249478
103.5,-35.5,283094
103.5,-34.5,105977
103.5,-33.5,287503
103.5,-32.5,107835
103.5,-31.5,41537
103.5,-30.5,68593
103.5,-29.5,85173
103.5,-28.5,57979
103.5,-27.5,204
103.5,-23.5,11098
103.5,-22.5,31996
103.5,-21.5,51887
103.5,-20.5,330
103.5,-17.5,8697
103.5,-16.5,5757
103.5,1.5,102155
104.5,-38.5,18011
104.5,-37.5,94932
104.5,-36.5,381185
104.5,-35.5,294586
104.5,-34.5,194611
104.5,-33.5,48457
104.5,-32.5,6939
104.5,-31.5,4948
104.5,-30.5,11541
104.5,-29.5,50783
104.5,-28.5,154716
104.5,-23.5,30341
104.5,-22.5,29433
104.5,-21.5,1097
104.5,-15.5,6789
104.5,1.5,1144
105.5,-37.5,101841
105.5,-36.5,524724
105.5,-35.5,330027
105.5,-34.5,95737
105.5,-33.5,89381
105.5,-32.5,4468
105.5,-30.5,1391
105.5,-29.5,7974
105.5,-28.5,21198
105.5,-26.5,2648
106.5,-41.5,10441
106.5,-39.5,5060
106.5,-38.5,80504
106.5,-37.5,195064
106.5,-36.5,290588
106.5,-35.5,323099
106.5,-34.5,98020
106.5,-33.5,42364
106.5,-32.5,248
106.5,-29.5,15206
106.5,-27.5,14081
106.5,5.5,15289
107.5,-38.5,74377
107.5,-37.5,217541
107.5,-36.5,220312
107.5,-35.5,189169
107.5,-34.5,32338
107.5,-33.5,3695
107.5,-32.5,3849
108.5,-38.5,16639
108.5,-37.5,171304
108.5,-36.5,201469
108.5,-35.5,157388
108.5,-34.5,60667
108.5,-33.5,113879
109.5,-38.5,4903
109.5,-37.5,91055
109.5,-36.5,245541
109.5,-35.5,260923
109.5,-34.5,162200
109.5,-33.5,9932
110.5,-38.5,11842
110.5,-37.5,148690
110.5,-36.5,31840
110.5,-35.5,20121
110.5,-34.5,20801
110.5,-33.5,2643
110.5,-10.5,518
111.5,-37.5,36631
111.5,-36.5,1718
112.5,-37.5,4561
112.5,-10.5,402
112.5,-9.5,1515
113.5,-9.5,4120
113.5,22.5,479
114.5,-13.5,20798
114.5,21.5,291
114.5,22.5,40641
115.5,-9.5,8955
115.5,-8.5,17025
115.5,13.5,1065
115.5,16.5,13453
116.5,13.5,20993
116.5,16.5,3219
116.5,22.5,1452
117.5,17.5,6164
117.5,18.5,21195
117.5,19.5,4746
117.5,21.5,4062
117.5,23.5,427
118.5,17.5,5958
118.5,18.5,20223
118.5,19.5,6656
119.5,19.5,6483
119.5,20.5,3894
119.5,21.5,7768
119.5,22.5,12095
119.5,24.5,6230
119.5,25.5,27714
119.5,26.5,23091
120.5,22.5,314610
120.5,25.5,21124
120.5,35.5,20295
121.5,-39.5,642
121.5,24.5,1551
121.5,25.5,7930
121.5,27.5,5223
121.5,37.5,2633
121.5,38.5,20810
121.5,39.5,840
122.5,23.5,1814
122.5,24.5,4975
122.5,25.5,13370
122.5,26.5,17667
122.5,27.5,19648
122.5,29.5,62870
122.5,30.5,116463
122.5,36.5,6033
122.5,37.5,4574
122.5,38.5,120095
123.5,19.5,3200
123.5,20.5,2115
123.5,21.5,38895
123.5,23.5,1574
123.5,25.5,3724
123.5,35.5,583
123.5,36.5,6232
124.5,-39.5,1395
124.5,18.5,6766
124.5,20.5,3918
124.5,35.5,218
125.5,6.5,5185
125.5,7.5,1103
125.5,18.5,10531
125.5,19.5,16384
125.5,20.5,7646
125.5,24.5,1877
126.5,6.5,5264
126.5,16.5,14150
126.5,17.5,96587
126.5,18.5,47741
126.5,19.5,37085
126.5,20.5,14412
126.5,21.5,4024
126.5,78.5,21932
127.5,6.5,2751
127.5,10.5,2116
127.5,11.5,2089
127.5,12.5,660
127.5,15.5,92803
127.5,16.5,294674
127.5,17.5,229032
127.5,18.5,129744
127.5,19.5,54921
127.5,20.5,24692
127.5,26.5,4492
127.5,28.5,2360
128.5,5.5,4147
128.5,6.5,4203
128.5,7.5,686
128.5,9.5,2470
128.5,11.5,457
128.5,12.5,1344
128.5,13.5,39989
128.5,14.5,163495
128.5,15.5,350061
128.5,16.5,325900
128.5,17.5,410071
128.5,18.5,270798
128.5,19.5,117787
128.5,20.5,10061
128.5,28.5,7872
128.5,31.5,2958
128.5,33.5,4787
128.5,34.5,34445
129.5,6.5,5268
129.5,7.5,8316
129.5,8.5,4514
129.5,9.5,14253
129.5,10.5,409536
129.5,11.5,374253
129.5,12.5,342466
129.5,13.5,505143
129.5,14.5,317374
129.5,15.5,197446
129.5,16.5,282937
129.5,17.5,197191
129.5,18.5,229942
129.5,19.5,124675
129.5,20.5,7268
129.5,27.5,450
129.5,28.5,18627
129.5,29.5,16527
129.5,31.5,13708
129.5,32.5,227
129.5,34.5,63270
129.5,35.5,89405
130.5,3.5,160920
130.5,4.5,58620
130.5,5.5,3930
130.5,6.5,14883
130.5,7.5,38606
130.5,8.5,111812
130.5,9.5,295245
130.5,10.5,2212372
130.5,11.5,1344186
130.5,12.5,641665
130.5,13.5,349000
130.5,14.5,342431
130.5,15.5,311696
130.5,16.5,361343
130.5,17.5,250985
130.5,18.5,270597
130.5,19.5,190042
130.5,20.5,6608
130.5,25.5,598
130.5,27.5,1338
130.5,28.5,60666
130.5,29.5,8530
130.5,30.5,33360
130.5,31.5,12966
130.5,33.5,265
131.5,-38.5,2578
131.5,3.5,151191
131.5,4.5,38900
131.5,5.5,13966
131.5,6.5,89186
131.5,7.5,38631
131.5,8.5,170095
131.5,9.5,1045417
131.5,10.5,3632745
131.5,11.5,1860521
131.5,12.5,455345
131.5,13.5,285343
131.5,14.5,344560
131.5,15.5,355511
131.5,16.5,231791
131.5,17.5,205554
131.5,18.5,460190
131.5,19.5,225687
131.5,20.5,32807
131.5,22.5,787
131.5,25.5,5237
131.5,29.5,13876
131.5,30.5,12771
131.5,31.5,36865
131.5,32.5,1730
132.5,2.5,114437
132.5,3.5,374320
132.5,4.5,13369
132.5,5.5,38590
132.5,6.5,144999
132.5,7.5,46116
132.5,8.5,136326
132.5,9.5,83928
132.5,10.5,411663
132.5,11.5,1627824
132.5,12.5,1008108
132.5,13.5,559344
132.5,14.5,467248
132.5,15.5,244934
132.5,16.5,309295
132.5,17.5,396766
132.5,18.5,349792
132.5,19.5,206316
132.5,20.5,87669
132.5,21.5,10053
132.5,23.5,10967
132.5,24.5,3001
132.5,29.5,5070
132.5,30.5,2029
133.5,-8.5,110400
133.5,-7.5,116722
133.5,2.5,109488
133.5,3.5,235923
133.5,4.5,124021
133.5,5.5,105986
133.5,6.5,115225
133.5,7.5,58779
133.5,8.5,171482
133.5,9.5,192083
133.5,10.5,53471
133.5,11.5,583008
133.5,12.5,1111864
133.5,13.5,662471
133.5,14.5,690334
133.5,15.5,472454
133.5,16.5,557174
133.5,17.5,179497
133.5,18.5,69035
133.5,19.5,103970
133.5,20.5,8449
133.5,21.5,16201
133.5,22.5,2714
133.5,23.5,2408
133.5,24.5,6152
133.5,25.5,1721
133.5,27.5,704
133.5,28.5,10634
133.5,33.5,5530
134.5,-8.5,185184
134.5,-6.5,3814
134.5,3.5,7386
134.5,4.5,193041
134.5,5.5,428605
134.5,6.5,264845
134.5,7.5,16580
134.5,8.5,17340
134.5,9.5,63711
134.5,10.5,114884
134.5,11.5,581553
134.5,12.5,1312845
134.5,13.5,578231
134.5,14.5,570782
134.5,15.5,448944
134.5,16.5,664975
134.5,17.5,132776
134.5,18.5,15850
134.5,19.5,28867
134.5,20.5,23750
134.5,21.5,33495
134.5,22.5,18448
134.5,23.5,19986
134.5,24.5,38132
134.5,25.5,37262
134.5,26.5,2189
134.5,27.5,11655
134.5,28.5,12241
134.5,30.5,1534
134.5,31.5,2879
134.5,33.5,1374
134.5,39.5,97411
135.5,-9.5,9152
135.5,-8.5,115630
135.5,-7.5,1770
135.5,-5.5,35877
135.5,3.5,2275
135.5,4.5,227024
135.5,5.5,471150
135.5,6.5,522192
135.5,7.5,178839
135.5,8.5,245901
135.5,9.5,49790
135.5,11.5,384996
135.5,12.5,1172476
135.5,13.5,553094
135.5,14.5,395538
135.5,15.5,555611
135.5,16.5,805533
135.5,17.5,100516
135.5,18.5,104554
135.5,19.5,112379
135.5,20.5,58883
135.5,21.5,21863
135.5,22.5,30350
135.5,23.5,169967
135.5,24.5,595334
135.5,25.5,272393
135.5,26.5,176908
135.5,27.5,278019
135.5,28.5,69617
135.5,29.5,15195
135.5,31.5,14201
135.5,33.5,29327
136.5,-9.5,3227
136.5,-8.5,144284
136.5,-5.5,156798
136.5,3.5,6906
136.5,4.5,160448
136.5,5.5,632670
136.5,6.5,168621
136.5,7.5,41390
136.5,8.5,8253
136.5,9.5,1057
136.5,10.5,859
136.5,11.5,2339
136.5,12.5,456565
136.5,13.5,1142100
136.5,14.5,530171
136.5,15.5,844858
136.5,16.5,623626
136.5,17.5,108838
136.5,18.5,303032
136.5,19.5,136493
136.5,20.5,165240
136.5,21.5,172223
136.5,22.5,66163
136.5,23.5,110826
136.5,24.5,591668
136.5,25.5,519023
136.5,26.5,373587
136.5,27.5,217473
136.5,28.5,91737
136.5,29.5,63656
136.5,30.5,7573
136.5,33.5,32286
137.5,-8.5,618582
137.5,-7.5,5344
137.5,-6.5,5145
137.5,-5.5,129838
137.5,3.5,23297
137.5,4.5,90760
137.5,5.5,9015
137.5,6.5,1979
137.5,7.5,17836
137.5,12.5,39471
137.5,13.5,685330
137.5,14.5,636465
137.5,15.5,829491
137.5,16.5,1219994
137.5,17.5,485480
137.5,18.5,285348
137.5,19.5,393288
137.5,20.5,67552
137.5,21.5,62771
137.5,22.5,42475
137.5,23.5,237776
137.5,24.5,1050985
137.5,25.5,926201
137.5,26.5,166035
137.5,27.5,49789
137.5,28.5,15609
137.5,29.5,44316
137.5,30.5,22218
137.5,33.5,3990
138.5,-10.5,25388
138.5,-9.5,100276
138.5,-8.5,37767
138.5,2.5,88441
138.5,3.5,180969
138.5,4.5,98822
138.5,5.5,41882
138.5,6.5,26991
138.5,13.5,272059
138.5,14.5,701400
138.5,15.5,1324504
138.5,16.5,1123747
138.5,17.5,577491
138.5,18.5,394185
138.5,19.5,426570
138.5,20.5,313785
138.5,21.5,185136
138.5,22.5,77602
138.5,23.5,90960
138.5,24.5,134853
138.5,25.5,215475
138.5,26.5,41719
138.5,27.5,13998
138.5,28.5,26158
138.5,29.5,74033
138.5,30.5,43151
138.5,32.5,10483
138.5,34.5,90748
138.5,35.5,16005
138.5,40.5,7371
138.5,43.5,8030
139.5,-10.5,5141
139.5,-8.5,259
139.5,1.5,7301
139.5,2.5,68550
139.5,3.5,3529172
139.5,4.5,498182
139.5,5.5,41167
139.5,6.5,116224
139.5,7.5,21125
139.5,13.5,259485
139.5,14.5,722520
139.5,15.5,1264379
139.5,16.5,1199386
139.5,17.5,1044131
139.5,18.5,475593
139.5,19.5,692651
139.5,20.5,742236
139.5,21.5,545908
139.5,22.5,306812
139.5,23.5,169867
139.5,24.5,52443
139.5,25.5,44435
139.5,26.5,27588
139.5,27.5,79549
139.5,28.5,44291
139.5,29.5,41411
139.5,30.5,27695
139.5,31.5,2143
139.5,33.5,2148
139.5,34.5,23481
139.5,35.5,60975
139.5,40.5,14519
139.5,41.5,10316
139.5,44.5,196980
139.5,45.5,59902
140.5,1.5,176279
140.5,2.5,461848
140.5,3.5,6723978
140.5,4.5,726239
140.5,5.5,12116
140.5,6.5,218115
140.5,7.5,34030
140.5,9.5,34786
140.5,13.5,608168
140.5,14.5,1003303
140.5,15.5,1412542
140.5,16.5,1088436
140.5,17.5,1692874
140.5,18.5,1087723
140.5,19.5,1633564
140.5,20.5,1364213
140.5,21.5,404938
140.5,22.5,657709
140.5,23.5,260992
140.5,24.5,94142
140.5,25.5,10147
140.5,26.5,128258
140.5,27.5,246578
140.5,28.5,24109
140.5,29.5,52949
140.5,30.5,11104
140.5,31.5,5497
140.5,32.5,15705
140.5,33.5,19838
140.5,34.5,12348
140.5,35.5,26273
140.5,41.5,2440
140.5,44.5,28706
140.5,45.5,36301
141.5,1.5,1469694
141.5,2.5,8052947
141.5,3.5,4032231
141.5,4.5,9330
141.5,5.5,83182
141.5,6.5,158526
141.5,7.5,199087
141.5,8.5,37727
141.5,9.5,58710
141.5,12.5,1469
141.5,13.5,377085
141.5,14.5,1519834
141.5,15.5,1675817
141.5,16.5,1309925
141.5,17.5,1252336
141.5,18.5,1082146
141.5,19.5,656622
141.5,20.5,204344
141.5,21.5,127314
141.5,22.5,390633
141.5,23.5,786408
141.5,24.5,32538
141.5,25.5,44647
141.5,26.5,297631
141.5,27.5,1002690
141.5,28.5,296089
141.5,29.5,75602
141.5,30.5,241211
141.5,31.5,170342
141.5,32.5,87440
141.5,33.5,88294
141.5,34.5,220291
141.5,35.5,126284
141.5,36.5,112164
141.5,37.5,85593
141.5,38.5,75687
141.5,40.5,393157
141.5,41.5,748
142.5,1.5,117562
142.5,2.5,3038864
142.5,3.5,1715429
142.5,4.5,23068
142.5,5.5,108475
142.5,6.5,69248
142.5,7.5,264556
142.5,8.5,99230
142.5,9.5,37337
142.5,10.5,53040
142.5,15.5,6183
142.5,16.5,47318
142.5,17.5,25006
142.5,18.5,3037
142.5,19.5,1370
142.5,20.5,205
142.5,21.5,23457
142.5,22.5,856236
142.5,23.5,908233
142.5,24.5,593661
142.5,25.5,78138
142.5,26.5,41042
142.5,27.5,56720
142.5,28.5,109623
142.5,29.5,38320
142.5,30.5,67119
142.5,31.5,146451
142.5,32.5,252142
142.5,33.5,362396
142.5,34.5,818257
142.5,35.5,1024471
142.5,36.5,179381
142.5,37.5,267941
142.5,38.5,593915
142.5,39.5,532164
142.5,40.5,27099
142.5,41.5,22199
142.5,42.5,75961
143.5,-2.5,4731
143.5,2.5,3475168
143.5,3.5,2770595
143.5,4.5,64959
143.5,5.5,131755
143.5,6.5,100451
143.5,7.5,53462
143.5,8.5,114487
143.5,9.5,265820
143.5,10.5,28528
143.5,17.5,1336
143.5,18.5,17623
143.5,21.5,3830
143.5,22.5,107109
143.5,23.5,538511
143.5,24.5,377287
143.5,25.5,373088
143.5,26.5,285333
143.5,27.5,290923
143.5,28.5,491128
143.5,29.5,123938
143.5,30.5,178185
143.5,31.5,314811
143.5,32.5,914417
143.5,33.5,708347
143.5,34.5,1069919
143.5,35.5,1100713
143.5,36.5,76907
143.5,37.5,160677
143.5,38.5,744060
143.5,39.5,678627
143.5,40.5,5002
143.5,41.5,733
143.5,42.5,1012
144.5,2.5,2743471
144.5,3.5,5256065
144.5,4.5,309896
144.5,5.5,448004
144.5,6.5,236577
144.5,7.5,21574
144.5,8.5,30849
144.5,9.5,222629
144.5,10.5,232859
144.5,12.5,5490
144.5,13.5,3019
144.5,18.5,261
144.5,21.5,5080
144.5,22.5,3620
144.5,23.5,39499
144.5,24.5,293452
144.5,25.5,345364
144.5,26.5,149798
144.5,27.5,391928
144.5,28.5,418441
144.5,29.5,101526
144.5,30.5,454355
144.5,31.5,1285901
144.5,32.5,1988585
144.5,33.5,1307632
144.5,34.5,653887
144.5,35.5,991472
144.5,36.5,175066
144.5,37.5,44356
144.5,38.5,49866
144.5,39.5,198611
144.5,40.5,5734
144.5,42.5,9548
145.5,-11.5,1953
145.5,-10.5,190312
145.5,-9.5,490278
145.5,-8.5,188352
145.5,-4.5,42235
145.5,-3.5,320717
145.5,-2.5,141325
145.5,-1.5,172184
145.5,-0.5,8651
145.5,2.5,3940862
145.5,3.5,8497864
145.5,4.5,552485
145.5,5.5,541306
145.5,6.5,602544
145.5,7.5,120128
145.5,8.5,26214
145.5,9.5,35605
145.5,10.5,118635
145.5,11.5,371
145.5,22.5,4397
145.5,23.5,6584
145.5,24.5,465766
145.5,25.5,168758
145.5,26.5,21886
145.5,27.5,97816
145.5,28.5,288199
145.5,29.5,504414
145.5,30.5,406372
145.5,31.5,789123
145.5,32.5,1512936
145.5,33.5,915383
145.5,34.5,987231
145.5,35.5,774993
145.5,36.5,237108
145.5,37.5,106156
145.5,38.5,14485
145.5,39.5,46967
145.5,40.5,5310
145.5,41.5,25319
146.5,-12.5,29915
146.5,-11.5,479116
146.5,-10.5,470320
146.5,-9.5,329139
146.5,-8.5,51367
146.5,-5.5,264255
146.5,-4.5,299128
146.5,-3.5,548607
146.5,-2.5,59801
146.5,-1.5,779952
146.5,-0.5,79184
146.5,0.5,68808
146.5,1.5,12790
146.5,2.5,8583316
146.5,3.5,11105243
146.5,4.5,281599
146.5,5.5,638383
146.5,6.5,927650
146.5,7.5,20966
146.5,8.5,270209
146.5,9.5,343154
146.5,10.5,61064
146.5,11.5,856
146.5,14.5,3411
146.5,17.5,2066
146.5,19.5,6076
146.5,20.5,9892
146.5,21.5,18053
146.5,22.5,17243
146.5,23.5,86045
146.5,24.5,907033
146.5,25.5,732456
146.5,26.5,1069383
146.5,27.5,943711
146.5,28.5,765523
146.5,29.5,682838
146.5,30.5,211705
146.5,31.5,771908
146.5,32.5,404362
146.5,33.5,610308
146.5,34.5,2007268
146.5,35.5,820480
146.5,36.5,383711
146.5,37.5,512910
146.5,38.5,177364
146.5,39.5,753856
146.5,40.5,48949
146.5,41.5,25718
146.5,43.5,10536
147.5,-43.5,4236
147.5,-12.5,1137189
147.5,-11.5,1052984
147.5,-10.5,200261
147.5,-9.5,79043
147.5,-7.5,441435
147.5,-6.5,130844
147.5,-5.5,172836
147.5,-4.5,552922
147.5,-3.5,180804
147.5,-2.5,2124
147.5,-1.5,881124
147.5,-0.5,151363
147.5,0.5,14968
147.5,1.5,230482
147.5,2.5,11040858
147.5,3.5,7110058
147.5,4.5,312267
147.5,5.5,1090654
147.5,6.5,1169983
147.5,7.5,36749
147.5,8.5,325060
147.5,9.5,484484
147.5,10.5,34054
147.5,12.5,341
147.5,14.5,1256
147.5,20.5,13652
147.5,21.5,591
147.5,22.5,76926
147.5,23.5,766493
147.5,24.5,1169180
147.5,25.5,883484
147.5,26.5,891677
147.5,27.5,847298
147.5,28.5,871326
147.5,29.5,348981
147.5,30.5,324876
147.5,31.5,351260
147.5,32.5,208299
147.5,33.5,630260
147.5,34.5,2586076
147.5,35.5,1026827
147.5,36.5,480225
147.5,37.5,598828
147.5,38.5,242289
147.5,39.5,2472921
147.5,40.5,309726
148.5,-13.5,209344
148.5,-12.5,1258706
148.5,-11.5,374013
148.5,-10.5,129724
148.5,-8.5,112269
148.5,-7.5,269485
148.5,-6.5,273151
148.5,-5.5,84917
148.5,-4.5,822750
148.5,-3.5,268534
148.5,-2.5,39367
148.5,-1.5,394829
148.5,-0.5,141671
148.5,0.5,7653
148.5,1.5,57881
148.5,2.5,6552724
148.5,3.5,1630127
148.5,4.5,251530
148.5,5.5,642361
148.5,6.5,766524
148.5,7.5,54477
148.5,8.5,139475
148.5,9.5,313645
148.5,10.5,123454
148.5,11.5,3513
148.5,12.5,96629
148.5,13.5,14687
148.5,16.5,2341
148.5,18.5,254
148.5,20.5,45865
148.5,21.5,251528
148.5,22.5,1809608
148.5,23.5,1759498
148.5,24.5,1017507
148.5,25.5,970719
148.5,26.5,1119961
148.5,27.5,526472
148.5,28.5,665172
148.5,29.5,348995
148.5,30.5,149785
148.5,31.5,248651
148.5,32.5,401853
148.5,33.5,708000
148.5,34.5,1167345
148.5,35.5,1389483
148.5,36.5,406281
148.5,37.5,361083
148.5,38.5,297579
148.5,39.5,849114
148.5,40.5,1213822
149.5,-13.5,843745
149.5,-12.5,978641
149.5,-11.5,110638
149.5,-10.5,117794
149.5,-8.5,273540
149.5,-7.5,238196
149.5,-6.5,746019
149.5,-5.5,33286
149.5,-4.5,594883
149.5,-3.5,97305
149.5,-2.5,66860
149.5,-1.5,249837
149.5,-0.5,301540
149.5,0.5,66094
149.5,1.5,36981
149.5,2.5,4800981
149.5,3.5,742681
149.5,4.5,369904
149.5,5.5,358436
149.5,6.5,91108
149.5,7.5,15275
149.5,8.5,12282
149.5,9.5,475063
149.5,10.5,470473
149.5,11.5,30718
149.5,12.5,131911
149.5,13.5,144810
149.5,14.5,101105
149.5,15.5,158559
149.5,16.5,382054
149.5,17.5,380081
149.5,18.5,364558
149.5,19.5,660532
149.5,20.5,818128
149.5,21.5,813585
149.5,22.5,1803820
149.5,23.5,1611885
149.5,24.5,832913
149.5,25.5,864539
149.5,26.5,939434
149.5,27.5,578740
149.5,28.5,510061
149.5,29.5,307550
149.5,30.5,153664
149.5,31.5,186395
149.5,32.5,569108
149.5,33.5,757685
149.5,34.5,682890
149.5,35.5,1461686
149.5,36.5,1052928
149.5,37.5,827005
149.5,38.5,336405
149.5,39.5,956291
149.5,40.5,6848931
149.5,41.5,66755
149.5,45.5,4557
150.5,-14.5,11488
150.5,-13.5,1248045
150.5,-12.5,824543
150.5,-11.5,337410
150.5,-10.5,186399
150.5,-9.5,79024
150.5,-8.5,220842
150.5,-7.5,166997
150.5,-6.5,150249
150.5,-5.5,31668
150.5,-4.5,407291
150.5,-3.5,22854
150.5,-2.5,15678
150.5,-1.5,502697
150.5,-0.5,225882
150.5,0.5,75607
150.5,1.5,55263
150.5,2.5,3737234
150.5,3.5,620968
150.5,4.5,593649
150.5,5.5,424987
150.5,6.5,373346
150.5,7.5,306696
150.5,8.5,1724
150.5,9.5,264664
150.5,10.5,207628
150.5,11.5,35816
150.5,12.5,124783
150.5,13.5,213277
150.5,14.5,381078
150.5,15.5,620453
150.5,16.5,1241384
150.5,17.5,928825
150.5,18.5,581662
150.5,19.5,895924
150.5,20.5,927957
150.5,21.5,878924
150.5,22.5,1300191
150.5,23.5,1634368
150.5,24.5,745036
150.5,25.5,503570
150.5,26.5,604363
150.5,27.5,771876
150.5,28.5,533977
150.5,29.5,270840
150.5,30.5,149625
150.5,31.5,176518
150.5,32.5,111301
150.5,33.5,523684
150.5,34.5,661096
150.5,35.5,1490184
150.5,36.5,628067
150.5,37.5,1060955
150.5,38.5,514579
150.5,39.5,1322195
150.5,40.5,7059688
150.5,41.5,2156165
150.5,42.5,131732
150.5,44.5,81212
150.5,45.5,599625
150.5,55.5,6390
151.5,-14.5,162728
151.5,-13.5,1153168
151.5,-12.5,676521
151.5,-11.5,455343
151.5,-10.5,42373
151.5,-9.5,297958
151.5,-8.5,117826
151.5,-7.5,248351
151.5,-6.5,205889
151.5,-5.5,24332
151.5,-4.5,316107
151.5,-3.5,116195
151.5,-2.5,116208
151.5,-1.5,759926
151.5,-0.5,92852
151.5,0.5,41049
151.5,1.5,96235
151.5,2.5,455469
151.5,3.5,389713
151.5,4.5,587828
151.5,5.5,310288
151.5,6.5,123259
151.5,7.5,3238
151.5,9.5,255579
151.5,10.5,480753
151.5,11.5,7912
151.5,12.5,90075
151.5,13.5,217440
151.5,14.5,499766
151.5,15.5,803401
151.5,16.5,993819
151.5,17.5,534612
151.5,18.5,332594
151.5,19.5,652261
151.5,20.5,394708
151.5,21.5,560751
151.5,22.5,1067895
151.5,23.5,2073866
151.5,24.5,840234
151.5,25.5,106919
151.5,26.5,166480
151.5,27.5,679417
151.5,28.5,559793
151.5,29.5,384018
151.5,30.5,92712
151.5,31.5,188111
151.5,32.5,301023
151.5,33.5,543319
151.5,34.5,749907
151.5,35.5,836120
151.5,36.5,290428
151.5,37.5,810872
151.5,38.5,354578
151.5,39.5,693247
151.5,40.5,1226186
151.5,41.5,4174086
151.5,42.5,2665958
151.5,45.5,459893
151.5,46.5,68026
152.5,-42.5,1203
152.5,-41.5,2860
152.5,-14.5,548403
152.5,-13.5,1003095
152.5,-12.5,495456
152.5,-11.5,121240
152.5,-10.5,151462
152.5,-9.5,194255
152.5,-8.5,480163
152.5,-7.5,345130
152.5,-6.5,612328
152.5,-5.5,207588
152.5,-4.5,2783
152.5,-2.5,362177
152.5,-1.5,1390310
152.5,-0.5,90844
152.5,0.5,14538
152.5,1.5,132279
152.5,2.5,385631
152.5,3.5,1076546
152.5,4.5,875335
152.5,5.5,171710
152.5,6.5,48704
152.5,7.5,24785
152.5,8.5,8004
152.5,9.5,267117
152.5,10.5,296305
152.5,11.5,168908
152.5,12.5,291754
152.5,13.5,539887
152.5,14.5,623697
152.5,15.5,1093376
152.5,16.5,1389634
152.5,17.5,1320596
152.5,18.5,497572
152.5,19.5,621344
152.5,20.5,364542
152.5,21.5,542117
152.5,22.5,1015475
152.5,23.5,799469
152.5,24.5,389474
152.5,25.5,90024
152.5,26.5,34148
152.5,27.5,339877
152.5,28.5,620634
152.5,29.5,354072
152.5,30.5,91546
152.5,31.5,96355
152.5,32.5,215285
152.5,33.5,257406
152.5,34.5,360553
152.5,35.5,1518265
152.5,36.5,592447
152.5,37.5,1057453
152.5,38.5,294674
152.5,39.5,655919
152.5,40.5,1172247
152.5,41.5,3716592
152.5,42.5,703442
152.5,45.5,641947
152.5,46.5,158615
153.5,-43.5,4998
153.5,-42.5,11676
153.5,-41.5,311247
153.5,-40.5,361581
153.5,-39.5,51518
153.5,-14.5,547144
153.5,-13.5,1066762
153.5,-12.5,410041
153.5,-11.5,201195
153.5,-10.5,242150
153.5,-9.5,104581
153.5,-8.5,793422
153.5,-7.5,434382
153.5,-6.5,312078
153.5,-5.5,385248
153.5,-4.5,577
153.5,-3.5,1758
153.5,-2.5,214530
153.5,-1.5,630969
153.5,-0.5,25675
153.5,0.5,154480
153.5,1.5,346904
153.5,2.5,769267
153.5,3.5,1462030
153.5,4.5,539370
153.5,5.5,13172
153.5,6.5,130336
153.5,7.5,79458
153.5,8.5,197659
153.5,9.5,545824
153.5,10.5,206861
153.5,11.5,39573
153.5,12.5,551728
153.5,13.5,433448
153.5,14.5,484561
153.5,15.5,525158
153.5,16.5,1309009
153.5,17.5,1164061
153.5,18.5,294967
153.5,19.5,315565
153.5,20.5,679948
153.5,21.5,557408
153.5,22.5,919997
153.5,23.5,668182
153.5,24.5,427323
153.5,25.5,136928
153.5,26.5,73242
153.5,27.5,190121
153.5,28.5,436825
153.5,29.5,485060
153.5,30.5,204337
153.5,31.5,217388
153.5,32.5,29101
153.5,33.5,114841
153.5,34.5,381365
153.5,35.5,1570804
153.5,36.5,891859
153.5,37.5,941671
153.5,38.5,429328
153.5,39.5,345194
153.5,40.5,992464
153.5,41.5,1676643
153.5,42.5,1180544
153.5,43.5,181242
153.5,45.5,105085
153.5,46.5,231521
154.5,-43.5,107046
154.5,-42.5,50982
154.5,-41.5,539306
154.5,-40.5,580711
154.5,-39.5,512763
154.5,-38.5,5988
154.5,-37.5,520
154.5,-14.5,209924
154.5,-13.5,707938
154.5,-12.5,424623
154.5,-11.5,226582
154.5,-10.5,198673
154.5,-9.5,124932
154.5,-8.5,257405
154.5,-7.5,122045
154.5,-6.5,376589
154.5,-5.5,57119
154.5,-4.5,2303
154.5,-3.5,2125
154.5,-2.5,386207
154.5,-1.5,225890
154.5,-0.5,50242
154.5,0.5,47803
154.5,1.5,181660
154.5,2.5,893035
154.5,3.5,286717
154.5,4.5,333105
154.5,5.5,430244
154.5,6.5,618225
154.5,7.5,94741
154.5,8.5,137484
154.5,9.5,213196
154.5,10.5,152526
154.5,11.5,179144
154.5,12.5,428036
154.5,13.5,372177
154.5,14.5,394190
154.5,15.5,377577
154.5,16.5,690010
154.5,17.5,861412
154.5,18.5,477145
154.5,19.5,595900
154.5,20.5,780563
154.5,21.5,731511
154.5,22.5,1052974
154.5,23.5,655878
154.5,24.5,104333
154.5,25.5,156166
154.5,26.5,10378
154.5,27.5,214522
154.5,28.5,393046
154.5,29.5,420192
154.5,30.5,203624
154.5,31.5,211154
154.5,32.5,39353
154.5,33.5,108391
154.5,34.5,1021493
154.5,35.5,1065016
154.5,36.5,1197102
154.5,37.5,699078
154.5,38.5,339753
154.5,39.5,145852
154.5,40.5,206925
154.5,41.5,873744
154.5,42.5,806959
154.5,43.5,426501
154.5,44.5,70222
154.5,45.5,198485
154.5,46.5,28573
155.5,-43.5,727811
155.5,-42.5,918342
155.5,-41.5,321562
155.5,-40.5,428441
155.5,-39.5,569338
155.5,-38.5,44059
155.5,-37.5,79816
155.5,-36.5,95313
155.5,-35.5,58393
155.5,-14.5,42201
155.5,-13.5,1129134
155.5,-12.5,718470
155.5,-11.5,231590
155.5,-10.5,67280
155.5,-9.5,111910
155.5,-8.5,499905
155.5,-7.5,339576
155.5,-6.5,2135
155.5,-5.5,112158
155.5,-4.5,110203
155.5,-3.5,285437
155.5,-2.5,481281
155.5,-1.5,33354
155.5,-0.5,284984
155.5,0.5,221973
155.5,1.5,508220
155.5,2.5,876035
155.5,3.5,236726
155.5,4.5,625105
155.5,5.5,1014319
155.5,6.5,792635
155.5,7.5,9877
155.5,8.5,244380
155.5,9.5,383314
155.5,10.5,132584
155.5,11.5,199211
155.5,12.5,434900
155.5,13.5,278181
155.5,14.5,636397
155.5,15.5,447095
155.5,16.5,608918
155.5,17.5,608619
155.5,18.5,558091
155.5,19.5,324963
155.5,20.5,545814
155.5,21.5,540961
155.5,22.5,721300
155.5,23.5,555079
155.5,24.5,38533
155.5,25.5,19251
155.5,26.5,3590
155.5,27.5,277113
155.5,28.5,383025
155.5,29.5,263779
155.5,30.5,77204
155.5,31.5,62275
155.5,32.5,56668
155.5,33.5,151949
155.5,34.5,1037351
155.5,35.5,971852
155.5,36.5,989880
155.5,37.5,562370
155.5,38.5,832175
155.5,39.5,571769
155.5,40.5,761738
155.5,41.5,1345437
155.5,42.5,1104661
155.5,43.5,988460
155.5,44.5,2599
156.5,-43.5,360704
156.5,-42.5,1068443
156.5,-41.5,462257
156.5,-40.5,727030
156.5,-39.5,470184
156.5,-38.5,835434
156.5,-37.5,599152
156.5,-36.5,586754
156.5,-35.5,415917
156.5,-34.5,5231
156.5,-14.5,2020
156.5,-13.5,794460
156.5,-12.5,435277
156.5,-11.5,106493
156.5,-10.5,589123
156.5,-9.5,966529
156.5,-8.5,440985
156.5,-6.5,86841
156.5,-5.5,576003
156.5,-4.5,527692
156.5,-3.5,316111
156.5,-2.5,256915
156.5,-1.5,24872
156.5,-0.5,105943
156.5,0.5,454357
156.5,1.5,534664
156.5,2.5,507592
156.5,3.5,581111
156.5,4.5,960808
156.5,5.5,527781
156.5,6.5,377858
156.5,7.5,248200
156.5,8.5,266250
156.5,9.5,257696
156.5,10.5,445686
156.5,11.5,1017970
156.5,12.5,614927
156.5,13.5,556405
156.5,14.5,807240
156.5,15.5,379610
156.5,16.5,525911
156.5,17.5,382383
156.5,18.5,479994
156.5,19.5,240051
156.5,20.5,259477
156.5,21.5,277030
156.5,22.5,117524
156.5,23.5,291671
156.5,24.5,38800
156.5,26.5,127972
156.5,27.5,394206
156.5,28.5,371260
156.5,29.5,142731
156.5,30.5,106574
156.5,31.5,175508
156.5,32.5,106705
156.5,33.5,129424
156.5,34.5,242906
156.5,35.5,922906
156.5,36.5,1124733
156.5,37.5,638853
156.5,38.5,1240837
156.5,39.5,395344
156.5,40.5,503580
156.5,41.5,678719
156.5,42.5,2931417
156.5,43.5,4820471
156.5,44.5,255856
156.5,45.5,25197
157.5,-43.5,12150
157.5,-42.5,912652
157.5,-41.5,564409
157.5,-40.5,853957
157.5,-39.5,453319
157.5,-38.5,998296
157.5,-37.5,1048987
157.5,-36.5,895171
157.5,-35.5,186965
157.5,-34.5,9274
157.5,-26.5,2801
157.5,-25.5,2128
157.5,-14.5,726454
157.5,-13.5,1082371
157.5,-12.5,1441627
157.5,-11.5,1281560
157.5,-10.5,721749
157.5,-9.5,1380547
157.5,-8.5,35416
157.5,-7.5,26584
157.5,-6.5,1624847
157.5,-5.5,1394485
157.5,-4.5,494176
157.5,-3.5,403330
157.5,-2.5,115565
157.5,-1.5,108821
157.5,-0.5,195953
157.5,0.5,177653
157.5,1.5,201161
157.5,2.5,356129
157.5,3.5,518781
157.5,4.5,443390
157.5,5.5,59525
157.5,6.5,35295
157.5,7.5,72141
157.5,8.5,174947
157.5,9.5,57244
157.5,10.5,1681948
157.5,11.5,3100868
157.5,12.5,1241771
157.5,13.5,1269246
157.5,14.5,1465518
157.5,15.5,584057
157.5,16.5,718575
157.5,17.5,582306
157.5,18.5,532394
157.5,19.5,161552
157.5,20.5,179068
157.5,21.5,169970
157.5,22.5,179223
157.5,23.5,157954
157.5,24.5,65106
157.5,25.5,206073
157.5,26.5,207743
157.5,27.5,227945
157.5,28.5,318799
157.5,29.5,278983
157.5,30.5,208190
157.5,31.5,110454
157.5,32.5,189825
157.5,33.5,156748
157.5,34.5,242146
157.5,35.5,567214
157.5,36.5,789715
157.5,37.5,776110
157.5,38.5,551220
157.5,39.5,202331
157.5,40.5,338371
157.5,41.5,469466
157.5,42.5,6526425
157.5,43.5,2362014
157.5,44.5,195339
157.5,45.5,197544
157.5,46.5,353578
158.5,-42.5,275614
158.5,-41.5,173824
158.5,-40.5,241760
158.5,-39.5,107084
158.5,-38.5,384087
158.5,-37.5,560575
158.5,-36.5,265892
158.5,-35.5,20128
158.5,-26.5,539
158.5,-25.5,404641
158.5,-15.5,933663
158.5,-14.5,1661878
158.5,-13.5,1438967
158.5,-12.5,1825161
158.5,-11.5,1600857
158.5,-10.5,2203607
158.5,-9.5,1103882
158.5,-8.5,5162
158.5,-7.5,942239
158.5,-6.5,3912721
158.5,-5.5,2837821
158.5,-4.5,295134
158.5,-3.5,197427
158.5,-2.5,221315
158.5,-1.5,81684
158.5,-0.5,2355603
158.5,0.5,1672099
158.5,1.5,1965966
158.5,2.5,1041822
158.5,3.5,207118
158.5,4.5,309980
158.5,5.5,231219
158.5,6.5,53852
158.5,7.5,139407
158.5,8.5,271295
158.5,9.5,18379
158.5,10.5,276
158.5,11.5,170190
158.5,12.5,2566780
158.5,13.5,2550980
158.5,14.5,1574547
158.5,15.5,890174
158.5,16.5,821986
158.5,17.5,481895
158.5,18.5,320416
158.5,19.5,198860
158.5,20.5,194343
158.5,21.5,303706
158.5,22.5,235707
158.5,23.5,168445
158.5,24.5,179417
158.5,25.5,84254
158.5,26.5,189738
158.5,27.5,229604
158.5,28.5,298273
158.5,29.5,425449
158.5,30.5,244938
158.5,31.5,87821
158.5,32.5,362938
158.5,33.5,520118
158.5,34.5,285557
158.5,35.5,315213
158.5,36.5,983807
158.5,37.5,842718
158.5,38.5,397224
158.5,39.5,1105431
158.5,40.5,261341
158.5,41.5,1751279
158.5,42.5,5721499
158.5,43.5,5062041
158.5,44.5,234373
158.5,45.5,25555
158.5,46.5,1263363
158.5,51.5,14078
158.5,52.5,94460
159.5,-42.5,2801
159.5,-41.5,27101
159.5,-40.5,41739
159.5,-39.5,6947
159.5,-38.5,51526
159.5,-37.5,374316
159.5,-36.5,319449
159.5,-35.5,105500
159.5,-26.5,4243
159.5,-25.5,391306
159.5,-20.5,837
159.5,-16.5,5724
159.5,-15.5,1023542
159.5,-14.5,1049833
159.5,-13.5,1245718
159.5,-12.5,1138677
159.5,-11.5,506213
159.5,-10.5,1562459
159.5,-9.5,232266
159.5,-8.5,10660
159.5,-7.5,3539199
159.5,-6.5,3553499
159.5,-5.5,446246
159.5,-4.5,27806
159.5,-3.5,43965
159.5,-2.5,82635
159.5,-1.5,9732
159.5,-0.5,2597738
159.5,0.5,3068511
159.5,1.5,3859926
159.5,2.5,1774154
159.5,3.5,215617
159.5,4.5,249217
159.5,5.5,167682
159.5,6.5,21597
159.5,7.5,155967
159.5,8.5,159024
159.5,9.5,77326
159.5,12.5,1816
159.5,13.5,1205805
159.5,14.5,1869662
159.5,15.5,588438
159.5,16.5,602536
159.5,17.5,196799
159.5,18.5,154172
159.5,19.5,134755
159.5,20.5,240402
159.5,21.5,243967
159.5,22.5,378345
159.5,23.5,104358
159.5,24.5,127395
159.5,25.5,78331
159.5,26.5,96591
159.5,27.5,194658
159.5,28.5,346438
159.5,29.5,370607
159.5,30.5,341139
159.5,31.5,39841
159.5,32.5,133310
159.5,33.5,453056
159.5,34.5,281324
159.5,35.5,834692
159.5,36.5,1146457
159.5,37.5,370023
159.5,38.5,460764
159.5,39.5,398691
159.5,40.5,130324
159.5,41.5,620404
159.5,42.5,3003805
159.5,43.5,8361698
159.5,44.5,236857
159.5,45.5,18047
159.5,46.5,3862
159.5,47.5,362867
159.5,48.5,4836
159.5,53.5,74570
160.5,-44.5,7727
160.5,-38.5,10719
160.5,-37.5,46871
160.5,-36.5,185069
160.5,-35.5,234435
160.5,-26.5,147764
160.5,-25.5,181618
160.5,-24.5,1830
160.5,-16.5,8098
160.5,-15.5,479582
160.5,-14.5,565708
160.5,-13.5,805189
160.5,-12.5,32898
160.5,-11.5,219388
160.5,-10.5,336964
160.5,-9.5,37037
160.5,-8.5,17582
160.5,-7.5,3755311
160.5,-6.5,4483676
160.5,-5.5,2377894
160.5,-4.5,182885
160.5,-3.5,50050
160.5,-2.5,20069
160.5,-1.5,236334
160.5,-0.5,1936820
160.5,0.5,1870629
160.5,1.5,1826521
160.5,2.5,656381
160.5,3.5,232669
160.5,4.5,279900
160.5,5.5,16148
160.5,6.5,31404
160.5,7.5,332268
160.5,8.5,33758
160.5,9.5,76244
160.5,13.5,506
160.5,14.5,354461
160.5,15.5,562113
160.5,16.5,470752
160.5,17.5,213509
160.5,18.5,323998
160.5,19.5,388891
160.5,20.5,224588
160.5,21.5,259531
160.5,22.5,243691
160.5,23.5,85490
160.5,24.5,81298
160.5,25.5,23293
160.5,26.5,129020
160.5,27.5,261593
160.5,28.5,618873
160.5,29.5,497581
160.5,30.5,279115
160.5,31.5,49170
160.5,32.5,77052
160.5,33.5,160731
160.5,34.5,258076
160.5,35.5,830693
160.5,36.5,885953
160.5,37.5,770077
160.5,38.5,180825
160.5,39.5,378540
160.5,40.5,422481
160.5,41.5,2862824
160.5,42.5,1651911
160.5,43.5,1594602
160.5,44.5,564206
160.5,45.5,180050
160.5,46.5,213508
160.5,47.5,1107381
160.5,48.5,771658
161.5,-37.5,27881
161.5,-36.5,204930
161.5,-35.5,238625
161.5,-34.5,12614
161.5,-26.5,523839
161.5,-25.5,57539
161.5,-24.5,4111
161.5,-15.5,192974
161.5,-14.5,735463
161.5,-13.5,1508116
161.5,-12.5,1366997
161.5,-11.5,1255890
161.5,-10.5,59292
161.5,-9.5,236824
161.5,-8.5,3255654
161.5,-7.5,2915343
161.5,-6.5,1520416
161.5,-5.5,1764791
161.5,-4.5,355805
161.5,-3.5,27428
161.5,-2.5,151981
161.5,-1.5,1625232
161.5,-0.5,2290982
161.5,0.5,2389502
161.5,1.5,912906
161.5,2.5,33449
161.5,3.5,158478
161.5,4.5,227097
161.5,5.5,195045
161.5,6.5,91343
161.5,7.5,199309
161.5,8.5,26947
161.5,9.5,46826
161.5,14.5,16063
161.5,15.5,532226
161.5,16.5,459141
161.5,17.5,355096
161.5,18.5,408610
161.5,19.5,312846
161.5,20.5,259167
161.5,21.5,436089
161.5,22.5,270782
161.5,23.5,71221
161.5,24.5,121480
161.5,25.5,77617
161.5,26.5,257449
161.5,27.5,529671
161.5,28.5,925317
161.5,29.5,519475
161.5,30.5,240407
161.5,31.5,293811
161.5,32.5,174002
161.5,33.5,118185
161.5,34.5,305156
161.5,35.5,355136
161.5,36.5,1309360
161.5,37.5,524387
161.5,38.5,485468
161.5,39.5,327591
161.5,40.5,608499
161.5,41.5,750453
161.5,42.5,416147
161.5,43.5,213527
161.5,44.5,1008696
161.5,45.5,454495
161.5,46.5,344210
161.5,47.5,261300
161.5,48.5,418294
162.5,-38.5,1218
162.5,-37.5,45297
162.5,-36.5,201702
162.5,-35.5,569893
162.5,-34.5,414782
162.5,-33.5,53719
162.5,-28.5,91461
162.5,-27.5,344108
162.5,-26.5,927096
162.5,-25.5,25107
162.5,-24.5,39899
162.5,-15.5,6272
162.5,-14.5,293711
162.5,-13.5,1073271
162.5,-12.5,1153431
162.5,-11.5,1108190
162.5,-10.5,448479
162.5,-9.5,1951161
162.5,-8.5,2241083
162.5,-7.5,1056112
162.5,-6.5,1253039
162.5,-5.5,980714
162.5,-4.5,669480
162.5,-3.5,1127066
162.5,-2.5,4137968
162.5,-1.5,3420708
162.5,-0.5,2967524
162.5,0.5,2367556
162.5,1.5,780553
162.5,2.5,109228
162.5,3.5,275359
162.5,4.5,268826
162.5,5.5,74613
162.5,6.5,210955
162.5,7.5,211184
162.5,8.5,60054
162.5,9.5,69094
162.5,10.5,16839
162.5,14.5,14442
162.5,15.5,675333
162.5,16.5,298014
162.5,17.5,533137
162.5,18.5,483866
162.5,19.5,103152
162.5,20.5,145612
162.5,21.5,400006
162.5,22.5,322658
162.5,23.5,162389
162.5,24.5,150269
162.5,25.5,110192
162.5,26.5,250411
162.5,27.5,519431
162.5,28.5,877805
162.5,29.5,548724
162.5,30.5,380427
162.5,31.5,256636
162.5,32.5,161289
162.5,33.5,109486
162.5,34.5,158613
162.5,35.5,677198
162.5,36.5,402614
162.5,37.5,201436
162.5,38.5,227679
162.5,39.5,101343
162.5,40.5,392666
162.5,41.5,1275705
162.5,42.5,1035837
162.5,43.5,49279
162.5,44.5,84071
162.5,45.5,449456
162.5,46.5,659312
162.5,47.5,58784
162.5,48.5,885880
163.5,-38.5,664
163.5,-37.5,123269
163.5,-36.5,170491
163.5,-35.5,350094
163.5,-34.5,405899
163.5,-33.5,333323
163.5,-32.5,222205
163.5,-31.5,301613
163.5,-30.5,429575
163.5,-29.5,413721
163.5,-28.5,689460
163.5,-27.5,847998
163.5,-26.5,292139
163.5,-24.5,2697
163.5,-15.5,9141
163.5,-14.5,9857
163.5,-13.5,463581
163.5,-12.5,465942
163.5,-11.5,1023880
163.5,-10.5,837421
163.5,-9.5,1419060
163.5,-8.5,1542987
163.5,-7.5,678493
163.5,-6.5,949674
163.5,-5.5,435421
163.5,-4.5,5583068
163.5,-3.5,8722145
163.5,-2.5,4543570
163.5,-1.5,1576046
163.5,-0.5,804802
163.5,0.5,833512
163.5,1.5,435239
163.5,2.5,35337
163.5,3.5,262967
163.5,4.5,134558
163.5,5.5,52390
163.5,6.5,157427
163.5,7.5,73732
163.5,8.5,139901
163.5,9.5,187289
163.5,10.5,161016
163.5,11.5,5558
163.5,14.5,12370
163.5,15.5,593672
163.5,16.5,240626
163.5,17.5,108846
163.5,18.5,9636
163.5,20.5,8955
163.5,21.5,129586
163.5,22.5,135858
163.5,23.5,129360
163.5,24.5,131214
163.5,25.5,15394
163.5,26.5,15259
163.5,27.5,139803
163.5,28.5,627696
163.5,29.5,286484
163.5,30.5,455418
163.5,31.5,233807
163.5,32.5,149542
163.5,33.5,159207
163.5,34.5,125719
163.5,35.5,610620
163.5,36.5,391821
163.5,37.5,304472
163.5,38.5,295835
163.5,39.5,222488
163.5,40.5,930824
163.5,41.5,913635
163.5,42.5,107110
163.5,43.5,16692
163.5,45.5,326694
163.5,46.5,967719
163.5,47.5,518366
163.5,48.5,266750
163.5,49.5,35345
164.5,-37.5,56920
164.5,-36.5,149881
164.5,-35.5,163516
164.5,-34.5,303397
164.5,-33.5,576986
164.5,-32.5,872884
164.5,-31.5,420839
164.5,-30.5,45861
164.5,-29.5,20483
164.5,-28.5,39976
164.5,-27.5,253346
164.5,-26.5,135534
164.5,-25.5,3045
164.5,-16.5,2122
164.5,-15.5,119825
164.5,-14.5,77973
164.5,-13.5,59528
164.5,-12.5,77504
164.5,-11.5,1208431
164.5,-10.5,530988
164.5,-9.5,1544645
164.5,-8.5,1211985
164.5,-7.5,848401
164.5,-6.5,811126
164.5,-5.5,761227
164.5,-4.5,3974448
164.5,-3.5,3315633
164.5,-2.5,359367
164.5,1.5,611
164.5,2.5,28897
164.5,3.5,83109
164.5,4.5,56878
164.5,5.5,125178
164.5,6.5,10543
164.5,7.5,36194
164.5,8.5,135472
164.5,9.5,10489
164.5,10.5,4219
164.5,13.5,3055
164.5,14.5,15724
164.5,15.5,278262
164.5,16.5,64974
164.5,21.5,247
164.5,22.5,22560
164.5,23.5,57580
164.5,24.5,187478
164.5,25.5,20819
164.5,26.5,84818
164.5,27.5,159055
164.5,28.5,198021
164.5,29.5,311028
164.5,30.5,565356
164.5,31.5,373869
164.5,32.5,204357
164.5,33.5,71292
164.5,34.5,335632
164.5,35.5,381605
164.5,36.5,170030
164.5,37.5,190082
164.5,38.5,288480
164.5,39.5,169251
164.5,40.5,204209
164.5,41.5,297117
164.5,42.5,208628
164.5,43.5,7036
164.5,45.5,65778
164.5,46.5,502847
164.5,47.5,924120
165.5,-37.5,7824
165.5,-36.5,59927
165.5,-35.5,63260
165.5,-34.5,278218
165.5,-33.5,555711
165.5,-32.5,281048
165.5,-31.5,13967
165.5,-26.5,18836
165.5,-22.5,6140
165.5,-16.5,67645
165.5,-15.5,387939
165.5,-14.5,80555
165.5,-13.5,34035
165.5,-12.5,38027
165.5,-11.5,811167
165.5,-10.5,424722
165.5,-9.5,1277551
165.5,-8.5,1552931
165.5,-7.5,880681
165.5,-6.5,742129
165.5,-5.5,2132840
165.5,-4.5,2245582
165.5,-3.5,597022
165.5,2.5,6917
165.5,3.5,15357
165.5,4.5,3493
165.5,6.5,4654
165.5,7.5,21447
165.5,8.5,10453
165.5,9.5,3776
165.5,13.5,2486
165.5,14.5,6575
165.5,15.5,389756
165.5,16.5,2533
165.5,22.5,311
165.5,23.5,33988
165.5,24.5,216934
165.5,25.5,90838
165.5,26.5,51882
165.5,27.5,143004
165.5,28.5,470810
165.5,29.5,753875
165.5,30.5,491189
165.5,31.5,308048
165.5,32.5,173390
165.5,33.5,150427
165.5,34.5,260079
165.5,35.5,399188
165.5,36.5,357440
165.5,37.5,69283
165.5,38.5,45254
165.5,39.5,122119
165.5,40.5,12402
165.5,41.5,62439
165.5,42.5,1220
165.5,47.5,735
166.5,-38.5,10406
166.5,-37.5,59444
166.5,-36.5,58694
166.5,-35.5,248880
166.5,-34.5,810428
166.5,-33.5,400515
166.5,-32.5,81769
166.5,-23.5,647
166.5,-22.5,4451
166.5,-18.5,26522
166.5,-17.5,165324
166.5,-16.5,104506
166.5,-15.5,20544
166.5,-14.5,590
166.5,-12.5,87279
166.5,-11.5,147998
166.5,-10.5,77907
166.5,-9.5,682151
166.5,-8.5,778981
166.5,-7.5,447483
166.5,-6.5,784441
166.5,-5.5,2066390
166.5,-4.5,2080190
166.5,-3.5,162329
166.5,2.5,28529
166.5,3.5,70747
166.5,4.5,17158
166.5,10.5,21950
166.5,13.5,407
166.5,14.5,1079
166.5,15.5,1226
166.5,22.5,4309
166.5,23.5,39101
166.5,24.5,62458
166.5,25.5,79483
166.5,26.5,166125
166.5,27.5,295535
166.5,28.5,662494
166.5,29.5,401420
166.5,30.5,452366
166.5,31.5,227966
166.5,32.5,85788
166.5,33.5,95858
166.5,34.5,318726
166.5,35.5,621984
166.5,36.5,285079
166.5,37.5,108626
166.5,38.5,68729
166.5,39.5,154598
166.5,40.5,23959
166.5,41.5,24671
166.5,42.5,4207
167.5,-37.5,67342
167.5,-36.5,83287
167.5,-35.5,91944
167.5,-34.5,243395
167.5,-33.5,357985
167.5,-32.5,60497
167.5,-19.5,172247
167.5,-18.5,696457
167.5,-17.5,107632
167.5,-16.5,1241
167.5,-12.5,44242
167.5,-11.5,114580
167.5,-10.5,68149
167.5,-9.5,224365
167.5,-8.5,325280
167.5,-7.5,214320
167.5,-6.5,583424
167.5,-5.5,1979379
167.5,-4.5,1202304
167.5,-3.5,93388
167.5,-2.5,789
167.5,2.5,46000
167.5,3.5,18709
167.5,10.5,5436
167.5,11.5,1026
167.5,14.5,4365
167.5,22.5,1406
167.5,23.5,41758
167.5,24.5,15326
167.5,25.5,26136
167.5,26.5,186494
167.5,27.5,197116
167.5,28.5,236178
167.5,29.5,377237
167.5,30.5,453503
167.5,31.5,322545
167.5,32.5,153211
167.5,33.5,101688
167.5,34.5,292462
167.5,35.5,259238
167.5,36.5,143578
167.5,37.5,116787
167.5,38.5,232170
167.5,39.5,186663
167.5,40.5,943962
167.5,41.5,207123
167.5,42.5,5684
168.5,-40.5,473124
168.5,-37.5,53984
168.5,-36.5,92460
168.5,-35.5,8167
168.5,-32.5,4012
168.5,-20.5,409114
168.5,-19.5,642645
168.5,-18.5,273649
168.5,-17.5,224
168.5,-16.5,1878
168.5,-15.5,58357
168.5,-14.5,156191
168.5,-13.5,577621
168.5,-12.5,335796
168.5,-11.5,116375
168.5,-10.5,98824
168.5,-9.5,190499
168.5,-8.5,161109
168.5,-7.5,77966
168.5,-6.5,715574
168.5,-5.5,1864773
168.5,-4.5,1310625
168.5,-3.5,14463
168.5,-2.5,7567
168.5,10.5,6422
168.5,11.5,644
168.5,12.5,9994
168.5,13.5,1970
168.5,14.5,3299
168.5,22.5,21915
168.5,23.5,93888
168.5,24.5,17640
168.5,25.5,42844
168.5,26.5,101595
168.5,27.5,308331
168.5,28.5,183317
168.5,29.5,392355
168.5,30.5,314170
168.5,31.5,388192
168.5,32.5,86052
168.5,33.5,119687
168.5,34.5,26148
168.5,35.5,11632
168.5,36.5,210534
168.5,37.5,238999
168.5,38.5,96810
168.5,39.5,52847
168.5,40.5,554186
168.5,41.5,248131
168.5,42.5,83735
169.5,-43.5,49431
169.5,-42.5,4496
169.5,-40.5,164875
169.5,-37.5,61308
169.5,-36.5,788
169.5,-35.5,1728
169.5,-26.5,360
169.5,-22.5,830
169.5,-21.5,491867
169.5,-20.5,839184
169.5,-19.5,3545
169.5,-18.5,106189
169.5,-17.5,421707
169.5,-16.5,341064
169.5,-15.5,294617
169.5,-14.5,406916
169.5,-13.5,930970
169.5,-12.5,816773
169.5,-11.5,101356
169.5,-10.5,253621
169.5,-9.5,221458
169.5,-8.5,228058
169.5,-7.5,671187
169.5,-6.5,1555434
169.5,-5.5,1527010
169.5,-4.5,1088791
169.5,-2.5,1886
169.5,4.5,9690
169.5,7.5,6525
169.5,13.5,4115
169.5,21.5,12277
169.5,22.5,102517
169.5,23.5,69237
169.5,24.5,17683
169.5,25.5,9383
169.5,26.5,44190
169.5,27.5,61996
169.5,28.5,233496
169.5,29.5,332544
169.5,30.5,175467
169.5,31.5,274274
169.5,32.5,86909
169.5,33.5,98948
169.5,34.5,52555
169.5,35.5,5779
169.5,36.5,72703
169.5,37.5,225496
169.5,38.5,126062
169.5,39.5,66533
169.5,40.5,112670
169.5,41.5,198938
169.5,42.5,75666
170.5,-42.5,1110840
170.5,-30.5,4768
170.5,-26.5,252803
170.5,-25.5,50888
170.5,-21.5,423213
170.5,-20.5,1208557
170.5,-19.5,390464
170.5,-18.5,753053
170.5,-17.5,641931
170.5,-16.5,188169
170.5,-15.5,537833
170.5,-14.5,488851
170.5,-13.5,414145
170.5,-12.5,272823
170.5,-11.5,85178
170.5,-10.5,163059
170.5,-9.5,185402
170.5,-8.5,673170
170.5,-7.5,1565283
170.5,-6.5,1251725
170.5,-5.5,1173005
170.5,-4.5,1382922
170.5,-3.5,26580
170.5,-2.5,59721
170.5,-1.5,3416
170.5,-0.5,8827
170.5,0.5,3073
170.5,2.5,2545
170.5,3.5,7554
170.5,11.5,9031
170.5,12.5,23378
170.5,18.5,5946
170.5,19.5,46394
170.5,20.5,32418
170.5,21.5,182405
170.5,22.5,81253
170.5,23.5,28723
170.5,25.5,23677
170.5,26.5,26031
170.5,27.5,61587
170.5,28.5,137774
170.5,29.5,171168
170.5,30.5,249340
170.5,31.5,307933
170.5,32.5,137702
170.5,33.5,30520
170.5,34.5,26511
170.5,35.5,118780
170.5,36.5,40196
170.5,37.5,56718
170.5,38.5,1679
170.5,39.5,28082
170.5,40.5,37196
170.5,41.5,40994
170.5,42.5,3538
170.5,87.5,1090
171.5,-33.5,2224
171.5,-30.5,486143
171.5,-29.5,101167
171.5,-28.5,33659
171.5,-27.5,206238
171.5,-26.5,606581
171.5,-25.5,83282
171.5,-24.5,4718
171.5,-20.5,1003480
171.5,-19.5,1106837
171.5,-18.5,331047
171.5,-17.5,309400
171.5,-16.5,324822
171.5,-15.5,545351
171.5,-14.5,498051
171.5,-13.5,387694
171.5,-12.5,192303
171.5,-11.5,78237
171.5,-10.5,69861
171.5,-9.5,96615
171.5,-8.5,910275
171.5,-7.5,1666534
171.5,-6.5,1123081
171.5,-5.5,1192636
171.5,-4.5,2366297
171.5,-3.5,1114320
171.5,-2.5,17554
171.5,-1.5,8287
171.5,-0.5,34510
171.5,0.5,45227
171.5,1.5,32056
171.5,2.5,82453
171.5,3.5,55433
171.5,7.5,8735
171.5,10.5,9265
171.5,11.5,7561
171.5,12.5,5872
171.5,15.5,599
171.5,17.5,9289
171.5,18.5,6423
171.5,19.5,23357
171.5,20.5,30819
171.5,21.5,109424
171.5,22.5,84131
171.5,23.5,15650
171.5,25.5,7116
171.5,26.5,27712
171.5,27.5,40161
171.5,28.5,63467
171.5,29.5,120714
171.5,30.5,329206
171.5,31.5,297943
171.5,32.5,281592
171.5,33.5,34863
171.5,34.5,178449
171.5,35.5,599934
171.5,36.5,26304
171.5,37.5,118470
171.5,38.5,58645
171.5,39.5,90174
171.5,40.5,224594
171.5,41.5,83556
172.5,-30.5,794364
172.5,-29.5,1042522
172.5,-28.5,562100
172.5,-27.5,600271
172.5,-26.5,527175
172.5,-25.5,146693
172.5,-20.5,156750
172.5,-19.5,501262
172.5,-18.5,215998
172.5,-17.5,247671
172.5,-16.5,2359685
172.5,-15.5,3876777
172.5,-14.5,1663819
172.5,-13.5,320946
172.5,-12.5,4844
172.5,-11.5,1939
172.5,-10.5,2207
172.5,-9.5,1000535
172.5,-8.5,1573203
172.5,-7.5,1300458
172.5,-6.5,1168339
172.5,-5.5,1156119
172.5,-4.5,1318399
172.5,-3.5,680747
172.5,-2.5,34435
172.5,-1.5,31112
172.5,-0.5,29010
172.5,0.5,58309
172.5,1.5,143419
172.5,2.5,69805
172.5,3.5,35320
172.5,6.5,1569
172.5,7.5,427
172.5,10.5,31130
172.5,11.5,84066
172.5,12.5,18318
172.5,13.5,641
172.5,14.5,133201
172.5,15.5,237886
172.5,16.5,109155
172.5,17.5,40150
172.5,18.5,1501
172.5,19.5,75045
172.5,20.5,43275
172.5,21.5,80076
172.5,22.5,76990
172.5,23.5,3551
172.5,24.5,2253
172.5,25.5,14530
172.5,26.5,4092
172.5,27.5,48040
172.5,28.5,97667
172.5,29.5,126602
172.5,30.5,172655
172.5,31.5,411813
172.5,32.5,2169136
172.5,33.5,102914
172.5,34.5,78793
172.5,35.5,78278
172.5,36.5,52404
172.5,37.5,150081
172.5,38.5,88782
172.5,39.5,79534
172.5,40.5,124923
172.5,41.5,45352
173.5,-41.5,24607
173.5,-40.5,21310
173.5,-30.5,206679
173.5,-29.5,572172
173.5,-28.5,666674
173.5,-27.5,377009
173.5,-26.5,278861
173.5,-25.5,153832
173.5,-24.5,1659
173.5,-21.5,144097
173.5,-20.5,264960
173.5,-19.5,90240
173.5,-18.5,121317
173.5,-17.5,637054
173.5,-16.5,1549438
173.5,-15.5,3413118
173.5,-14.5,3616677
173.5,-13.5,2730951
173.5,-12.5,17676
173.5,-11.5,538663
173.5,-10.5,4259857
173.5,-9.5,2591852
173.5,-8.5,1070482
173.5,-7.5,740000
173.5,-6.5,481606
173.5,-5.5,660002
173.5,-4.5,659242
173.5,-3.5,26999
173.5,-2.5,79025
173.5,-1.5,57935
173.5,-0.5,117521
173.5,0.5,4125
173.5,1.5,8734
173.5,2.5,2911
173.5,4.5,6384
173.5,6.5,12115
173.5,7.5,662
173.5,9.5,728
173.5,10.5,2893
173.5,11.5,17975
173.5,12.5,559117
173.5,13.5,301179
173.5,14.5,691592
173.5,15.5,416220
173.5,16.5,47836
173.5,17.5,33574
173.5,18.5,63689
173.5,19.5,44458
173.5,20.5,39593
173.5,21.5,113265
173.5,22.5,46072
173.5,23.5,9953
173.5,26.5,1050
173.5,27.5,9563
173.5,28.5,46580
173.5,29.5,128150
173.5,30.5,158111
173.5,31.5,666813
173.5,32.5,1371525
173.5,33.5,264217
173.5,34.5,389766
173.5,35.5,130172
173.5,36.5,191137
173.5,37.5,472614
173.5,38.5,25264
173.5,39.5,41918
173.5,40.5,150936
173.5,41.5,17253
174.5,-41.5,27088
174.5,-40.5,3974
174.5,-36.5,7109
174.5,-35.5,229
174.5,-31.5,14351
174.5,-30.5,451768
174.5,-29.5,564208
174.5,-28.5,664378
174.5,-27.5,200989
174.5,-26.5,379565
174.5,-25.5,191985
174.5,-24.5,85474
174.5,-23.5,12946
174.5,-22.5,75369
174.5,-21.5,246367
174.5,-20.5,258256
174.5,-19.5,307416
174.5,-18.5,1048348
174.5,-17.5,1100433
174.5,-16.5,565002
174.5,-15.5,83053
174.5,-14.5,270960
174.5,-13.5,173167
174.5,-12.5,125466
174.5,-11.5,114998
174.5,-10.5,655451
174.5,-9.5,958969
174.5,-8.5,310864
174.5,-7.5,306569
174.5,-6.5,392146
174.5,-5.5,535518
174.5,-4.5,925210
174.5,-2.5,3418
174.5,-1.5,46204
174.5,-0.5,18873
174.5,0.5,25663
174.5,1.5,4813
174.5,2.5,10683
174.5,3.5,266
174.5,6.5,427
174.5,7.5,6678
174.5,8.5,50498
174.5,9.5,1281429
174.5,10.5,2720028
174.5,11.5,4394501
174.5,12.5,3413608
174.5,13.5,944926
174.5,14.5,317581
174.5,15.5,140421
174.5,16.5,76933
174.5,17.5,48825
174.5,18.5,65248
174.5,19.5,106412
174.5,20.5,132659
174.5,21.5,58693
174.5,22.5,46577
174.5,23.5,50424
174.5,24.5,40806
174.5,25.5,32988
174.5,26.5,965
174.5,27.5,27801
174.5,28.5,27996
174.5,29.5,55341
174.5,30.5,203115
174.5,31.5,215466
174.5,32.5,316119
174.5,33.5,154974
174.5,34.5,348544
174.5,35.5,212509
174.5,36.5,214535
174.5,37.5,303828
174.5,38.5,77072
174.5,39.5,89089
174.5,40.5,121144
174.5,41.5,38229
175.5,-36.5,2693
175.5,-34.5,663
175.5,-31.5,184009
175.5,-30.5,662495
175.5,-29.5,541956
175.5,-28.5,197084
175.5,-27.5,144328
175.5,-26.5,617104
175.5,-25.5,194292
175.5,-24.5,39875
175.5,-23.5,3154
175.5,-22.5,131686
175.5,-21.5,75562
175.5,-20.5,354849
175.5,-19.5,560359
175.5,-18.5,588931
175.5,-17.5,577578
175.5,-16.5,148926
175.5,-15.5,92475
175.5,-14.5,145249
175.5,-13.5,106211
175.5,-12.5,72807
175.5,-11.5,61605
175.5,-10.5,191927
175.5,-9.5,178413
175.5,-8.5,167778
175.5,-7.5,208870
175.5,-6.5,410106
175.5,-5.5,563448
175.5,-4.5,902656
175.5,-3.5,3914
175.5,-0.5,98597
175.5,0.5,22740
175.5,1.5,22136
175.5,5.5,144972
175.5,6.5,305673
175.5,7.5,1114347
175.5,8.5,1085412
175.5,9.5,1923488
175.5,10.5,3225832
175.5,11.5,4395498
175.5,12.5,3413982
175.5,13.5,1091320
175.5,14.5,426890
175.5,15.5,102891
175.5,16.5,62528
175.5,17.5,88150
175.5,18.5,136031
175.5,19.5,44561
175.5,20.5,14480
175.5,22.5,3245
175.5,23.5,19049
175.5,27.5,148712
175.5,28.5,50124
175.5,29.5,136605
175.5,30.5,352340
175.5,31.5,1142332
175.5,32.5,217484
175.5,33.5,362431
175.5,34.5,399381
175.5,35.5,195124
175.5,36.5,238681
175.5,37.5,122454
175.5,38.5,184747
175.5,39.5,276996
175.5,40.5,238528
175.5,41.5,204218
175.5,42.5,51859
175.5,61.5,26182
175.5,87.5,1090
176.5,-40.5,377
176.5,-36.5,113
176.5,-35.5,2367
176.5,-32.5,35062
176.5,-31.5,710720
176.5,-30.5,501080
176.5,-29.5,160935
176.5,-28.5,228465
176.5,-27.5,250977
176.5,-26.5,272922
176.5,-25.5,89139
176.5,-24.5,9241
176.5,-23.5,1159
176.5,-22.5,7483
176.5,-21.5,68790
176.5,-20.5,370900
176.5,-19.5,221329
176.5,-18.5,196617
176.5,-17.5,142024
176.5,-16.5,148231
176.5,-15.5,284569
176.5,-14.5,84873
176.5,-13.5,135324
176.5,-12.5,73689
176.5,-11.5,27304
176.5,-10.5,26961
176.5,-9.5,144542
176.5,-8.5,132731
176.5,-7.5,354862
176.5,-6.5,441838
176.5,-5.5,709496
176.5,-4.5,586989
176.5,-3.5,10538
176.5,-0.5,1493
176.5,1.5,9690
176.5,2.5,120090
176.5,3.5,749543
176.5,4.5,767503
176.5,5.5,940036
176.5,6.5,1089763
176.5,7.5,2430504
176.5,8.5,1310815
176.5,9.5,1216610
176.5,10.5,3001351
176.5,11.5,3284370
176.5,12.5,2448123
176.5,13.5,964661
176.5,14.5,474967
176.5,15.5,90845
176.5,16.5,39709
176.5,17.5,78468
176.5,18.5,63720
176.5,19.5,32394
176.5,20.5,18551
176.5,21.5,55272
176.5,22.5,24782
176.5,23.5,38023
176.5,25.5,1131
176.5,26.5,97367
176.5,27.5,120094
176.5,28.5,101365
176.5,29.5,114068
176.5,30.5,325724
176.5,31.5,361317
176.5,32.5,81188
176.5,33.5,382181
176.5,34.5,228074
176.5,35.5,80799
176.5,36.5,189070
176.5,37.5,188772
176.5,38.5,254569
176.5,39.5,226699
176.5,40.5,199037
176.5,41.5,107339
176.5,42.5,20096
176.5,59.5,2565
176.5,61.5,166065
176.5,62.5,17789
177.5,-42.5,486
177.5,-39.5,22513
177.5,-32.5,2428
177.5,-31.5,7848
177.5,-30.5,49033
177.5,-29.5,251741
177.5,-28.5,509890
177.5,-27.5,696092
177.5,-26.5,407136
177.5,-25.5,199260
177.5,-24.5,60446
177.5,-23.5,2311
177.5,-22.5,48845
177.5,-21.5,133217
177.5,-20.5,137960
177.5,-19.5,11614
177.5,-18.5,32757
177.5,-16.5,11176
177.5,-15.5,123129
177.5,-14.5,128133
177.5,-13.5,106743
177.5,-12.5,12535
177.5,-11.5,12479
177.5,-10.5,328902
177.5,-9.5,343841
177.5,-8.5,155138
177.5,-7.5,315666
177.5,-6.5,264504
177.5,-5.5,651003
177.5,-4.5,510659
177.5,-0.5,726
177.5,1.5,122506
177.5,2.5,1455596
177.5,3.5,1801351
177.5,4.5,905095
177.5,5.5,632142
177.5,6.5,626492
177.5,7.5,1565822
177.5,8.5,1259768
177.5,9.5,1173682
177.5,10.5,2640579
177.5,11.5,4024587
177.5,12.5,2034396
177.5,13.5,960455
177.5,14.5,532323
177.5,15.5,119260
177.5,16.5,74167
177.5,17.5,161091
177.5,18.5,61273
177.5,19.5,116188
177.5,20.5,59907
177.5,22.5,15770
177.5,23.5,87629
177.5,24.5,42671
177.5,25.5,13208
177.5,26.5,71555
177.5,27.5,20516
177.5,28.5,90947
177.5,29.5,89388
177.5,30.5,576476
177.5,31.5,434591
177.5,32.5,112103
177.5,33.5,299660
177.5,34.5,224030
177.5,35.5,45358
177.5,36.5,98407
177.5,37.5,194614
177.5,38.5,245685
177.5,39.5,54830
177.5,40.5,69583
177.5,41.5,62959
177.5,43.5,40108
177.5,61.5,906603
177.5,62.5,996924
178.5,-42.5,1409
178.5,-40.5,2769
178.5,-39.5,49640
178.5,-28.5,59475
178.5,-27.5,449651
178.5,-26.5,874146
178.5,-25.5,449503
178.5,-24.5,150558
178.5,-23.5,14180
178.5,-22.5,70253
178.5,-21.5,97733
178.5,-20.5,63656
178.5,-19.5,5776
178.5,-18.5,490816
178.5,-17.5,42393
178.5,-15.5,84642
178.5,-14.5,214855
178.5,-13.5,162616
178.5,-12.5,70992
178.5,-11.5,158755
178.5,-10.5,750014
178.5,-9.5,997672
178.5,-8.5,24132
178.5,-7.5,266840
178.5,-6.5,418708
178.5,-5.5,636119
178.5,-4.5,933026
178.5,-3.5,191
178.5,-1.5,1565
178.5,-0.5,1740
178.5,1.5,759346
178.5,2.5,1347644
178.5,3.5,966741
178.5,4.5,659330
178.5,5.5,551460
178.5,6.5,284380
178.5,7.5,1254855
178.5,8.5,277623
178.5,9.5,491078
178.5,10.5,2511255
178.5,11.5,4224771
178.5,12.5,1671477
178.5,13.5,722347
178.5,14.5,452880
178.5,15.5,83353
178.5,16.5,104406
178.5,17.5,68495
178.5,18.5,68528
178.5,19.5,138767
178.5,20.5,108317
178.5,21.5,20071
178.5,22.5,31639
178.5,23.5,43716
178.5,24.5,53164
178.5,25.5,11433
178.5,26.5,20634
178.5,30.5,96027
178.5,31.5,404740
178.5,32.5,177168
178.5,33.5,58973
178.5,34.5,257652
178.5,35.5,110342
178.5,36.5,37786
178.5,37.5,68758
178.5,38.5,106746
178.5,39.5,59244
178.5,40.5,134230
178.5,41.5,429270
178.5,42.5,448275
178.5,43.5,76513
178.5,61.5,667692
178.5,62.5,40268
179.5,-26.5,465849
179.5,-25.5,539527
179.5,-24.5,199287
179.5,-23.5,13435
179.5,-22.5,155106
179.5,-21.5,246806
179.5,-20.5,83824
179.5,-19.5,14110
179.5,-18.5,6035
179.5,-17.5,16216
179.5,-15.5,26436
179.5,-14.5,66945
179.5,-12.5,48752
179.5,-11.5,48210
179.5,-10.5,172645
179.5,-9.5,200106
179.5,-8.5,163626
179.5,-7.5,510313
179.5,-6.5,652332
179.5,-5.5,982893
179.5,-4.5,1847696
179.5,-3.5,2000
179.5,-2.5,312
179.5,-1.5,2967
179.5,-0.5,83442
179.5,0.5,342993
179.5,1.5,885154
179.5,2.5,1281680
179.5,3.5,1166221
179.5,4.5,387200
179.5,5.5,347403
179.5,6.5,317446
179.5,7.5,929871
179.5,8.5,294917
179.5,9.5,559608
179.5,10.5,2088522
179.5,11.5,4245846
179.5,12.5,1338094
179.5,13.5,373588
179.5,14.5,429062
179.5,15.5,112279
179.5,16.5,168219
179.5,17.5,187399
179.5,18.5,221416
179.5,19.5,190850
179.5,20.5,26887
179.5,21.5,13656
179.5,22.5,32457
179.5,24.5,29422
179.5,31.5,364387
179.5,32.5,277032
179.5,33.5,55666
179.5,34.5,229389
179.5,35.5,88019
179.5,36.5,107083
179.5,37.5,141658
179.5,38.5,324473
179.5,39.5,174982
179.5,40.5,594266
179.5,41.5,108326
179.5,42.5,84256
179.5,59.5,27048
179.5,60.5,753379
179.5,61.5,2302447
179.5,62.5,30139
179.5,63.5,216243
179.5,64.5,68727
179.5,81.5,14506
179.5,82.5,14506
